date,blh_mean,blh_min,blh_max,blh_night,wind_mean,calm_frac
2015-01-01,180.2,30.0,580.0,80.0,6.62,0.167
2015-01-02,241.5,20.0,690.0,88.2,6.97,0.125
2015-01-03,204.0,20.0,565.0,87.3,5.1,0.625
2015-01-04,404.4,70.0,1135.0,111.8,10.18,0.0
2015-01-05,480.6,160.0,825.0,293.6,18.67,0.0
2015-01-06,505.6,60.0,1420.0,202.3,12.74,0.0
2015-01-07,344.4,10.0,1235.0,28.6,6.85,0.292
2015-01-08,278.5,20.0,1050.0,29.5,6.86,0.125
2015-01-09,200.8,15.0,830.0,33.2,6.4,0.25
2015-01-10,217.3,50.0,630.0,58.6,9.44,0.0
2015-01-11,226.5,40.0,690.0,64.1,8.41,0.0
2015-01-12,139.8,10.0,575.0,27.3,4.69,0.583
2015-01-13,182.5,30.0,550.0,53.6,8.27,0.042
2015-01-14,364.2,30.0,880.0,172.7,12.06,0.0
2015-01-15,213.3,15.0,830.0,46.8,5.62,0.333
2015-01-16,290.8,60.0,1150.0,78.2,7.2,0.125
2015-01-17,246.7,30.0,920.0,51.4,7.85,0.0
2015-01-18,251.2,15.0,940.0,37.3,6.95,0.042
2015-01-19,234.4,10.0,905.0,19.5,5.56,0.375
2015-01-20,291.7,15.0,910.0,63.2,8.49,0.083
2015-01-21,313.5,135.0,660.0,190.0,11.66,0.0
2015-01-22,267.3,75.0,480.0,136.8,9.88,0.0
2015-01-23,302.1,110.0,845.0,155.9,5.95,0.333
2015-01-24,330.2,60.0,1020.0,94.5,8.25,0.0
2015-01-25,377.3,20.0,1200.0,79.1,6.78,0.208
2015-01-26,305.6,35.0,1180.0,71.4,6.44,0.083
2015-01-27,413.5,100.0,1325.0,122.7,10.45,0.0
2015-01-28,403.8,65.0,1150.0,157.7,11.58,0.0
2015-01-29,356.7,60.0,1160.0,76.8,10.16,0.0
2015-01-30,381.2,75.0,1165.0,91.8,11.97,0.0
2015-01-31,308.1,20.0,920.0,106.8,11.84,0.0
2015-02-01,227.1,25.0,830.0,49.1,8.16,0.0
2015-02-02,432.3,100.0,940.0,209.5,14.66,0.0
2015-02-03,486.5,75.0,1230.0,288.6,11.79,0.0
2015-02-04,314.6,35.0,915.0,105.0,10.74,0.0
2015-02-05,335.0,35.0,1005.0,145.0,11.06,0.0
2015-02-06,225.4,20.0,825.0,27.3,5.9,0.333
2015-02-07,194.6,25.0,740.0,35.5,5.84,0.375
2015-02-08,240.6,15.0,980.0,36.8,6.52,0.167
2015-02-09,302.1,55.0,1110.0,80.0,9.67,0.0
2015-02-10,339.6,45.0,1220.0,73.6,10.28,0.0
2015-02-11,314.0,40.0,1195.0,50.5,7.66,0.0
2015-02-12,354.2,40.0,1300.0,50.5,8.47,0.0
2015-02-13,307.5,20.0,1065.0,63.6,10.53,0.0
2015-02-14,220.4,15.0,945.0,20.0,6.3,0.167
2015-02-15,270.6,15.0,1115.0,36.4,4.94,0.5
2015-02-16,443.1,65.0,1105.0,145.9,14.05,0.0
2015-02-17,419.8,35.0,1325.0,170.9,10.8,0.042
2015-02-18,351.7,25.0,1260.0,69.5,7.15,0.083
2015-02-19,345.0,105.0,1175.0,185.5,11.88,0.0
2015-02-20,331.9,55.0,1020.0,147.3,10.63,0.0
2015-02-21,449.2,40.0,1170.0,163.6,11.32,0.0
2015-02-22,445.4,55.0,910.0,286.8,15.86,0.0
2015-02-23,226.9,30.0,765.0,39.1,6.68,0.167
2015-02-24,201.5,15.0,605.0,54.5,7.83,0.0
2015-02-25,354.8,20.0,1105.0,120.9,10.46,0.042
2015-02-26,429.8,50.0,1680.0,100.0,7.52,0.125
2015-02-27,372.5,55.0,1480.0,98.6,9.05,0.0
2015-02-28,349.2,80.0,1230.0,103.6,9.38,0.042
2015-03-01,623.5,75.0,865.0,420.5,20.82,0.0
2015-03-02,485.0,30.0,845.0,495.5,15.66,0.167
2015-03-03,324.2,20.0,1115.0,43.2,5.74,0.292
2015-03-04,465.4,15.0,1645.0,42.7,9.65,0.0
2015-03-05,274.2,15.0,990.0,36.8,5.64,0.375
2015-03-06,407.5,35.0,1660.0,72.3,7.32,0.208
2015-03-07,345.6,30.0,1350.0,83.2,6.83,0.208
2015-03-08,432.7,55.0,1370.0,123.2,10.56,0.0
2015-03-09,465.6,105.0,1205.0,187.7,11.78,0.0
2015-03-10,364.2,55.0,1120.0,136.4,10.63,0.042
2015-03-11,273.8,45.0,835.0,75.9,9.21,0.042
2015-03-12,225.8,30.0,715.0,42.3,8.61,0.0
2015-03-13,214.6,25.0,1140.0,54.5,5.91,0.375
2015-03-14,332.5,30.0,1235.0,85.0,8.24,0.167
2015-03-15,417.3,35.0,945.0,169.5,12.3,0.042
2015-03-16,400.0,15.0,1010.0,241.4,11.75,0.042
2015-03-17,531.5,25.0,1395.0,135.9,11.69,0.042
2015-03-18,592.5,50.0,1515.0,202.3,13.24,0.0
2015-03-19,396.5,30.0,1375.0,41.4,8.11,0.0
2015-03-20,323.5,30.0,1145.0,38.2,8.99,0.0
2015-03-21,354.8,25.0,1335.0,50.0,7.44,0.0
2015-03-22,439.0,60.0,1435.0,90.9,11.47,0.0
2015-03-23,429.4,35.0,1440.0,70.5,10.58,0.0
2015-03-24,335.2,20.0,1335.0,33.2,7.01,0.25
2015-03-25,364.0,20.0,1345.0,33.6,6.41,0.25
2015-03-26,362.5,15.0,1385.0,31.8,5.33,0.542
2015-03-27,489.6,35.0,1930.0,67.3,7.26,0.208
2015-03-28,365.4,15.0,1530.0,43.6,6.14,0.25
2015-03-29,455.2,55.0,1345.0,179.1,13.63,0.042
2015-03-30,545.8,270.0,1405.0,383.6,17.55,0.0
2015-03-31,484.4,15.0,1310.0,164.1,8.11,0.292
2015-04-01,490.0,15.0,1820.0,78.2,6.91,0.292
2015-04-02,556.7,25.0,1760.0,110.0,9.07,0.042
2015-04-03,341.7,45.0,1020.0,105.0,9.17,0.125
2015-04-04,377.3,15.0,1030.0,130.9,5.43,0.667
2015-04-05,527.7,15.0,1730.0,44.5,5.13,0.583
2015-04-06,641.9,15.0,2200.0,60.9,6.92,0.125
2015-04-07,446.5,35.0,1580.0,86.8,6.02,0.333
2015-04-08,606.7,35.0,2290.0,75.9,6.75,0.208
2015-04-09,593.8,65.0,1770.0,125.5,10.94,0.0
2015-04-10,595.4,45.0,2080.0,91.8,10.15,0.0
2015-04-11,614.8,10.0,2900.0,37.7,4.96,0.542
2015-04-12,416.7,30.0,1410.0,78.2,8.03,0.125
2015-04-13,573.5,55.0,1795.0,137.7,10.46,0.042
2015-04-14,599.8,55.0,1815.0,128.6,9.3,0.0
2015-04-15,667.3,35.0,1945.0,75.5,8.38,0.083
2015-04-16,658.5,60.0,1755.0,97.3,7.62,0.0
2015-04-17,709.2,40.0,2255.0,80.9,10.42,0.0
2015-04-18,611.9,55.0,2410.0,92.3,8.76,0.0
2015-04-19,474.4,15.0,1900.0,56.4,6.67,0.292
2015-04-20,625.4,60.0,2615.0,122.7,11.11,0.0
2015-04-21,1008.3,10.0,3505.0,81.4,9.84,0.125
2015-04-22,1004.0,35.0,3300.0,91.8,11.78,0.0
2015-04-23,1157.7,15.0,4200.0,41.4,7.4,0.208
2015-04-24,1282.1,20.0,4235.0,44.1,7.23,0.167
2015-04-25,652.1,75.0,1775.0,267.3,16.43,0.0
2015-04-26,859.6,335.0,1745.0,545.9,17.77,0.0
2015-04-27,759.2,70.0,2175.0,341.8,14.52,0.0
2015-04-28,906.2,95.0,3055.0,228.2,11.18,0.083
2015-04-29,887.3,65.0,2760.0,194.5,8.86,0.125
2015-04-30,891.2,80.0,2995.0,221.4,14.21,0.0
2015-05-01,908.8,60.0,2660.0,342.3,11.08,0.0
2015-05-02,940.0,25.0,3190.0,57.3,9.1,0.167
2015-05-03,959.8,15.0,3650.0,49.1,6.88,0.333
2015-05-04,929.6,15.0,3210.0,39.1,7.1,0.292
2015-05-05,814.6,10.0,3555.0,29.5,8.82,0.292
2015-05-06,888.5,20.0,4030.0,39.5,8.78,0.083
2015-05-07,1091.2,25.0,3885.0,102.3,11.64,0.083
2015-05-08,981.9,50.0,3695.0,129.5,11.46,0.0
2015-05-09,911.7,45.0,3985.0,89.5,6.52,0.375
2015-05-10,954.2,60.0,4110.0,111.8,9.1,0.042
2015-05-11,742.3,20.0,3125.0,84.1,6.17,0.25
2015-05-12,712.9,25.0,2230.0,240.0,8.1,0.333
2015-05-13,716.5,35.0,2230.0,126.4,6.67,0.208
2015-05-14,782.3,20.0,2385.0,76.4,6.12,0.208
2015-05-15,703.5,25.0,2900.0,57.7,8.34,0.208
2015-05-16,657.9,30.0,1910.0,60.9,4.73,0.583
2015-05-17,718.5,75.0,2060.0,116.4,6.96,0.25
2015-05-18,653.8,35.0,2405.0,126.4,7.53,0.208
2015-05-19,549.2,15.0,2350.0,54.5,9.56,0.083
2015-05-20,890.8,50.0,2935.0,109.1,11.5,0.0
2015-05-21,950.4,25.0,3755.0,64.1,11.14,0.0
2015-05-22,927.5,15.0,3375.0,93.6,11.92,0.0
2015-05-23,980.4,20.0,4705.0,67.7,11.22,0.042
2015-05-24,806.2,15.0,3995.0,96.8,8.15,0.167
2015-05-25,1230.6,30.0,4825.0,83.6,10.68,0.0
2015-05-26,1225.0,70.0,4650.0,126.4,10.28,0.0
2015-05-27,784.2,35.0,2600.0,92.3,10.99,0.0
2015-05-28,753.5,20.0,2590.0,49.5,7.69,0.0
2015-05-29,1053.1,35.0,3470.0,111.8,10.12,0.0
2015-05-30,1029.2,35.0,3490.0,71.8,9.82,0.0
2015-05-31,1255.6,50.0,4145.0,101.8,10.64,0.0
2015-06-01,896.7,20.0,3580.0,68.2,6.83,0.208
2015-06-02,1026.5,35.0,3400.0,80.9,6.45,0.25
2015-06-03,655.6,30.0,2020.0,131.8,11.19,0.083
2015-06-04,849.0,110.0,2580.0,255.5,9.15,0.167
2015-06-05,957.9,95.0,2710.0,149.1,8.73,0.0
2015-06-06,1056.2,40.0,2855.0,108.6,10.78,0.0
2015-06-07,1020.2,35.0,3070.0,45.5,8.8,0.125
2015-06-08,1047.7,20.0,3215.0,40.5,8.96,0.0
2015-06-09,1219.2,50.0,3370.0,323.2,18.08,0.0
2015-06-10,1372.5,200.0,2850.0,564.1,18.94,0.0
2015-06-11,1111.0,140.0,2650.0,376.8,15.0,0.0
2015-06-12,1080.4,60.0,2795.0,252.7,13.26,0.0
2015-06-13,512.7,75.0,2230.0,140.5,9.68,0.0
2015-06-14,517.3,70.0,1565.0,173.6,6.24,0.292
2015-06-15,526.2,15.0,1540.0,137.3,6.05,0.417
2015-06-16,702.3,25.0,1950.0,61.8,5.5,0.375
2015-06-17,692.5,15.0,1955.0,100.5,5.13,0.417
2015-06-18,769.2,15.0,2310.0,78.6,5.23,0.292
2015-06-19,765.4,55.0,2195.0,165.5,8.33,0.167
2015-06-20,778.5,360.0,1460.0,451.4,16.95,0.0
2015-06-21,683.3,255.0,1610.0,375.5,11.75,0.0
2015-06-22,671.2,135.0,1640.0,232.7,10.49,0.0
2015-06-23,680.6,100.0,1930.0,192.3,8.28,0.25
2015-06-24,508.1,135.0,1635.0,190.0,7.38,0.083
2015-06-25,271.2,30.0,485.0,205.9,7.94,0.167
2015-06-26,612.3,60.0,1490.0,144.5,10.63,0.042
2015-06-27,764.2,180.0,1680.0,271.4,13.25,0.0
2015-06-28,625.4,15.0,1880.0,105.0,8.89,0.125
2015-06-29,731.5,160.0,1265.0,514.1,14.95,0.0
2015-06-30,592.9,85.0,1260.0,317.3,7.98,0.25
2015-07-01,532.1,45.0,1675.0,144.1,5.25,0.542
2015-07-02,669.6,25.0,2160.0,157.7,6.98,0.333
2015-07-03,825.0,220.0,2035.0,303.6,12.51,0.0
2015-07-04,807.7,120.0,1635.0,338.6,13.58,0.0
2015-07-05,619.4,50.0,1920.0,150.5,12.35,0.083
2015-07-06,355.4,75.0,1080.0,191.8,8.18,0.125
2015-07-07,423.3,200.0,915.0,272.3,7.38,0.208
2015-07-08,380.2,50.0,1020.0,215.5,6.05,0.333
2015-07-09,350.4,115.0,940.0,167.3,4.7,0.583
2015-07-10,277.7,40.0,550.0,184.5,7.24,0.292
2015-07-11,361.7,210.0,655.0,292.7,12.53,0.0
2015-07-12,496.7,150.0,915.0,583.6,10.95,0.083
2015-07-13,361.2,55.0,895.0,100.0,7.03,0.292
2015-07-14,592.9,160.0,1165.0,269.1,13.41,0.0
2015-07-15,697.9,260.0,1470.0,330.5,15.42,0.0
2015-07-16,625.0,265.0,1550.0,395.0,11.74,0.042
2015-07-17,342.7,85.0,980.0,217.3,8.03,0.333
2015-07-18,402.1,55.0,1120.0,103.2,5.73,0.375
2015-07-19,366.0,90.0,1065.0,145.5,6.01,0.292
2015-07-20,307.9,90.0,720.0,173.2,7.54,0.083
2015-07-21,480.0,100.0,950.0,244.5,9.68,0.042
2015-07-22,532.3,260.0,1000.0,321.8,10.07,0.0
2015-07-23,579.0,265.0,1100.0,361.8,12.53,0.0
2015-07-24,498.5,70.0,1010.0,296.4,9.77,0.125
2015-07-25,627.3,155.0,1115.0,379.5,12.15,0.0
2015-07-26,965.6,685.0,1270.0,804.1,24.29,0.0
2015-07-27,794.6,465.0,1340.0,566.8,15.61,0.0
2015-07-28,692.3,350.0,1250.0,469.1,13.34,0.0
2015-07-29,797.9,500.0,1205.0,645.5,17.02,0.0
2015-07-30,662.3,440.0,1125.0,515.0,13.68,0.0
2015-07-31,598.1,270.0,995.0,380.9,11.37,0.0
2015-08-01,361.0,55.0,855.0,225.0,6.66,0.333
2015-08-02,354.8,30.0,1085.0,84.5,3.34,0.833
2015-08-03,432.5,20.0,1185.0,113.2,6.31,0.333
2015-08-04,494.0,70.0,1230.0,168.6,5.65,0.375
2015-08-05,399.6,45.0,1245.0,129.5,4.88,0.458
2015-08-06,294.4,60.0,890.0,107.7,3.38,0.875
2015-08-07,291.5,95.0,890.0,142.3,6.29,0.25
2015-08-08,230.2,80.0,415.0,131.8,6.3,0.333
2015-08-09,246.7,70.0,630.0,138.2,6.45,0.25
2015-08-10,258.1,25.0,815.0,52.7,4.38,0.875
2015-08-11,314.2,25.0,695.0,168.2,8.39,0.208
2015-08-12,398.8,75.0,890.0,279.1,7.87,0.208
2015-08-13,391.5,25.0,1280.0,54.1,5.22,0.542
2015-08-14,327.1,25.0,925.0,124.1,5.65,0.417
2015-08-15,207.3,35.0,650.0,89.1,5.2,0.583
2015-08-16,280.4,45.0,770.0,101.8,3.53,0.833
2015-08-17,371.7,45.0,1240.0,80.5,4.58,0.667
2015-08-18,402.5,30.0,1375.0,84.5,7.51,0.208
2015-08-19,583.5,110.0,1455.0,252.7,12.42,0.0
2015-08-20,635.2,105.0,1215.0,425.9,13.63,0.0
2015-08-21,501.0,40.0,1085.0,248.2,9.69,0.083
2015-08-22,462.3,40.0,1145.0,179.1,8.12,0.125
2015-08-23,376.9,20.0,1135.0,50.0,5.08,0.583
2015-08-24,545.8,130.0,1370.0,188.2,9.78,0.0
2015-08-25,550.8,15.0,1315.0,228.2,12.78,0.083
2015-08-26,473.8,15.0,1260.0,166.4,10.53,0.125
2015-08-27,384.6,15.0,1280.0,56.4,4.8,0.542
2015-08-28,365.8,10.0,1245.0,105.5,5.7,0.375
2015-08-29,453.5,15.0,1510.0,45.9,6.83,0.208
2015-08-30,447.5,20.0,1555.0,47.3,8.47,0.125
2015-08-31,526.0,15.0,1615.0,59.1,10.82,0.208
2015-09-01,592.7,35.0,1910.0,100.5,11.68,0.0
2015-09-02,547.1,40.0,1705.0,140.9,11.63,0.0
2015-09-03,452.3,15.0,1470.0,145.5,10.31,0.125
2015-09-04,465.6,10.0,1915.0,26.4,7.2,0.375
2015-09-05,583.8,25.0,2080.0,50.5,10.97,0.0
2015-09-06,570.2,30.0,2230.0,48.2,9.91,0.0
2015-09-07,624.8,15.0,2135.0,76.4,10.73,0.042
2015-09-08,564.2,15.0,2010.0,56.4,10.88,0.042
2015-09-09,597.9,35.0,1885.0,87.3,11.26,0.0
2015-09-10,541.2,30.0,2000.0,40.0,9.02,0.0
2015-09-11,480.8,15.0,1930.0,28.2,7.55,0.292
2015-09-12,464.4,25.0,1575.0,70.9,6.85,0.083
2015-09-13,525.6,25.0,1700.0,102.3,5.7,0.208
2015-09-14,583.5,20.0,2090.0,33.6,6.25,0.417
2015-09-15,539.6,30.0,1800.0,81.8,6.58,0.167
2015-09-16,549.2,115.0,1515.0,155.9,7.5,0.083
2015-09-17,579.2,40.0,1640.0,109.1,6.84,0.167
2015-09-18,561.9,85.0,1410.0,196.4,10.1,0.083
2015-09-19,373.8,50.0,1120.0,148.2,7.22,0.125
2015-09-20,436.9,75.0,1450.0,150.9,7.17,0.125
2015-09-21,396.9,90.0,1090.0,193.2,6.85,0.167
2015-09-22,529.8,50.0,1465.0,226.8,11.9,0.083
2015-09-23,656.5,50.0,1630.0,299.1,12.17,0.042
2015-09-24,607.3,120.0,1660.0,240.5,14.0,0.0
2015-09-25,555.4,60.0,1675.0,139.1,11.18,0.0
2015-09-26,468.3,25.0,1730.0,66.8,8.13,0.0
2015-09-27,463.3,15.0,1715.0,65.0,7.41,0.083
2015-09-28,438.5,45.0,1520.0,75.0,7.87,0.042
2015-09-29,475.0,50.0,1590.0,95.9,8.94,0.0
2015-09-30,406.7,75.0,1180.0,157.3,10.85,0.0
2015-10-01,337.1,20.0,1110.0,69.5,7.64,0.0
2015-10-02,402.3,35.0,1485.0,45.9,8.5,0.0
2015-10-03,420.8,15.0,1595.0,30.0,7.59,0.125
2015-10-04,395.8,15.0,1820.0,31.4,5.55,0.375
2015-10-05,373.1,10.0,1685.0,36.4,5.96,0.417
2015-10-06,522.7,15.0,2060.0,30.5,7.59,0.083
2015-10-07,499.8,25.0,1845.0,40.9,7.79,0.0
2015-10-08,542.9,30.0,1995.0,55.0,9.46,0.0
2015-10-09,577.3,15.0,2385.0,31.8,9.0,0.167
2015-10-10,542.5,20.0,2445.0,51.8,10.42,0.0
2015-10-11,441.9,25.0,1670.0,65.9,9.33,0.0
2015-10-12,467.1,20.0,2000.0,103.6,5.8,0.417
2015-10-13,574.2,175.0,1560.0,293.6,9.96,0.125
2015-10-14,503.8,80.0,1650.0,159.1,8.2,0.083
2015-10-15,493.8,75.0,1745.0,143.6,6.35,0.292
2015-10-16,537.5,70.0,1810.0,133.6,6.42,0.25
2015-10-17,540.0,40.0,1960.0,59.1,6.99,0.0
2015-10-18,476.7,20.0,1815.0,39.5,5.38,0.5
2015-10-19,506.5,30.0,2295.0,47.3,6.77,0.083
2015-10-20,571.2,25.0,2760.0,35.9,6.94,0.25
2015-10-21,528.5,40.0,2005.0,61.8,7.25,0.042
2015-10-22,499.8,50.0,1875.0,67.7,8.82,0.0
2015-10-23,453.3,25.0,1775.0,47.7,8.64,0.0
2015-10-24,424.4,15.0,1705.0,40.9,5.41,0.375
2015-10-25,474.8,65.0,1715.0,137.3,11.37,0.0
2015-10-26,440.6,25.0,1560.0,129.1,9.56,0.0
2015-10-27,397.5,20.0,1825.0,59.5,6.15,0.208
2015-10-28,240.2,25.0,1445.0,48.6,7.18,0.208
2015-10-29,432.9,25.0,1580.0,71.4,5.8,0.375
2015-10-30,431.5,20.0,1695.0,75.9,5.49,0.458
2015-10-31,426.9,15.0,1595.0,21.4,4.83,0.333
2015-11-01,395.2,10.0,1455.0,23.6,4.69,0.625
2015-11-02,431.2,15.0,1540.0,26.8,4.48,0.583
2015-11-03,397.9,15.0,1550.0,45.9,5.5,0.375
2015-11-04,367.9,15.0,1485.0,36.8,4.54,0.542
2015-11-05,270.4,30.0,790.0,94.5,9.85,0.0
2015-11-06,334.4,20.0,1295.0,63.2,5.32,0.458
2015-11-07,334.4,10.0,1445.0,31.4,4.23,0.583
2015-11-08,418.3,50.0,1595.0,61.8,6.83,0.0
2015-11-09,401.0,25.0,1505.0,56.4,6.3,0.167
2015-11-10,342.7,30.0,1645.0,47.7,6.55,0.083
2015-11-11,422.9,65.0,1390.0,104.1,10.75,0.0
2015-11-12,384.6,45.0,1250.0,128.2,10.55,0.0
2015-11-13,359.4,45.0,1185.0,61.8,8.93,0.0
2015-11-14,374.8,50.0,1315.0,72.3,8.91,0.0
2015-11-15,285.6,10.0,1450.0,31.8,4.95,0.5
2015-11-16,434.2,30.0,1795.0,93.2,9.24,0.0
2015-11-17,382.7,35.0,1380.0,79.1,10.36,0.0
2015-11-18,288.3,35.0,1160.0,39.1,8.42,0.0
2015-11-19,266.0,15.0,1150.0,19.5,5.5,0.375
2015-11-20,274.0,20.0,1085.0,28.6,5.7,0.333
2015-11-21,250.4,15.0,1075.0,31.8,5.57,0.333
2015-11-22,242.3,20.0,965.0,26.4,6.03,0.208
2015-11-23,245.4,15.0,1055.0,22.7,5.35,0.417
2015-11-24,268.8,35.0,1035.0,52.3,8.53,0.0
2015-11-25,310.2,55.0,1040.0,105.0,11.41,0.0
2015-11-26,188.8,20.0,775.0,50.0,6.45,0.167
2015-11-27,337.1,70.0,1245.0,106.4,7.27,0.125
2015-11-28,488.8,50.0,1595.0,111.4,9.63,0.0
2015-11-29,299.8,20.0,1310.0,50.5,5.64,0.167
2015-11-30,314.4,40.0,1280.0,49.1,5.4,0.25
2015-12-01,283.1,30.0,1125.0,70.0,6.33,0.208
2015-12-02,354.8,45.0,1395.0,65.9,6.97,0.125
2015-12-03,334.2,55.0,1015.0,88.2,9.9,0.0
2015-12-04,291.5,20.0,985.0,105.5,10.56,0.0
2015-12-05,227.7,10.0,1030.0,16.8,4.83,0.5
2015-12-06,257.5,10.0,1220.0,21.4,4.86,0.625
2015-12-07,260.6,15.0,1175.0,42.7,6.11,0.25
2015-12-08,240.2,15.0,1120.0,26.8,6.2,0.333
2015-12-09,261.7,35.0,765.0,78.6,9.65,0.0
2015-12-10,278.5,55.0,1170.0,102.7,8.97,0.0
2015-12-11,420.8,25.0,1515.0,69.5,7.84,0.25
2015-12-12,435.0,75.0,1395.0,108.2,9.82,0.0
2015-12-13,410.2,40.0,1385.0,89.1,8.49,0.0
2015-12-14,397.1,65.0,1265.0,87.3,10.68,0.0
2015-12-15,337.5,40.0,1150.0,105.5,11.03,0.0
2015-12-16,245.8,30.0,1090.0,40.9,6.17,0.333
2015-12-17,320.2,20.0,1355.0,31.8,6.93,0.167
2015-12-18,299.8,30.0,1040.0,58.2,9.62,0.0
2015-12-19,267.3,15.0,960.0,72.7,8.5,0.083
2015-12-20,284.8,15.0,1285.0,20.9,5.61,0.5
2015-12-21,256.9,15.0,1095.0,38.6,5.17,0.458
2015-12-22,310.2,10.0,1240.0,15.5,4.26,0.667
2015-12-23,340.0,15.0,1235.0,56.8,7.63,0.167
2015-12-24,450.2,85.0,1620.0,150.0,11.97,0.0
2015-12-25,281.0,50.0,875.0,95.9,10.6,0.0
2015-12-26,281.2,80.0,760.0,105.5,11.7,0.0
2015-12-27,266.5,90.0,670.0,121.8,11.85,0.0
2015-12-28,295.0,165.0,650.0,175.5,13.42,0.0
2015-12-29,322.1,80.0,845.0,164.1,13.23,0.0
2015-12-30,200.0,35.0,775.0,54.1,7.72,0.042
2015-12-31,179.8,40.0,690.0,50.0,7.38,0.083
2016-01-01,193.5,20.0,735.0,37.3,6.15,0.292
2016-01-02,238.8,20.0,910.0,33.2,7.83,0.083
2016-01-03,236.0,35.0,795.0,61.4,10.17,0.0
2016-01-04,190.6,25.0,805.0,30.9,6.05,0.375
2016-01-05,206.5,20.0,885.0,35.5,5.55,0.375
2016-01-06,227.7,30.0,930.0,40.0,7.96,0.0
2016-01-07,269.4,15.0,1105.0,25.9,5.78,0.458
2016-01-08,369.2,25.0,1295.0,66.4,9.14,0.042
2016-01-09,449.6,85.0,1400.0,149.5,12.97,0.0
2016-01-10,325.8,15.0,1245.0,55.9,7.76,0.0
2016-01-11,302.7,15.0,1285.0,18.6,5.88,0.292
2016-01-12,280.6,30.0,1045.0,54.1,9.5,0.0
2016-01-13,260.6,40.0,970.0,63.2,6.27,0.167
2016-01-14,259.8,50.0,970.0,65.9,5.33,0.417
2016-01-15,350.2,45.0,1110.0,60.5,8.81,0.0
2016-01-16,435.8,60.0,1190.0,106.4,10.34,0.0
2016-01-17,272.5,15.0,1095.0,28.6,4.29,0.583
2016-01-18,246.2,20.0,905.0,25.5,4.95,0.542
2016-01-19,342.9,40.0,1265.0,65.0,6.2,0.25
2016-01-20,343.8,25.0,1420.0,44.1,7.61,0.083
2016-01-21,315.2,25.0,1035.0,40.9,8.9,0.0
2016-01-22,281.7,15.0,1095.0,32.7,6.13,0.417
2016-01-23,280.0,35.0,1080.0,49.5,5.93,0.333
2016-01-24,295.2,60.0,1085.0,75.9,6.65,0.125
2016-01-25,252.3,50.0,875.0,68.6,6.92,0.0
2016-01-26,221.5,20.0,845.0,40.9,4.29,0.583
2016-01-27,288.8,25.0,1160.0,48.6,5.17,0.375
2016-01-28,243.8,35.0,830.0,42.7,8.03,0.0
2016-01-29,238.5,15.0,970.0,36.4,5.45,0.417
2016-01-30,256.2,35.0,1195.0,43.2,5.72,0.292
2016-01-31,328.3,95.0,880.0,134.5,10.71,0.0
2016-02-01,309.8,65.0,975.0,120.9,10.01,0.0
2016-02-02,402.1,45.0,1360.0,52.7,9.65,0.0
2016-02-03,411.9,50.0,1215.0,80.9,12.37,0.0
2016-02-04,307.5,35.0,1025.0,85.5,10.97,0.0
2016-02-05,251.9,20.0,930.0,35.9,8.58,0.0
2016-02-06,279.0,15.0,940.0,35.9,7.85,0.083
2016-02-07,239.0,75.0,740.0,104.5,8.97,0.0
2016-02-08,320.8,50.0,1210.0,61.4,7.53,0.0
2016-02-09,303.5,30.0,1080.0,50.9,8.26,0.0
2016-02-10,330.6,15.0,1350.0,35.0,6.08,0.417
2016-02-11,450.8,25.0,1870.0,85.5,9.78,0.125
2016-02-12,415.8,15.0,1880.0,45.0,5.44,0.458
2016-02-13,386.9,45.0,1320.0,101.4,10.03,0.042
2016-02-14,350.8,60.0,1310.0,85.5,9.35,0.0
2016-02-15,396.2,55.0,1415.0,65.5,7.69,0.0
2016-02-16,290.8,55.0,970.0,63.6,7.21,0.125
2016-02-17,218.1,45.0,735.0,83.6,7.77,0.0
2016-02-18,255.0,75.0,830.0,110.0,7.87,0.083
2016-02-19,152.3,30.0,500.0,58.2,5.73,0.25
2016-02-20,294.2,10.0,930.0,86.8,7.01,0.292
2016-02-21,474.8,160.0,1200.0,203.6,14.7,0.0
2016-02-22,464.6,105.0,1200.0,201.8,15.91,0.0
2016-02-23,397.7,10.0,1430.0,91.4,9.96,0.167
2016-02-24,259.4,20.0,1165.0,35.5,6.1,0.375
2016-02-25,306.0,35.0,1295.0,44.5,8.36,0.0
2016-02-26,383.3,15.0,1465.0,41.4,6.46,0.25
2016-02-27,402.5,10.0,1565.0,18.6,5.47,0.417
2016-02-28,394.4,10.0,1630.0,24.1,5.97,0.375
2016-02-29,397.7,25.0,1560.0,35.0,6.85,0.25
2016-03-01,416.0,15.0,1700.0,19.1,4.65,0.583
2016-03-02,347.9,10.0,1430.0,22.3,5.44,0.542
2016-03-03,285.2,20.0,1380.0,31.4,6.65,0.167
2016-03-04,383.3,35.0,1595.0,68.2,8.08,0.0
2016-03-05,432.5,55.0,1820.0,179.5,12.15,0.0
2016-03-06,346.9,80.0,1295.0,183.6,9.86,0.083
2016-03-07,375.2,55.0,1330.0,81.4,6.56,0.208
2016-03-08,482.3,65.0,1545.0,97.3,8.9,0.0
2016-03-09,525.0,45.0,1765.0,55.0,8.93,0.0
2016-03-10,409.0,35.0,1540.0,42.7,8.5,0.0
2016-03-11,385.0,25.0,2035.0,59.1,9.26,0.042
2016-03-12,497.5,85.0,2050.0,175.5,10.67,0.042
2016-03-13,409.8,30.0,1425.0,247.3,11.89,0.0
2016-03-14,360.4,20.0,960.0,129.5,7.42,0.042
2016-03-15,526.5,10.0,2085.0,41.8,7.33,0.292
2016-03-16,447.9,105.0,1365.0,130.0,11.43,0.0
2016-03-17,316.5,25.0,1135.0,119.5,9.62,0.042
2016-03-18,470.2,35.0,1460.0,113.6,9.94,0.0
2016-03-19,335.2,15.0,1895.0,47.3,6.28,0.208
2016-03-20,437.9,35.0,1760.0,75.5,7.24,0.083
2016-03-21,895.0,95.0,2670.0,235.0,15.16,0.0
2016-03-22,703.3,205.0,1380.0,452.7,19.84,0.0
2016-03-23,450.6,30.0,1250.0,160.5,13.67,0.0
2016-03-24,266.7,15.0,1005.0,27.3,6.62,0.333
2016-03-25,314.2,25.0,1245.0,35.9,7.92,0.083
2016-03-26,403.1,30.0,1045.0,158.6,13.04,0.0
2016-03-27,492.3,50.0,1575.0,196.4,11.06,0.0
2016-03-28,617.1,30.0,1900.0,46.4,9.54,0.0
2016-03-29,544.6,35.0,1625.0,65.5,9.92,0.0
2016-03-30,517.7,10.0,2400.0,28.6,6.05,0.417
2016-03-31,595.0,15.0,2605.0,45.5,6.89,0.167
2016-04-01,553.1,40.0,1805.0,102.3,10.88,0.0
2016-04-02,465.2,35.0,1865.0,50.5,7.42,0.167
2016-04-03,414.4,25.0,2385.0,30.9,6.72,0.125
2016-04-04,625.4,55.0,2710.0,77.3,8.85,0.0
2016-04-05,810.4,65.0,2485.0,116.8,11.69,0.0
2016-04-06,810.2,40.0,3010.0,94.1,7.63,0.083
2016-04-07,810.4,40.0,3070.0,88.2,11.1,0.0
2016-04-08,892.3,25.0,2910.0,53.6,6.23,0.292
2016-04-09,867.9,65.0,3010.0,126.4,8.24,0.083
2016-04-10,730.6,25.0,2630.0,153.6,8.69,0.042
2016-04-11,914.8,135.0,2780.0,245.9,15.57,0.0
2016-04-12,903.5,225.0,2235.0,318.2,17.48,0.0
2016-04-13,1014.0,80.0,2850.0,265.0,16.96,0.0
2016-04-14,947.5,15.0,3105.0,115.0,12.04,0.0
2016-04-15,724.8,15.0,2365.0,32.7,9.61,0.083
2016-04-16,783.5,30.0,2860.0,42.3,10.08,0.0
2016-04-17,787.3,15.0,2960.0,64.1,7.78,0.167
2016-04-18,982.9,15.0,3330.0,79.1,7.26,0.167
2016-04-19,603.3,20.0,2760.0,64.1,6.12,0.333
2016-04-20,1005.0,60.0,3065.0,119.5,12.29,0.0
2016-04-21,1019.8,95.0,2890.0,214.5,16.09,0.0
2016-04-22,1056.7,30.0,3695.0,113.2,7.47,0.25
2016-04-23,1289.0,30.0,4180.0,90.9,11.74,0.042
2016-04-24,1294.8,30.0,3985.0,45.0,10.22,0.0
2016-04-25,942.3,35.0,3395.0,71.4,9.34,0.125
2016-04-26,806.5,20.0,3555.0,35.5,6.94,0.208
2016-04-27,992.7,25.0,4600.0,41.8,8.38,0.167
2016-04-28,1255.2,40.0,4380.0,71.8,10.46,0.0
2016-04-29,1190.4,25.0,4580.0,50.0,9.79,0.0
2016-04-30,930.2,20.0,3175.0,38.2,8.3,0.0
2016-05-01,950.2,40.0,3135.0,51.4,10.73,0.0
2016-05-02,1049.2,35.0,4635.0,95.5,7.14,0.292
2016-05-03,406.0,25.0,2375.0,94.1,10.3,0.125
2016-05-04,745.4,110.0,3810.0,208.2,12.92,0.0
2016-05-05,804.6,135.0,2270.0,277.7,12.99,0.0
2016-05-06,627.3,30.0,2040.0,101.4,5.5,0.417
2016-05-07,820.0,75.0,2690.0,108.6,6.6,0.333
2016-05-08,644.8,90.0,2625.0,141.4,10.29,0.0
2016-05-09,762.3,170.0,2500.0,250.9,13.28,0.042
2016-05-10,629.4,105.0,1760.0,205.5,13.12,0.0
2016-05-11,638.8,115.0,1955.0,191.8,10.76,0.083
2016-05-12,809.2,35.0,2900.0,70.5,6.68,0.167
2016-05-13,894.8,25.0,3495.0,52.7,7.33,0.208
2016-05-14,780.6,25.0,2675.0,45.9,6.89,0.083
2016-05-15,916.0,15.0,3650.0,37.7,7.33,0.083
2016-05-16,1211.9,35.0,4470.0,56.4,10.04,0.0
2016-05-17,1069.0,35.0,3315.0,60.9,10.6,0.0
2016-05-18,930.8,15.0,3100.0,42.3,6.87,0.25
2016-05-19,672.3,75.0,1985.0,205.5,13.69,0.0
2016-05-20,791.9,100.0,2170.0,340.0,14.54,0.042
2016-05-21,868.3,255.0,1920.0,405.5,14.73,0.0
2016-05-22,860.0,45.0,3085.0,302.3,10.3,0.167
2016-05-23,650.2,65.0,2555.0,167.3,10.1,0.083
2016-05-24,813.8,175.0,2005.0,271.4,10.64,0.167
2016-05-25,771.2,45.0,2495.0,100.0,7.91,0.167
2016-05-26,819.2,20.0,2425.0,130.9,6.68,0.333
2016-05-27,1044.4,30.0,2930.0,131.8,11.99,0.042
2016-05-28,1020.6,65.0,2895.0,211.4,13.4,0.0
2016-05-29,599.2,30.0,1490.0,190.9,12.66,0.125
2016-05-30,547.3,60.0,1395.0,229.1,10.47,0.042
2016-05-31,724.6,45.0,2425.0,106.4,7.67,0.208
2016-06-01,865.6,20.0,2650.0,75.9,8.22,0.167
2016-06-02,864.6,35.0,2855.0,79.1,9.58,0.042
2016-06-03,818.1,15.0,2915.0,51.4,7.17,0.167
2016-06-04,907.7,25.0,3030.0,124.1,8.53,0.167
2016-06-05,949.8,135.0,3240.0,370.0,13.15,0.0
2016-06-06,834.6,220.0,2385.0,368.2,12.71,0.0
2016-06-07,840.6,250.0,2115.0,322.7,12.44,0.0
2016-06-08,746.2,180.0,2545.0,268.2,10.57,0.042
2016-06-09,794.4,80.0,2095.0,290.9,11.2,0.0
2016-06-10,721.9,45.0,2960.0,183.6,7.79,0.25
2016-06-11,857.1,35.0,2420.0,204.5,10.05,0.125
2016-06-12,815.6,90.0,2355.0,198.2,9.56,0.042
2016-06-13,938.1,55.0,2560.0,151.8,11.43,0.0
2016-06-14,701.9,40.0,1745.0,160.5,10.11,0.25
2016-06-15,788.3,75.0,1910.0,185.5,6.6,0.375
2016-06-16,774.6,365.0,1720.0,405.9,14.55,0.0
2016-06-17,752.9,90.0,1800.0,319.5,11.2,0.125
2016-06-18,778.5,200.0,1705.0,403.2,12.35,0.0
2016-06-19,848.1,280.0,1635.0,420.0,12.48,0.0
2016-06-20,646.5,140.0,1395.0,369.5,13.28,0.0
2016-06-21,730.6,255.0,1890.0,377.7,13.11,0.0
2016-06-22,604.2,70.0,1425.0,305.9,8.0,0.167
2016-06-23,646.7,40.0,1760.0,192.3,6.52,0.333
2016-06-24,750.0,45.0,2000.0,125.9,7.78,0.125
2016-06-25,865.6,230.0,2115.0,360.9,12.59,0.0
2016-06-26,802.9,345.0,1610.0,442.7,11.98,0.0
2016-06-27,687.7,150.0,1610.0,290.9,9.53,0.083
2016-06-28,536.7,195.0,1155.0,287.3,9.61,0.0
2016-06-29,658.8,65.0,1590.0,229.5,9.2,0.042
2016-06-30,676.7,100.0,1765.0,195.0,6.99,0.333
2016-07-01,604.8,100.0,1275.0,314.1,10.79,0.042
2016-07-02,386.7,110.0,855.0,304.1,8.42,0.208
2016-07-03,264.8,35.0,425.0,229.1,7.77,0.375
2016-07-04,352.9,35.0,1130.0,80.5,4.16,0.75
2016-07-05,445.4,30.0,1415.0,98.6,5.54,0.5
2016-07-06,474.6,105.0,1110.0,200.9,7.42,0.292
2016-07-07,480.2,75.0,1085.0,215.9,8.7,0.125
2016-07-08,430.2,65.0,1065.0,171.4,6.11,0.417
2016-07-09,494.0,115.0,1210.0,240.9,7.78,0.083
2016-07-10,521.0,60.0,1250.0,146.4,5.58,0.417
2016-07-11,458.3,170.0,855.0,255.5,9.39,0.0
2016-07-12,519.6,180.0,1180.0,272.7,9.78,0.0
2016-07-13,449.8,25.0,1030.0,227.7,7.85,0.25
2016-07-14,332.9,90.0,855.0,156.8,4.3,0.625
2016-07-15,302.5,40.0,915.0,120.0,5.8,0.458
2016-07-16,199.6,40.0,340.0,121.4,5.32,0.458
2016-07-17,276.0,35.0,510.0,216.4,9.08,0.208
2016-07-18,458.8,25.0,1245.0,116.8,8.09,0.292
2016-07-19,572.3,110.0,1410.0,218.2,11.63,0.042
2016-07-20,542.7,90.0,1365.0,229.1,12.03,0.0
2016-07-21,505.2,120.0,1250.0,273.6,10.38,0.0
2016-07-22,446.7,20.0,1245.0,145.5,6.0,0.417
2016-07-23,395.8,125.0,910.0,241.4,9.7,0.0
2016-07-24,324.4,60.0,875.0,138.2,6.05,0.25
2016-07-25,396.0,45.0,1180.0,93.6,4.8,0.625
2016-07-26,431.7,155.0,720.0,311.8,12.21,0.0
2016-07-27,487.1,235.0,870.0,415.0,12.11,0.125
2016-07-28,350.2,30.0,760.0,255.5,7.09,0.208
2016-07-29,280.4,150.0,375.0,219.5,6.51,0.208
2016-07-30,308.8,135.0,705.0,204.5,6.4,0.167
2016-07-31,274.8,100.0,570.0,170.5,5.86,0.375
2016-08-01,428.8,160.0,855.0,259.5,9.91,0.0
2016-08-02,546.9,280.0,1140.0,360.5,10.81,0.0
2016-08-03,515.2,70.0,1385.0,209.5,9.8,0.042
2016-08-04,545.4,75.0,1430.0,240.5,9.62,0.042
2016-08-05,488.1,70.0,1215.0,142.3,7.78,0.0
2016-08-06,399.6,145.0,690.0,256.4,11.89,0.0
2016-08-07,459.4,95.0,1255.0,159.5,9.8,0.0
2016-08-08,609.6,140.0,1355.0,313.6,11.32,0.0
2016-08-09,523.1,160.0,935.0,449.1,11.12,0.042
2016-08-10,505.0,240.0,915.0,307.7,11.06,0.0
2016-08-11,331.5,45.0,650.0,254.1,7.5,0.167
2016-08-12,314.0,20.0,920.0,168.2,5.05,0.458
2016-08-13,240.2,15.0,845.0,68.2,3.54,0.792
2016-08-14,268.8,30.0,695.0,132.7,6.45,0.417
2016-08-15,494.8,55.0,1370.0,295.0,11.07,0.042
2016-08-16,549.0,145.0,1255.0,450.9,13.48,0.0
2016-08-17,418.5,35.0,1015.0,279.5,6.82,0.417
2016-08-18,249.2,55.0,630.0,110.5,4.67,0.625
2016-08-19,364.0,100.0,1015.0,199.1,6.06,0.458
2016-08-20,733.1,385.0,1180.0,537.3,13.63,0.0
2016-08-21,671.7,220.0,1250.0,423.6,12.03,0.0
2016-08-22,537.1,105.0,1410.0,175.0,9.75,0.0
2016-08-23,468.1,45.0,1205.0,215.5,7.49,0.208
2016-08-24,626.5,175.0,1150.0,543.2,14.07,0.0
2016-08-25,482.7,40.0,1240.0,207.7,7.38,0.25
2016-08-26,399.8,25.0,1340.0,77.3,4.6,0.792
2016-08-27,419.2,70.0,1260.0,160.0,8.36,0.083
2016-08-28,411.9,70.0,1230.0,119.5,7.52,0.167
2016-08-29,268.8,35.0,960.0,75.0,5.25,0.542
2016-08-30,273.3,15.0,885.0,64.5,3.33,0.917
2016-08-31,261.5,50.0,560.0,128.2,6.05,0.333
2016-09-01,312.7,35.0,810.0,141.4,5.87,0.5
2016-09-02,529.0,55.0,1275.0,169.5,10.74,0.125
2016-09-03,624.0,200.0,1165.0,360.0,15.51,0.0
2016-09-04,535.0,175.0,1195.0,361.8,13.69,0.0
2016-09-05,570.6,345.0,1190.0,388.2,14.58,0.0
2016-09-06,596.7,250.0,1175.0,411.4,15.55,0.0
2016-09-07,514.2,95.0,1170.0,323.6,12.86,0.0
2016-09-08,476.2,50.0,1215.0,261.8,12.1,0.0
2016-09-09,523.1,70.0,1525.0,231.4,12.41,0.0
2016-09-10,538.8,85.0,1490.0,311.4,13.31,0.0
2016-09-11,546.0,55.0,1680.0,291.8,11.5,0.0
2016-09-12,495.8,40.0,1245.0,256.4,11.27,0.0
2016-09-13,432.1,30.0,1620.0,112.7,6.52,0.083
2016-09-14,395.0,30.0,1210.0,98.2,6.5,0.083
2016-09-15,420.8,10.0,1430.0,36.4,4.67,0.5
2016-09-16,428.1,20.0,1435.0,30.9,5.67,0.375
2016-09-17,376.7,15.0,1295.0,30.9,4.3,0.667
2016-09-18,387.9,50.0,1175.0,84.1,6.6,0.042
2016-09-19,434.0,15.0,1510.0,68.2,3.82,0.667
2016-09-20,473.1,25.0,1800.0,58.2,5.25,0.458
2016-09-21,511.9,85.0,1635.0,230.5,10.22,0.0
2016-09-22,534.6,165.0,940.0,390.0,13.06,0.0
2016-09-23,389.8,25.0,1245.0,115.9,5.02,0.583
2016-09-24,410.8,50.0,1350.0,97.7,6.0,0.333
2016-09-25,409.4,35.0,1245.0,123.6,6.05,0.208
2016-09-26,412.3,45.0,1340.0,74.5,5.68,0.333
2016-09-27,410.0,50.0,1270.0,102.3,6.09,0.208
2016-09-28,514.2,35.0,1675.0,84.1,5.71,0.333
2016-09-29,443.8,75.0,1490.0,129.1,5.71,0.333
2016-09-30,434.0,45.0,1410.0,119.1,4.3,0.542
2016-10-01,409.2,50.0,1335.0,68.6,5.72,0.458
2016-10-02,442.3,60.0,1300.0,86.4,6.18,0.208
2016-10-03,429.4,40.0,1385.0,73.2,4.93,0.5
2016-10-04,369.4,30.0,1365.0,51.8,4.04,0.792
2016-10-05,307.9,30.0,900.0,57.7,5.3,0.458
2016-10-06,387.1,35.0,1235.0,58.6,4.38,0.583
2016-10-07,501.2,15.0,1685.0,40.0,6.33,0.458
2016-10-08,477.1,15.0,1825.0,35.0,7.66,0.208
2016-10-09,412.3,15.0,1830.0,30.0,5.68,0.333
2016-10-10,418.8,15.0,1805.0,55.5,6.95,0.083
2016-10-11,531.2,35.0,2145.0,51.4,9.26,0.0
2016-10-12,499.2,15.0,2335.0,38.6,9.53,0.0
2016-10-13,502.3,20.0,2415.0,38.6,9.25,0.0
2016-10-14,391.7,15.0,1890.0,35.9,7.34,0.083
2016-10-15,415.8,10.0,1820.0,30.5,7.34,0.167
2016-10-16,458.5,15.0,2120.0,29.1,7.58,0.0
2016-10-17,573.8,10.0,2360.0,32.7,7.4,0.083
2016-10-18,413.5,10.0,1745.0,32.7,7.16,0.125
2016-10-19,413.8,15.0,2025.0,33.2,6.65,0.167
2016-10-20,444.2,15.0,2190.0,61.4,9.39,0.125
2016-10-21,558.5,20.0,2185.0,85.9,10.87,0.0
2016-10-22,572.7,45.0,2570.0,74.5,11.28,0.0
2016-10-23,531.2,50.0,1915.0,65.9,11.53,0.0
2016-10-24,543.1,20.0,2330.0,54.5,9.68,0.0
2016-10-25,584.0,10.0,2505.0,66.8,10.35,0.125
2016-10-26,469.4,10.0,2445.0,19.1,7.17,0.208
2016-10-27,399.8,20.0,1790.0,37.3,8.78,0.0
2016-10-28,361.0,10.0,1575.0,41.8,7.74,0.125
2016-10-29,375.2,15.0,1950.0,25.9,5.7,0.458
2016-10-30,375.0,30.0,1880.0,36.8,6.36,0.375
2016-10-31,370.2,10.0,1570.0,18.6,5.64,0.375
2016-11-01,342.3,10.0,1310.0,29.1,5.99,0.208
2016-11-02,374.2,10.0,1505.0,21.4,6.19,0.208
2016-11-03,325.2,10.0,1350.0,21.8,5.73,0.167
2016-11-04,404.8,15.0,1835.0,26.4,6.66,0.125
2016-11-05,360.2,25.0,1415.0,39.1,8.45,0.0
2016-11-06,302.5,10.0,1470.0,31.8,7.13,0.208
2016-11-07,415.8,15.0,1670.0,55.0,9.5,0.042
2016-11-08,434.6,65.0,1360.0,163.2,12.93,0.0
2016-11-09,286.7,50.0,1020.0,64.5,9.47,0.0
2016-11-10,247.3,20.0,1165.0,33.6,7.15,0.125
2016-11-11,261.0,25.0,1225.0,40.5,7.39,0.125
2016-11-12,347.1,50.0,1920.0,60.0,7.6,0.125
2016-11-13,218.5,15.0,1120.0,44.1,4.86,0.542
2016-11-14,397.3,15.0,2075.0,25.5,4.72,0.667
2016-11-15,454.0,20.0,2155.0,42.7,6.74,0.167
2016-11-16,342.1,35.0,1240.0,55.5,8.69,0.0
2016-11-17,338.3,90.0,980.0,110.0,12.47,0.0
2016-11-18,322.9,60.0,1000.0,96.8,10.4,0.0
2016-11-19,254.4,15.0,1050.0,44.5,6.99,0.083
2016-11-20,222.1,15.0,1085.0,31.8,6.4,0.25
2016-11-21,257.1,15.0,1260.0,21.4,7.1,0.292
2016-11-22,302.7,35.0,1130.0,62.7,9.88,0.0
2016-11-23,291.0,40.0,930.0,99.1,10.44,0.0
2016-11-24,326.0,45.0,1085.0,77.3,10.18,0.0
2016-11-25,443.8,200.0,900.0,288.2,17.82,0.0
2016-11-26,417.3,140.0,900.0,300.0,17.41,0.0
2016-11-27,377.7,155.0,1010.0,185.9,14.82,0.0
2016-11-28,334.6,35.0,950.0,178.6,12.65,0.0
2016-11-29,199.6,15.0,885.0,29.5,6.2,0.292
2016-11-30,252.7,30.0,1025.0,39.5,8.12,0.0
2016-12-01,320.0,15.0,1220.0,34.5,5.96,0.208
2016-12-02,281.0,15.0,1070.0,32.3,5.75,0.333
2016-12-03,255.0,15.0,1075.0,40.0,6.6,0.042
2016-12-04,257.1,25.0,1095.0,36.4,7.53,0.083
2016-12-05,252.9,30.0,975.0,40.9,8.06,0.0
2016-12-06,214.0,20.0,950.0,30.5,5.75,0.375
2016-12-07,211.5,10.0,895.0,14.1,4.83,0.458
2016-12-08,192.7,15.0,900.0,16.4,4.22,0.458
2016-12-09,189.6,10.0,850.0,16.8,4.39,0.542
2016-12-10,210.2,30.0,855.0,53.2,7.78,0.042
2016-12-11,170.0,15.0,690.0,35.5,5.68,0.5
2016-12-12,330.0,20.0,1880.0,47.7,6.99,0.125
2016-12-13,247.7,25.0,1105.0,50.5,7.29,0.083
2016-12-14,278.1,50.0,980.0,90.5,9.28,0.0
2016-12-15,332.1,50.0,1070.0,86.4,11.39,0.0
2016-12-16,224.6,20.0,905.0,33.6,7.62,0.083
2016-12-17,227.5,25.0,830.0,45.9,8.01,0.042
2016-12-18,215.4,30.0,750.0,53.2,8.36,0.0
2016-12-19,253.5,45.0,725.0,89.5,11.08,0.0
2016-12-20,384.6,205.0,820.0,255.5,16.74,0.0
2016-12-21,345.6,125.0,740.0,233.2,14.78,0.0
2016-12-22,231.2,10.0,745.0,86.8,7.55,0.208
2016-12-23,143.8,10.0,665.0,12.3,3.15,0.875
2016-12-24,247.9,20.0,855.0,64.5,9.6,0.0
2016-12-25,381.0,105.0,1170.0,165.9,9.05,0.208
2016-12-26,329.0,105.0,935.0,167.7,11.47,0.0
2016-12-27,256.2,25.0,820.0,91.8,10.22,0.0
2016-12-28,196.2,10.0,825.0,26.4,6.34,0.208
2016-12-29,217.3,35.0,775.0,65.0,8.7,0.0
2016-12-30,259.8,60.0,820.0,99.1,9.11,0.0
2016-12-31,285.6,70.0,910.0,85.0,9.25,0.0
2017-01-01,406.0,35.0,1470.0,95.0,9.11,0.0
2017-01-02,293.4,20.0,1165.0,73.9,6.95,0.208
2017-01-03,297.1,15.0,1270.0,34.5,5.19,0.417
2017-01-04,278.1,10.0,1140.0,26.8,5.8,0.417
2017-01-05,269.0,15.0,1235.0,40.9,6.64,0.208
2017-01-06,334.8,45.0,1525.0,65.0,10.85,0.083
2017-01-07,271.7,35.0,870.0,152.3,10.7,0.042
2017-01-08,289.8,55.0,900.0,121.8,7.96,0.0
2017-01-09,335.6,60.0,1265.0,98.2,9.45,0.0
2017-01-10,380.0,50.0,1215.0,83.6,10.9,0.0
2017-01-11,498.3,30.0,1990.0,55.9,10.74,0.0
2017-01-12,293.8,30.0,1135.0,40.9,8.91,0.0
2017-01-13,253.3,30.0,915.0,39.1,9.21,0.0
2017-01-14,217.5,25.0,810.0,51.4,7.5,0.083
2017-01-15,215.8,20.0,820.0,35.0,6.73,0.208
2017-01-16,363.8,55.0,1245.0,100.0,11.63,0.0
2017-01-17,347.7,40.0,990.0,135.0,9.69,0.0
2017-01-18,254.4,40.0,750.0,76.8,8.8,0.0
2017-01-19,324.4,140.0,800.0,177.7,13.48,0.0
2017-01-20,269.6,85.0,675.0,151.4,12.25,0.0
2017-01-21,185.2,50.0,515.0,95.5,9.53,0.0
2017-01-22,202.5,45.0,730.0,68.2,8.02,0.0
2017-01-23,252.1,50.0,965.0,78.2,9.18,0.0
2017-01-24,192.9,30.0,775.0,39.1,6.72,0.167
2017-01-25,281.0,30.0,820.0,49.1,12.94,0.0
2017-01-26,179.0,35.0,325.0,137.7,11.81,0.0
2017-01-27,491.9,40.0,1320.0,206.4,12.92,0.042
2017-01-28,372.3,75.0,1110.0,118.6,9.99,0.0
2017-01-29,308.5,45.0,760.0,155.9,12.4,0.0
2017-01-30,246.2,20.0,865.0,53.2,7.28,0.0
2017-01-31,242.7,15.0,1015.0,37.7,6.88,0.333
2017-02-01,327.9,20.0,1280.0,75.5,9.0,0.0
2017-02-02,257.1,20.0,980.0,25.9,6.3,0.375
2017-02-03,201.7,20.0,750.0,29.5,6.88,0.167
2017-02-04,289.6,25.0,630.0,113.6,14.63,0.0
2017-02-05,356.5,35.0,925.0,174.1,13.05,0.0
2017-02-06,329.0,25.0,1330.0,59.5,10.74,0.083
2017-02-07,287.1,60.0,735.0,95.9,11.43,0.0
2017-02-08,263.8,35.0,915.0,53.2,8.15,0.0
2017-02-09,419.0,40.0,1410.0,56.4,10.88,0.0
2017-02-10,377.1,60.0,1205.0,88.6,12.41,0.0
2017-02-11,260.2,20.0,920.0,43.6,8.11,0.0
2017-02-12,346.9,30.0,1305.0,36.4,7.6,0.208
2017-02-13,337.5,40.0,1105.0,64.1,9.27,0.0
2017-02-14,265.0,35.0,875.0,69.5,10.54,0.0
2017-02-15,238.8,30.0,890.0,47.3,9.7,0.0
2017-02-16,283.3,55.0,1030.0,88.6,12.72,0.0
2017-02-17,298.1,60.0,875.0,113.6,11.98,0.0
2017-02-18,281.9,35.0,1095.0,70.5,10.16,0.0
2017-02-19,257.5,20.0,1165.0,38.2,8.95,0.0
2017-02-20,435.0,30.0,2720.0,50.0,7.58,0.167
2017-02-21,545.2,10.0,1915.0,81.8,10.32,0.125
2017-02-22,584.4,10.0,2160.0,32.7,8.89,0.042
2017-02-23,522.3,60.0,1685.0,85.0,13.8,0.0
2017-02-24,579.0,95.0,1615.0,172.7,17.73,0.0
2017-02-25,471.7,55.0,1430.0,156.4,16.91,0.0
2017-02-26,455.6,30.0,1660.0,81.8,13.24,0.0
2017-02-27,376.2,10.0,1600.0,40.9,11.19,0.0
2017-02-28,267.3,10.0,1100.0,26.8,5.56,0.458
2017-03-01,328.3,15.0,1775.0,32.7,7.25,0.208
2017-03-02,451.0,15.0,2240.0,35.5,7.42,0.167
2017-03-03,439.4,20.0,1690.0,66.4,10.29,0.0
2017-03-04,474.6,25.0,1670.0,55.5,11.43,0.0
2017-03-05,522.3,50.0,2185.0,71.8,13.39,0.0
2017-03-06,492.5,45.0,1990.0,70.9,11.93,0.0
2017-03-07,327.7,15.0,1325.0,45.0,7.97,0.125
2017-03-08,422.9,75.0,1740.0,174.1,11.28,0.042
2017-03-09,514.2,30.0,2130.0,160.0,9.56,0.042
2017-03-10,376.0,95.0,1225.0,205.9,11.09,0.083
2017-03-11,599.6,95.0,1915.0,203.2,9.97,0.083
2017-03-12,694.4,10.0,2320.0,64.1,9.63,0.083
2017-03-13,501.7,30.0,1660.0,78.2,11.73,0.0
2017-03-14,405.2,25.0,1545.0,39.1,8.25,0.167
2017-03-15,416.9,40.0,1585.0,72.3,9.68,0.0
2017-03-16,330.6,20.0,1355.0,55.5,8.26,0.167
2017-03-17,627.1,65.0,2100.0,85.9,11.4,0.0
2017-03-18,412.5,30.0,1435.0,54.1,8.8,0.0
2017-03-19,537.7,10.0,2375.0,23.6,7.84,0.167
2017-03-20,551.7,30.0,1940.0,46.4,11.69,0.0
2017-03-21,536.7,35.0,2210.0,50.9,11.93,0.0
2017-03-22,430.4,35.0,1695.0,46.4,12.25,0.0
2017-03-23,382.9,15.0,2210.0,36.4,7.8,0.25
2017-03-24,490.0,50.0,2025.0,84.1,12.22,0.0
2017-03-25,539.2,50.0,1845.0,74.5,12.8,0.0
2017-03-26,536.9,70.0,1920.0,105.5,15.07,0.0
2017-03-27,592.5,75.0,1900.0,160.0,16.95,0.0
2017-03-28,529.6,45.0,2330.0,74.5,12.02,0.0
2017-03-29,546.9,60.0,1980.0,99.1,14.22,0.0
2017-03-30,727.3,70.0,2770.0,104.5,13.65,0.0
2017-03-31,535.6,15.0,2525.0,57.7,10.78,0.0
2017-04-01,790.0,35.0,3350.0,75.0,12.9,0.0
2017-04-02,655.4,45.0,2325.0,87.7,13.38,0.0
2017-04-03,548.5,20.0,3595.0,59.5,10.6,0.0
2017-04-04,587.7,15.0,2420.0,52.7,10.52,0.0
2017-04-05,729.2,35.0,1795.0,247.3,20.4,0.0
2017-04-06,1130.8,105.0,3610.0,321.4,17.45,0.0
2017-04-07,1119.2,60.0,3475.0,91.4,10.15,0.125
2017-04-08,792.1,45.0,2430.0,61.4,10.22,0.0
2017-04-09,844.4,165.0,2285.0,199.5,17.43,0.0
2017-04-10,977.7,160.0,2650.0,241.8,20.54,0.0
2017-04-11,936.0,115.0,2810.0,155.5,19.1,0.0
2017-04-12,936.0,40.0,3285.0,98.6,15.65,0.0
2017-04-13,714.6,15.0,2665.0,30.0,8.78,0.083
2017-04-14,640.0,30.0,3585.0,45.0,8.56,0.042
2017-04-15,902.1,25.0,3290.0,36.8,10.2,0.0
2017-04-16,540.6,15.0,2225.0,37.7,8.72,0.125
2017-04-17,759.4,30.0,2875.0,88.2,10.74,0.042
2017-04-18,732.1,15.0,3635.0,53.2,8.78,0.25
2017-04-19,775.4,25.0,3555.0,81.4,11.2,0.083
2017-04-20,778.5,30.0,2900.0,75.5,9.69,0.042
2017-04-21,588.1,25.0,2140.0,174.1,10.85,0.042
2017-04-22,619.4,20.0,2850.0,66.4,8.57,0.208
2017-04-23,979.8,30.0,3680.0,99.5,10.77,0.083
2017-04-24,946.9,65.0,3490.0,157.3,11.58,0.125
2017-04-25,1251.0,85.0,3830.0,195.9,13.28,0.042
2017-04-26,1325.8,35.0,4400.0,83.6,10.31,0.042
2017-04-27,1061.7,25.0,3665.0,95.5,8.43,0.167
2017-04-28,961.9,45.0,3900.0,80.9,9.52,0.083
2017-04-29,541.7,40.0,3600.0,61.8,7.13,0.208
2017-04-30,899.0,15.0,3665.0,155.0,12.1,0.083
2017-05-01,917.7,15.0,3035.0,46.8,7.42,0.25
2017-05-02,861.9,15.0,3885.0,31.4,5.7,0.417
2017-05-03,1116.9,20.0,4255.0,65.0,8.9,0.167
2017-05-04,1001.7,30.0,3025.0,79.5,12.86,0.042
2017-05-05,949.6,15.0,3375.0,40.0,10.42,0.0
2017-05-06,799.8,10.0,2710.0,30.0,9.16,0.042
2017-05-07,930.8,15.0,4125.0,25.5,8.56,0.083
2017-05-08,710.6,20.0,3440.0,76.8,8.06,0.25
2017-05-09,772.9,40.0,3725.0,150.5,13.37,0.042
2017-05-10,607.5,140.0,1720.0,349.5,14.5,0.083
2017-05-11,840.2,50.0,3095.0,185.0,10.62,0.125
2017-05-12,848.3,15.0,3490.0,45.9,9.13,0.083
2017-05-13,1101.0,30.0,3595.0,90.9,9.38,0.125
2017-05-14,1230.4,35.0,4075.0,61.4,9.95,0.042
2017-05-15,1212.3,15.0,4335.0,62.7,9.58,0.042
2017-05-16,1053.3,95.0,3360.0,232.3,11.84,0.083
2017-05-17,682.7,35.0,2885.0,95.9,7.97,0.125
2017-05-18,1122.1,35.0,3305.0,110.5,9.55,0.0
2017-05-19,834.6,30.0,3390.0,120.5,8.26,0.25
2017-05-20,959.6,15.0,3140.0,107.7,8.0,0.208
2017-05-21,807.5,40.0,3470.0,125.9,9.54,0.083
2017-05-22,569.0,30.0,1925.0,109.1,7.08,0.292
2017-05-23,1034.0,25.0,3085.0,62.3,9.38,0.042
2017-05-24,940.0,25.0,2920.0,67.7,8.81,0.083
2017-05-25,1058.8,25.0,3245.0,98.2,8.03,0.208
2017-05-26,931.9,50.0,3040.0,156.4,10.52,0.083
2017-05-27,878.8,295.0,2425.0,423.2,15.74,0.0
2017-05-28,848.5,205.0,1935.0,496.4,16.77,0.0
2017-05-29,753.5,190.0,1655.0,404.5,13.75,0.042
2017-05-30,883.8,60.0,2165.0,196.4,7.31,0.375
2017-05-31,653.3,45.0,1590.0,283.2,12.38,0.167
2017-06-01,816.5,15.0,2165.0,61.8,7.42,0.292
2017-06-02,941.0,40.0,2740.0,80.5,8.86,0.0
2017-06-03,1044.6,55.0,3060.0,103.2,12.18,0.0
2017-06-04,1168.1,85.0,3630.0,156.8,16.4,0.0
2017-06-05,1307.1,105.0,2980.0,601.4,19.35,0.0
2017-06-06,1375.8,160.0,2970.0,593.6,16.36,0.083
2017-06-07,722.7,35.0,1470.0,388.2,12.98,0.125
2017-06-08,566.7,20.0,1580.0,133.2,6.42,0.375
2017-06-09,681.7,35.0,2330.0,84.5,6.38,0.375
2017-06-10,726.9,10.0,2625.0,51.8,6.37,0.417
2017-06-11,721.0,15.0,2455.0,62.7,7.0,0.25
2017-06-12,972.9,35.0,2785.0,60.9,10.61,0.042
2017-06-13,1003.3,25.0,2860.0,52.3,9.84,0.0
2017-06-14,902.1,20.0,3140.0,100.0,12.21,0.0
2017-06-15,1000.4,45.0,2880.0,201.8,10.6,0.167
2017-06-16,507.5,70.0,1425.0,154.5,6.63,0.208
2017-06-17,647.9,30.0,1815.0,154.1,7.23,0.292
2017-06-18,563.1,35.0,1720.0,92.3,8.73,0.083
2017-06-19,672.3,40.0,2065.0,126.4,11.71,0.083
2017-06-20,373.5,35.0,1270.0,112.3,5.6,0.5
2017-06-21,568.3,25.0,1550.0,108.6,9.96,0.042
2017-06-22,503.8,25.0,1565.0,97.7,8.3,0.125
2017-06-23,622.1,55.0,1970.0,110.9,7.49,0.083
2017-06-24,616.9,20.0,1880.0,56.4,4.47,0.458
2017-06-25,637.3,55.0,2110.0,127.7,8.17,0.125
2017-06-26,843.5,90.0,1880.0,398.6,11.46,0.0
2017-06-27,842.7,155.0,1640.0,332.7,11.58,0.0
2017-06-28,387.7,50.0,1030.0,185.0,12.72,0.042
2017-06-29,518.8,210.0,890.0,378.6,12.55,0.042
2017-06-30,378.1,145.0,975.0,217.7,7.76,0.125
2017-07-01,387.7,100.0,1015.0,156.8,5.85,0.292
2017-07-02,415.2,160.0,700.0,276.4,9.35,0.0
2017-07-03,433.1,20.0,1150.0,160.5,6.06,0.542
2017-07-04,592.9,30.0,1370.0,215.0,14.88,0.0
2017-07-05,602.1,40.0,1375.0,275.5,12.31,0.042
2017-07-06,466.2,55.0,1185.0,170.5,8.46,0.167
2017-07-07,513.1,125.0,1425.0,145.9,9.22,0.0
2017-07-08,569.2,20.0,1625.0,105.0,8.02,0.25
2017-07-09,555.6,30.0,1715.0,98.2,11.01,0.125
2017-07-10,675.8,45.0,1775.0,328.2,13.55,0.083
2017-07-11,487.7,60.0,1455.0,171.8,9.77,0.0
2017-07-12,401.9,155.0,665.0,280.5,12.1,0.0
2017-07-13,632.7,115.0,1260.0,316.4,12.89,0.0
2017-07-14,775.4,450.0,1395.0,540.9,13.53,0.0
2017-07-15,646.0,265.0,1120.0,382.3,12.74,0.0
2017-07-16,566.0,185.0,1240.0,280.0,9.37,0.042
2017-07-17,378.8,60.0,835.0,205.5,8.28,0.167
2017-07-18,517.9,65.0,1310.0,156.4,6.62,0.333
2017-07-19,446.5,30.0,1525.0,93.2,6.26,0.333
2017-07-20,490.8,130.0,1025.0,227.3,10.96,0.0
2017-07-21,665.8,160.0,1360.0,355.5,12.18,0.0
2017-07-22,756.0,590.0,1140.0,719.1,18.32,0.0
2017-07-23,734.2,545.0,1290.0,624.5,17.95,0.0
2017-07-24,610.2,365.0,1085.0,486.4,15.05,0.0
2017-07-25,515.0,195.0,1025.0,340.0,13.83,0.0
2017-07-26,457.3,145.0,995.0,278.6,10.45,0.0
2017-07-27,498.8,145.0,935.0,231.4,11.95,0.0
2017-07-28,710.2,180.0,1380.0,526.4,14.15,0.0
2017-07-29,743.3,375.0,1270.0,521.4,17.05,0.0
2017-07-30,567.3,170.0,1240.0,303.6,9.17,0.0
2017-07-31,280.2,140.0,630.0,166.8,7.25,0.25
2017-08-01,382.3,265.0,635.0,303.2,10.51,0.042
2017-08-02,456.7,145.0,925.0,324.1,9.75,0.042
2017-08-03,659.8,260.0,1190.0,455.9,14.05,0.0
2017-08-04,497.7,50.0,935.0,410.9,10.99,0.042
2017-08-05,414.4,65.0,1045.0,204.1,6.86,0.292
2017-08-06,346.5,30.0,1215.0,92.3,6.95,0.083
2017-08-07,307.5,40.0,910.0,114.1,5.45,0.458
2017-08-08,326.0,35.0,1065.0,140.0,4.9,0.5
2017-08-09,251.0,40.0,700.0,84.1,5.43,0.375
2017-08-10,488.5,95.0,1075.0,269.1,11.59,0.042
2017-08-11,754.2,495.0,1195.0,573.2,18.46,0.0
2017-08-12,742.9,240.0,1155.0,621.4,20.62,0.0
2017-08-13,626.0,175.0,1015.0,503.6,15.4,0.0
2017-08-14,494.4,120.0,1105.0,195.0,8.06,0.083
2017-08-15,498.1,195.0,1190.0,250.5,9.39,0.0
2017-08-16,572.3,35.0,1380.0,287.3,12.65,0.0
2017-08-17,568.8,15.0,1470.0,272.7,12.78,0.0
2017-08-18,473.3,80.0,1360.0,182.7,10.8,0.042
2017-08-19,509.0,320.0,820.0,429.5,13.38,0.0
2017-08-20,559.0,175.0,1250.0,424.1,13.07,0.0
2017-08-21,624.0,320.0,1290.0,374.5,11.8,0.0
2017-08-22,436.2,115.0,1045.0,282.3,8.32,0.083
2017-08-23,301.7,115.0,780.0,185.9,8.3,0.167
2017-08-24,353.5,75.0,1090.0,131.4,5.9,0.333
2017-08-25,325.2,25.0,980.0,90.9,5.64,0.458
2017-08-26,373.5,35.0,1215.0,79.1,4.92,0.5
2017-08-27,444.8,25.0,1325.0,107.3,6.33,0.5
2017-08-28,642.1,255.0,1235.0,354.1,13.62,0.0
2017-08-29,717.5,220.0,1350.0,428.6,15.03,0.0
2017-08-30,689.6,200.0,1180.0,541.4,14.93,0.0
2017-08-31,364.0,130.0,980.0,300.9,9.98,0.0
2017-09-01,420.0,30.0,1005.0,193.6,9.97,0.167
2017-09-02,311.2,60.0,715.0,124.5,9.8,0.042
2017-09-03,361.0,35.0,1325.0,65.9,6.4,0.292
2017-09-04,429.0,30.0,1395.0,99.1,10.34,0.167
2017-09-05,412.9,50.0,1260.0,142.3,10.1,0.0
2017-09-06,421.7,80.0,1295.0,135.9,7.28,0.083
2017-09-07,336.0,15.0,1065.0,89.5,6.58,0.25
2017-09-08,410.8,20.0,1290.0,37.7,6.16,0.333
2017-09-09,457.3,20.0,1385.0,36.4,8.23,0.125
2017-09-10,356.7,15.0,1555.0,28.2,5.91,0.333
2017-09-11,396.5,35.0,1455.0,60.5,6.94,0.167
2017-09-12,441.2,35.0,1515.0,55.0,7.17,0.125
2017-09-13,434.6,10.0,1395.0,56.8,6.53,0.208
2017-09-14,411.0,15.0,1525.0,30.5,6.12,0.375
2017-09-15,461.7,25.0,1625.0,44.1,7.77,0.042
2017-09-16,344.2,15.0,1200.0,46.8,5.98,0.458
2017-09-17,333.3,15.0,1080.0,63.2,9.75,0.083
2017-09-18,429.2,35.0,1415.0,83.6,9.51,0.042
2017-09-19,422.1,35.0,1265.0,95.5,5.79,0.208
2017-09-20,462.5,30.0,1585.0,53.2,5.25,0.625
2017-09-21,539.6,65.0,1005.0,275.0,10.65,0.0
2017-09-22,468.5,210.0,775.0,412.3,11.75,0.0
2017-09-23,356.0,90.0,570.0,287.7,10.63,0.083
2017-09-24,337.9,25.0,1000.0,73.6,11.29,0.083
2017-09-25,388.8,25.0,1240.0,58.2,9.97,0.042
2017-09-26,369.2,10.0,1450.0,38.2,6.53,0.333
2017-09-27,382.7,25.0,1635.0,40.0,6.43,0.25
2017-09-28,411.9,20.0,1735.0,30.0,6.2,0.25
2017-09-29,369.4,10.0,1350.0,32.3,6.8,0.417
2017-09-30,332.1,15.0,1340.0,34.1,7.62,0.167
2017-10-01,284.6,15.0,1365.0,29.5,6.67,0.25
2017-10-02,232.3,10.0,1040.0,39.1,7.02,0.25
2017-10-03,278.1,15.0,1085.0,25.9,7.89,0.292
2017-10-04,315.6,15.0,1315.0,34.1,7.7,0.167
2017-10-05,362.9,15.0,1360.0,24.5,8.45,0.125
2017-10-06,357.1,10.0,1430.0,28.2,8.92,0.0
2017-10-07,355.4,20.0,1420.0,37.7,6.79,0.167
2017-10-08,305.6,15.0,1330.0,31.4,6.44,0.167
2017-10-09,303.1,15.0,1115.0,35.9,7.73,0.042
2017-10-10,371.7,20.0,1360.0,34.1,6.89,0.167
2017-10-11,421.0,25.0,1705.0,41.8,7.17,0.125
2017-10-12,489.6,10.0,2125.0,15.5,6.78,0.208
2017-10-13,490.2,20.0,2225.0,44.5,7.25,0.167
2017-10-14,293.3,15.0,1315.0,28.6,7.47,0.167
2017-10-15,221.5,15.0,930.0,22.7,6.57,0.25
2017-10-16,215.6,10.0,985.0,28.6,7.49,0.167
2017-10-17,313.1,15.0,1415.0,30.5,9.25,0.083
2017-10-18,294.6,10.0,1130.0,16.4,7.84,0.333
2017-10-19,342.1,20.0,1280.0,29.1,6.63,0.25
2017-10-20,385.0,20.0,1560.0,27.7,7.11,0.167
2017-10-21,464.6,10.0,2360.0,22.7,8.49,0.167
2017-10-22,466.2,15.0,2735.0,33.6,8.33,0.167
2017-10-23,486.9,10.0,2755.0,26.4,6.67,0.25
2017-10-24,493.8,10.0,2410.0,30.9,10.18,0.042
2017-10-25,386.0,20.0,1895.0,36.4,7.05,0.083
2017-10-26,487.7,30.0,2170.0,56.4,7.24,0.125
2017-10-27,359.6,30.0,1805.0,55.0,6.4,0.208
2017-10-28,336.2,60.0,1450.0,65.5,6.78,0.125
2017-10-29,431.9,25.0,1755.0,61.8,6.54,0.125
2017-10-30,359.6,10.0,1450.0,33.6,6.4,0.25
2017-10-31,394.6,10.0,1865.0,31.8,4.82,0.542
2017-11-01,382.5,60.0,1725.0,75.9,7.76,0.083
2017-11-02,365.0,60.0,1595.0,76.8,6.47,0.167
2017-11-03,414.6,45.0,1510.0,54.1,6.56,0.167
2017-11-04,381.2,15.0,1315.0,25.0,7.44,0.042
2017-11-05,445.6,15.0,1635.0,19.5,4.75,0.5
2017-11-06,455.6,10.0,1655.0,23.6,6.33,0.167
2017-11-07,452.9,15.0,1690.0,31.4,6.22,0.417
2017-11-08,371.9,15.0,1625.0,25.0,7.12,0.292
2017-11-09,365.4,10.0,1790.0,21.8,7.8,0.167
2017-11-10,369.6,10.0,1665.0,21.8,7.78,0.083
2017-11-11,325.4,10.0,1580.0,22.7,7.51,0.167
2017-11-12,378.5,10.0,1565.0,29.5,7.5,0.042
2017-11-13,352.1,15.0,1580.0,46.4,6.45,0.208
2017-11-14,526.0,80.0,2220.0,117.7,11.87,0.0
2017-11-15,433.1,50.0,1605.0,104.1,9.11,0.0
2017-11-16,360.8,35.0,1485.0,66.4,8.57,0.0
2017-11-17,330.6,65.0,1085.0,99.1,9.38,0.0
2017-11-18,314.2,25.0,990.0,155.0,10.68,0.0
2017-11-19,372.3,110.0,965.0,185.9,12.68,0.0
2017-11-20,420.6,75.0,1250.0,106.8,11.59,0.0
2017-11-21,411.2,60.0,1335.0,79.5,11.85,0.0
2017-11-22,376.2,70.0,1290.0,90.5,11.76,0.0
2017-11-23,323.8,55.0,1200.0,101.4,11.6,0.0
2017-11-24,262.5,60.0,980.0,70.0,9.88,0.0
2017-11-25,233.1,35.0,835.0,65.5,9.67,0.0
2017-11-26,240.4,25.0,1050.0,35.9,8.37,0.0
2017-11-27,287.1,55.0,1000.0,67.3,11.13,0.0
2017-11-28,274.6,25.0,1330.0,41.4,8.83,0.0
2017-11-29,230.4,25.0,1175.0,29.5,7.26,0.167
2017-11-30,270.4,10.0,1280.0,20.0,6.97,0.292
2017-12-01,268.5,10.0,1320.0,31.8,5.8,0.292
2017-12-02,303.8,10.0,1480.0,15.9,5.22,0.542
2017-12-03,269.4,10.0,1310.0,16.8,4.43,0.625
2017-12-04,277.1,15.0,1160.0,24.5,6.42,0.208
2017-12-05,202.7,30.0,720.0,38.2,6.35,0.292
2017-12-06,255.6,80.0,725.0,139.1,8.38,0.042
2017-12-07,281.0,65.0,755.0,155.0,11.28,0.0
2017-12-08,245.6,60.0,705.0,95.9,11.77,0.0
2017-12-09,196.5,20.0,850.0,45.0,7.19,0.167
2017-12-10,194.6,10.0,890.0,15.9,5.41,0.542
2017-12-11,213.1,15.0,835.0,27.7,6.97,0.125
2017-12-12,328.1,85.0,995.0,106.4,5.57,0.417
2017-12-13,273.1,45.0,965.0,87.7,6.25,0.042
2017-12-14,252.1,45.0,815.0,70.9,9.0,0.0
2017-12-15,267.1,75.0,690.0,125.0,12.47,0.0
2017-12-16,337.5,175.0,780.0,190.9,15.14,0.0
2017-12-17,291.2,155.0,590.0,176.8,17.0,0.0
2017-12-18,294.8,150.0,630.0,200.0,17.77,0.0
2017-12-19,206.0,45.0,545.0,111.8,11.2,0.0
2017-12-20,149.2,15.0,485.0,65.0,7.61,0.042
2017-12-21,197.7,30.0,665.0,56.8,8.05,0.083
2017-12-22,343.8,100.0,1080.0,135.5,14.92,0.0
2017-12-23,306.0,35.0,920.0,126.4,14.0,0.0
2017-12-24,202.9,10.0,995.0,20.0,5.41,0.583
2017-12-25,269.0,10.0,975.0,34.1,8.76,0.042
2017-12-26,220.8,30.0,760.0,60.0,9.75,0.042
2017-12-27,181.5,10.0,785.0,36.4,6.95,0.208
2017-12-28,192.3,15.0,865.0,27.3,7.88,0.125
2017-12-29,209.2,20.0,890.0,35.9,8.14,0.042
2017-12-30,236.9,15.0,940.0,24.1,6.69,0.25
2017-12-31,227.1,20.0,1030.0,26.8,6.81,0.375
2018-01-01,331.5,15.0,1680.0,25.0,5.94,0.375
2018-01-02,229.0,15.0,960.0,21.4,5.8,0.375
2018-01-03,235.0,15.0,870.0,25.9,7.71,0.125
2018-01-04,212.3,20.0,870.0,28.6,6.98,0.125
2018-01-05,214.8,20.0,895.0,30.5,6.79,0.208
2018-01-06,227.1,10.0,955.0,18.6,7.36,0.208
2018-01-07,316.7,40.0,1030.0,70.9,11.99,0.0
2018-01-08,271.0,30.0,920.0,66.8,10.82,0.0
2018-01-09,230.2,35.0,760.0,46.8,9.61,0.0
2018-01-10,264.8,80.0,720.0,102.3,14.26,0.0
2018-01-11,287.1,105.0,745.0,132.3,14.65,0.0
2018-01-12,262.3,20.0,860.0,100.5,10.85,0.125
2018-01-13,257.5,30.0,1050.0,37.3,8.05,0.125
2018-01-14,222.1,40.0,770.0,52.3,9.77,0.0
2018-01-15,260.0,50.0,805.0,73.2,11.97,0.0
2018-01-16,235.8,10.0,720.0,105.0,12.06,0.042
2018-01-17,187.9,20.0,660.0,37.3,10.29,0.0
2018-01-18,164.0,15.0,660.0,27.7,7.45,0.167
2018-01-19,284.2,25.0,1105.0,48.2,9.07,0.0
2018-01-20,271.9,40.0,800.0,88.6,11.95,0.0
2018-01-21,213.1,15.0,870.0,43.6,6.85,0.25
2018-01-22,195.2,10.0,795.0,25.0,7.8,0.0
2018-01-23,248.8,55.0,690.0,109.5,11.94,0.042
2018-01-24,339.4,15.0,1280.0,70.5,7.58,0.167
2018-01-25,344.2,40.0,1030.0,102.3,11.57,0.0
2018-01-26,305.2,15.0,1255.0,29.1,8.55,0.0
2018-01-27,247.9,30.0,920.0,35.0,9.01,0.0
2018-01-28,239.0,30.0,865.0,38.6,9.11,0.0
2018-01-29,228.1,35.0,705.0,55.9,10.57,0.0
2018-01-30,344.6,110.0,705.0,193.6,16.73,0.0
2018-01-31,471.2,160.0,945.0,310.9,18.37,0.0
2018-02-01,232.3,55.0,775.0,94.1,10.91,0.0
2018-02-02,250.0,45.0,1020.0,54.1,7.82,0.0
2018-02-03,331.2,50.0,1325.0,59.5,9.06,0.0
2018-02-04,270.4,40.0,895.0,73.2,10.98,0.0
2018-02-05,223.1,45.0,755.0,51.4,8.04,0.0
2018-02-06,236.7,45.0,680.0,88.6,11.55,0.042
2018-02-07,288.3,30.0,935.0,98.6,12.43,0.0
2018-02-08,274.0,20.0,1005.0,33.2,9.16,0.0
2018-02-09,255.6,20.0,995.0,40.5,9.08,0.0
2018-02-10,241.0,10.0,1090.0,18.6,6.22,0.458
2018-02-11,245.0,30.0,735.0,93.2,11.4,0.042
2018-02-12,445.0,135.0,1035.0,257.3,16.59,0.0
2018-02-13,353.1,25.0,1150.0,77.7,7.79,0.167
2018-02-14,436.7,145.0,1210.0,164.5,14.77,0.0
2018-02-15,386.5,60.0,895.0,176.8,15.64,0.0
2018-02-16,312.1,65.0,945.0,74.1,11.85,0.0
2018-02-17,363.5,50.0,1245.0,77.7,11.75,0.0
2018-02-18,352.3,15.0,1410.0,40.5,9.68,0.0
2018-02-19,265.6,10.0,1080.0,20.5,7.58,0.042
2018-02-20,272.5,20.0,1080.0,34.1,8.18,0.0
2018-02-21,242.7,15.0,1045.0,26.8,6.92,0.208
2018-02-22,279.4,10.0,1275.0,24.5,7.8,0.125
2018-02-23,259.2,20.0,1060.0,33.6,6.29,0.292
2018-02-24,302.5,55.0,1230.0,68.6,8.47,0.042
2018-02-25,434.6,35.0,1390.0,137.3,9.76,0.167
2018-02-26,476.0,95.0,1170.0,203.2,16.83,0.0
2018-02-27,359.2,50.0,1075.0,101.8,11.45,0.0
2018-02-28,338.3,45.0,1325.0,55.9,8.17,0.042
2018-03-01,241.0,25.0,885.0,43.6,8.99,0.0
2018-03-02,333.1,15.0,1305.0,42.7,8.75,0.167
2018-03-03,534.4,15.0,2525.0,56.8,7.72,0.0
2018-03-04,420.8,15.0,1945.0,67.3,10.64,0.0
2018-03-05,586.5,15.0,2135.0,35.5,9.96,0.0
2018-03-06,547.7,60.0,1605.0,88.6,12.46,0.0
2018-03-07,426.7,10.0,1365.0,64.5,11.57,0.083
2018-03-08,360.0,10.0,1495.0,20.0,5.23,0.583
2018-03-09,523.8,15.0,2190.0,42.7,8.76,0.083
2018-03-10,485.0,50.0,2190.0,84.5,12.43,0.0
2018-03-11,403.8,45.0,1440.0,89.5,11.62,0.0
2018-03-12,472.5,30.0,1990.0,50.5,10.81,0.0
2018-03-13,591.5,35.0,2790.0,47.7,9.0,0.0
2018-03-14,328.8,40.0,1330.0,57.7,8.75,0.167
2018-03-15,505.0,60.0,2150.0,71.4,9.82,0.083
2018-03-16,660.8,15.0,2690.0,40.9,9.67,0.083
2018-03-17,635.0,40.0,2005.0,70.5,12.34,0.0
2018-03-18,523.1,45.0,1895.0,54.1,11.28,0.0
2018-03-19,364.8,10.0,1590.0,38.2,8.54,0.167
2018-03-20,444.6,30.0,2180.0,43.6,6.53,0.25
2018-03-21,481.7,30.0,2320.0,94.1,10.75,0.125
2018-03-22,610.8,40.0,2025.0,110.0,8.29,0.125
2018-03-23,750.4,55.0,2310.0,110.0,9.36,0.042
2018-03-24,646.2,55.0,1990.0,84.1,10.85,0.0
2018-03-25,768.8,50.0,2435.0,86.8,12.82,0.0
2018-03-26,581.0,60.0,1810.0,82.3,13.64,0.0
2018-03-27,578.3,25.0,2195.0,45.5,9.82,0.0
2018-03-28,596.2,10.0,3025.0,31.8,9.44,0.042
2018-03-29,808.3,55.0,3500.0,87.3,13.37,0.0
2018-03-30,635.8,50.0,2350.0,79.1,14.38,0.0
2018-03-31,517.1,60.0,1555.0,125.0,11.93,0.0
2018-04-01,606.2,50.0,1775.0,117.3,10.73,0.0
2018-04-02,751.0,50.0,2430.0,74.1,8.54,0.083
2018-04-03,644.2,35.0,2240.0,89.5,8.96,0.042
2018-04-04,777.9,40.0,3515.0,105.9,8.32,0.083
2018-04-05,495.4,45.0,1915.0,79.5,6.4,0.458
2018-04-06,522.3,20.0,2500.0,60.0,6.9,0.167
2018-04-07,394.6,15.0,1190.0,128.2,10.59,0.083
2018-04-08,756.0,55.0,2530.0,169.5,13.0,0.042
2018-04-09,338.1,35.0,1125.0,135.9,10.26,0.083
2018-04-10,487.3,15.0,2100.0,60.9,8.64,0.125
2018-04-11,438.8,70.0,1430.0,105.0,12.81,0.042
2018-04-12,590.0,15.0,1770.0,55.5,6.14,0.333
2018-04-13,755.0,40.0,2255.0,52.3,8.48,0.083
2018-04-14,750.0,35.0,2730.0,78.6,10.39,0.0
2018-04-15,740.6,10.0,3530.0,36.4,8.82,0.0
2018-04-16,647.9,10.0,3965.0,58.2,10.45,0.042
2018-04-17,849.0,10.0,3870.0,100.0,8.87,0.167
2018-04-18,1026.0,90.0,3020.0,176.4,15.45,0.0
2018-04-19,1102.5,30.0,4190.0,89.1,11.47,0.0
2018-04-20,1437.5,45.0,4590.0,193.6,16.17,0.0
2018-04-21,831.5,70.0,2285.0,157.3,12.36,0.0
2018-04-22,894.4,80.0,2375.0,241.4,14.96,0.0
2018-04-23,859.0,60.0,2615.0,111.4,13.57,0.0
2018-04-24,935.4,20.0,2920.0,58.2,10.15,0.125
2018-04-25,1050.8,15.0,4265.0,34.1,10.17,0.042
2018-04-26,857.7,25.0,3655.0,63.2,9.09,0.083
2018-04-27,523.5,45.0,2615.0,262.7,13.5,0.0
2018-04-28,846.2,50.0,2575.0,264.5,13.3,0.0
2018-04-29,737.9,30.0,3840.0,90.0,9.75,0.083
2018-04-30,722.1,60.0,3305.0,170.9,11.28,0.042
2018-05-01,681.5,130.0,1530.0,383.6,17.71,0.0
2018-05-02,756.0,75.0,1710.0,324.1,17.05,0.0
2018-05-03,743.1,95.0,1800.0,315.0,16.1,0.0
2018-05-04,765.8,35.0,1895.0,332.7,13.47,0.083
2018-05-05,976.9,80.0,2840.0,119.1,7.69,0.125
2018-05-06,698.8,10.0,2380.0,65.0,10.42,0.125
2018-05-07,770.2,20.0,3580.0,54.5,8.57,0.167
2018-05-08,770.6,65.0,2485.0,283.2,9.07,0.125
2018-05-09,724.2,10.0,2855.0,52.7,7.15,0.417
2018-05-10,962.9,20.0,3015.0,39.5,8.3,0.083
2018-05-11,816.9,15.0,2835.0,38.2,9.17,0.0
2018-05-12,552.5,15.0,3285.0,75.5,9.55,0.167
2018-05-13,542.9,30.0,2390.0,112.3,11.68,0.125
2018-05-14,646.2,70.0,1960.0,215.5,8.01,0.083
2018-05-15,596.0,15.0,2015.0,154.1,8.42,0.292
2018-05-16,719.2,30.0,2455.0,86.8,8.15,0.333
2018-05-17,756.9,70.0,3090.0,108.6,8.19,0.208
2018-05-18,721.5,35.0,3120.0,55.0,6.91,0.125
2018-05-19,774.8,15.0,3585.0,38.6,6.53,0.292
2018-05-20,889.4,45.0,3160.0,93.6,10.17,0.0
2018-05-21,818.5,70.0,2655.0,126.4,11.68,0.0
2018-05-22,829.8,25.0,3100.0,103.6,9.84,0.125
2018-05-23,719.8,15.0,3245.0,54.5,10.16,0.0
2018-05-24,855.6,15.0,3490.0,85.9,9.22,0.042
2018-05-25,1155.0,20.0,3930.0,36.8,9.32,0.083
2018-05-26,1290.0,25.0,4555.0,45.9,9.19,0.042
2018-05-27,1183.8,30.0,4540.0,54.1,10.8,0.125
2018-05-28,1052.1,45.0,3810.0,72.7,9.21,0.125
2018-05-29,962.9,20.0,4065.0,159.1,12.58,0.083
2018-05-30,697.5,65.0,1555.0,402.7,14.33,0.042
2018-05-31,832.3,60.0,2545.0,233.6,11.1,0.0
2018-06-01,846.2,360.0,1670.0,463.2,17.98,0.0
2018-06-02,827.7,210.0,1640.0,484.5,15.64,0.0
2018-06-03,854.8,210.0,1975.0,413.2,13.32,0.0
2018-06-04,989.0,295.0,2260.0,405.5,16.01,0.0
2018-06-05,1088.8,405.0,2285.0,508.2,16.06,0.0
2018-06-06,751.0,200.0,1585.0,407.3,12.27,0.0
2018-06-07,822.3,110.0,2185.0,236.8,8.31,0.25
2018-06-08,926.0,180.0,1985.0,385.9,16.14,0.0
2018-06-09,611.0,85.0,1625.0,364.1,14.04,0.125
2018-06-10,522.1,20.0,1580.0,75.9,6.65,0.125
2018-06-11,806.9,35.0,2180.0,140.5,11.09,0.167
2018-06-12,796.7,30.0,2490.0,83.2,13.52,0.0
2018-06-13,853.8,50.0,1945.0,309.5,16.84,0.0
2018-06-14,1017.9,265.0,2100.0,639.5,19.82,0.0
2018-06-15,1012.3,30.0,2200.0,569.1,17.82,0.042
2018-06-16,1044.2,40.0,2460.0,498.2,14.15,0.083
2018-06-17,786.9,75.0,1935.0,180.5,10.38,0.042
2018-06-18,665.2,40.0,1825.0,135.9,8.18,0.292
2018-06-19,759.6,35.0,2100.0,100.9,8.5,0.083
2018-06-20,848.1,20.0,2540.0,56.8,5.67,0.458
2018-06-21,876.7,15.0,2730.0,33.6,7.37,0.125
2018-06-22,896.9,10.0,2780.0,34.1,5.75,0.542
2018-06-23,727.3,15.0,2745.0,36.4,8.47,0.333
2018-06-24,963.3,35.0,2725.0,89.1,9.23,0.042
2018-06-25,1059.4,85.0,2775.0,253.6,13.16,0.0
2018-06-26,555.8,60.0,1470.0,235.9,9.34,0.083
2018-06-27,522.1,40.0,1835.0,160.0,9.04,0.042
2018-06-28,580.2,245.0,1220.0,402.7,14.55,0.042
2018-06-29,875.8,485.0,1550.0,698.2,16.59,0.0
2018-06-30,584.4,90.0,1310.0,358.2,8.49,0.292
2018-07-01,736.2,100.0,1460.0,345.9,10.79,0.042
2018-07-02,692.1,45.0,1635.0,255.9,12.0,0.167
2018-07-03,500.2,25.0,1635.0,138.6,8.59,0.125
2018-07-04,474.2,25.0,1380.0,163.6,8.93,0.167
2018-07-05,535.2,20.0,1610.0,71.4,6.0,0.417
2018-07-06,617.1,55.0,1740.0,120.0,8.15,0.167
2018-07-07,626.5,10.0,1715.0,37.7,7.77,0.083
2018-07-08,671.9,10.0,1935.0,38.6,6.3,0.333
2018-07-09,763.3,100.0,1770.0,301.4,9.61,0.167
2018-07-10,801.9,310.0,1610.0,435.0,11.78,0.0
2018-07-11,640.4,235.0,1240.0,327.7,9.64,0.125
2018-07-12,578.3,180.0,1250.0,255.0,7.86,0.25
2018-07-13,463.3,135.0,1045.0,323.2,8.27,0.167
2018-07-14,391.5,120.0,795.0,225.5,8.65,0.042
2018-07-15,531.9,125.0,1165.0,279.5,9.45,0.042
2018-07-16,459.4,120.0,945.0,294.5,9.33,0.0
2018-07-17,553.1,105.0,1450.0,190.0,9.31,0.0
2018-07-18,518.3,120.0,1525.0,209.5,9.77,0.042
2018-07-19,507.1,50.0,1645.0,125.5,6.52,0.417
2018-07-20,306.5,30.0,990.0,61.8,4.22,0.542
2018-07-21,291.7,70.0,905.0,131.8,5.5,0.5
2018-07-22,313.8,30.0,745.0,194.5,4.9,0.667
2018-07-23,402.5,20.0,1145.0,78.2,6.53,0.375
2018-07-24,410.2,35.0,1240.0,82.7,5.05,0.5
2018-07-25,319.0,100.0,675.0,195.9,6.6,0.167
2018-07-26,239.0,75.0,455.0,145.0,7.12,0.292
2018-07-27,332.7,125.0,445.0,290.9,6.63,0.458
2018-07-28,476.9,65.0,1055.0,232.3,12.57,0.083
2018-07-29,487.1,85.0,1250.0,171.4,9.17,0.208
2018-07-30,491.0,65.0,1110.0,227.3,10.42,0.042
2018-07-31,506.2,50.0,1190.0,254.5,11.91,0.083
2018-08-01,530.8,40.0,1595.0,157.7,12.53,0.167
2018-08-02,620.8,100.0,1515.0,253.6,12.01,0.0
2018-08-03,629.0,100.0,1595.0,352.7,13.15,0.0
2018-08-04,663.8,125.0,1380.0,447.7,12.42,0.0
2018-08-05,410.0,230.0,825.0,333.2,11.77,0.0
2018-08-06,258.1,15.0,680.0,110.0,5.7,0.5
2018-08-07,362.9,75.0,955.0,149.1,4.95,0.583
2018-08-08,430.6,80.0,1215.0,162.7,8.35,0.25
2018-08-09,488.5,70.0,1275.0,187.3,8.58,0.125
2018-08-10,405.8,30.0,1305.0,75.5,5.75,0.542
2018-08-11,554.6,130.0,1210.0,266.8,13.7,0.042
2018-08-12,447.9,110.0,895.0,299.5,9.18,0.042
2018-08-13,409.0,95.0,1030.0,205.5,5.18,0.542
2018-08-14,394.4,35.0,1260.0,102.7,6.25,0.292
2018-08-15,400.4,40.0,1070.0,144.1,7.42,0.125
2018-08-16,413.1,110.0,1190.0,223.2,6.92,0.083
2018-08-17,502.3,115.0,1075.0,239.1,10.13,0.0
2018-08-18,334.0,40.0,1080.0,117.3,7.18,0.208
2018-08-19,288.8,35.0,830.0,84.1,6.05,0.292
2018-08-20,310.2,20.0,975.0,71.8,5.25,0.5
2018-08-21,431.9,55.0,1230.0,103.6,6.59,0.042
2018-08-22,332.1,40.0,915.0,120.0,5.68,0.292
2018-08-23,354.6,40.0,895.0,126.4,7.62,0.208
2018-08-24,476.7,105.0,1050.0,262.3,10.1,0.042
2018-08-25,559.2,135.0,1260.0,365.5,12.48,0.042
2018-08-26,484.4,45.0,1210.0,221.8,8.43,0.333
2018-08-27,339.8,15.0,885.0,101.8,4.25,0.708
2018-08-28,336.0,105.0,860.0,214.1,7.41,0.25
2018-08-29,290.2,15.0,795.0,165.9,5.87,0.458
2018-08-30,337.5,50.0,1005.0,99.1,6.17,0.333
2018-08-31,363.5,60.0,1530.0,132.3,8.81,0.0
2018-09-01,196.7,20.0,515.0,73.2,5.14,0.5
2018-09-02,225.8,25.0,585.0,79.1,4.7,0.542
2018-09-03,215.8,25.0,645.0,70.0,4.24,0.667
2018-09-04,263.3,30.0,795.0,72.7,4.82,0.542
2018-09-05,275.8,20.0,655.0,83.6,8.37,0.292
2018-09-06,324.2,35.0,945.0,133.2,6.42,0.5
2018-09-07,277.5,15.0,1000.0,76.8,6.79,0.417
2018-09-08,552.7,100.0,1135.0,235.9,13.13,0.208
2018-09-09,621.9,235.0,1055.0,430.9,14.12,0.0
2018-09-10,340.4,65.0,860.0,141.8,6.97,0.25
2018-09-11,397.9,60.0,1020.0,230.5,8.36,0.042
2018-09-12,572.1,155.0,1270.0,351.4,14.77,0.0
2018-09-13,600.8,85.0,1290.0,462.7,13.61,0.042
2018-09-14,477.5,25.0,1255.0,238.2,9.43,0.0
2018-09-15,434.8,25.0,1450.0,133.2,8.62,0.125
2018-09-16,462.5,15.0,1540.0,60.5,9.0,0.125
2018-09-17,444.4,10.0,1470.0,39.5,7.84,0.25
2018-09-18,498.3,35.0,1720.0,60.5,8.86,0.042
2018-09-19,441.5,15.0,1545.0,28.2,8.75,0.042
2018-09-20,421.5,10.0,1435.0,56.8,5.38,0.5
2018-09-21,589.2,145.0,1325.0,317.3,13.24,0.0
2018-09-22,783.8,590.0,970.0,746.4,17.15,0.0
2018-09-23,733.8,570.0,1035.0,693.2,20.63,0.0
2018-09-24,410.2,95.0,650.0,423.2,15.57,0.0
2018-09-25,444.6,80.0,985.0,260.0,13.19,0.125
2018-09-26,413.5,20.0,1355.0,75.5,8.47,0.042
2018-09-27,349.2,15.0,1230.0,26.8,5.53,0.417
2018-09-28,335.6,15.0,1360.0,23.6,4.97,0.458
2018-09-29,227.3,15.0,1055.0,43.6,5.49,0.458
2018-09-30,423.3,60.0,1405.0,85.5,9.95,0.0
2018-10-01,340.8,35.0,1230.0,50.0,8.87,0.0
2018-10-02,286.5,20.0,1290.0,32.7,6.9,0.083
2018-10-03,230.2,10.0,1085.0,28.6,5.51,0.333
2018-10-04,229.0,15.0,1720.0,29.1,5.03,0.542
2018-10-05,274.4,10.0,1325.0,27.7,5.2,0.458
2018-10-06,274.8,30.0,1345.0,42.7,8.25,0.0
2018-10-07,259.2,15.0,1010.0,32.7,7.11,0.042
2018-10-08,291.7,10.0,1210.0,24.5,4.32,0.583
2018-10-09,298.3,30.0,975.0,83.2,9.12,0.083
2018-10-10,341.0,30.0,1220.0,106.4,11.88,0.0
2018-10-11,340.0,40.0,1085.0,125.0,10.18,0.0
2018-10-12,521.9,35.0,1940.0,52.3,6.51,0.208
2018-10-13,476.7,30.0,1640.0,45.5,7.93,0.25
2018-10-14,403.1,35.0,1510.0,47.3,9.93,0.042
2018-10-15,336.9,15.0,1460.0,27.3,6.68,0.167
2018-10-16,242.1,20.0,950.0,35.9,7.31,0.083
2018-10-17,379.0,20.0,2585.0,45.9,7.07,0.208
2018-10-18,359.2,25.0,2530.0,63.6,9.3,0.0
2018-10-19,537.3,30.0,2405.0,49.1,6.41,0.375
2018-10-20,340.8,30.0,2135.0,44.5,7.04,0.208
2018-10-21,386.7,35.0,1790.0,81.4,8.78,0.042
2018-10-22,612.9,30.0,2310.0,49.5,9.62,0.042
2018-10-23,537.1,20.0,2720.0,39.5,7.66,0.042
2018-10-24,364.6,10.0,1810.0,25.0,5.96,0.333
2018-10-25,259.0,25.0,1335.0,31.4,6.66,0.375
2018-10-26,277.7,20.0,1325.0,29.5,7.32,0.0
2018-10-27,469.6,10.0,2210.0,20.0,7.29,0.292
2018-10-28,427.5,15.0,1895.0,21.4,8.22,0.167
2018-10-29,385.2,15.0,1545.0,20.0,7.45,0.167
2018-10-30,435.6,10.0,1690.0,18.6,4.51,0.708
2018-10-31,430.8,10.0,1630.0,15.9,4.79,0.458
2018-11-01,487.3,10.0,1795.0,25.9,4.8,0.5
2018-11-02,368.3,40.0,1620.0,60.5,7.11,0.042
2018-11-03,359.4,70.0,1095.0,144.5,15.55,0.0
2018-11-04,618.8,95.0,2060.0,196.8,8.9,0.125
2018-11-05,500.6,85.0,1545.0,108.2,9.38,0.0
2018-11-06,485.0,80.0,1515.0,148.6,13.18,0.0
2018-11-07,325.2,15.0,1245.0,67.3,9.09,0.0
2018-11-08,310.2,10.0,1305.0,17.7,4.28,0.583
2018-11-09,326.9,10.0,1375.0,15.5,5.59,0.333
2018-11-10,366.7,10.0,1515.0,20.0,4.67,0.583
2018-11-11,354.0,15.0,1695.0,21.4,4.85,0.5
2018-11-12,253.3,15.0,1160.0,18.6,6.0,0.375
2018-11-13,294.4,10.0,1580.0,33.2,6.68,0.083
2018-11-14,377.7,25.0,1960.0,63.2,7.28,0.292
2018-11-15,414.8,55.0,1405.0,123.2,9.38,0.125
2018-11-16,483.5,110.0,1310.0,202.7,14.49,0.0
2018-11-17,397.7,20.0,1400.0,73.6,10.39,0.0
2018-11-18,291.2,10.0,1240.0,38.2,6.99,0.25
2018-11-19,308.5,70.0,985.0,106.8,10.59,0.0
2018-11-20,329.0,15.0,1395.0,38.2,7.11,0.25
2018-11-21,376.2,35.0,1410.0,60.9,10.0,0.0
2018-11-22,296.5,15.0,1345.0,24.5,5.85,0.292
2018-11-23,425.0,35.0,1420.0,101.4,12.91,0.0
2018-11-24,416.5,60.0,1140.0,209.1,14.88,0.0
2018-11-25,249.4,20.0,1035.0,41.8,8.14,0.0
2018-11-26,238.5,10.0,955.0,15.9,8.56,0.125
2018-11-27,269.6,15.0,1120.0,27.7,6.7,0.208
2018-11-28,325.2,15.0,1250.0,27.7,5.1,0.417
2018-11-29,326.0,15.0,1185.0,30.9,8.48,0.0
2018-11-30,323.3,30.0,1210.0,50.5,9.63,0.0
2018-12-01,322.7,15.0,1250.0,40.5,9.0,0.0
2018-12-02,357.5,15.0,1620.0,17.3,5.3,0.542
2018-12-03,286.7,10.0,1295.0,12.3,4.97,0.625
2018-12-04,299.2,10.0,1355.0,19.5,5.97,0.375
2018-12-05,345.6,10.0,1470.0,18.6,6.53,0.167
2018-12-06,399.2,15.0,1785.0,23.2,5.7,0.458
2018-12-07,358.3,30.0,1490.0,32.3,9.68,0.0
2018-12-08,329.2,10.0,1485.0,24.5,7.31,0.208
2018-12-09,316.9,15.0,1405.0,23.2,5.97,0.542
2018-12-10,352.7,35.0,1560.0,40.9,7.97,0.0
2018-12-11,346.0,15.0,1345.0,31.8,6.11,0.208
2018-12-12,361.5,15.0,1365.0,53.6,8.75,0.125
2018-12-13,329.0,45.0,1290.0,75.9,7.58,0.042
2018-12-14,379.4,75.0,1460.0,102.7,8.59,0.0
2018-12-15,308.8,80.0,1065.0,100.5,10.85,0.0
2018-12-16,202.1,50.0,695.0,65.5,8.7,0.0
2018-12-17,185.6,40.0,650.0,60.0,8.4,0.0
2018-12-18,231.7,60.0,715.0,80.0,10.31,0.0
2018-12-19,212.3,30.0,720.0,65.0,9.06,0.0
2018-12-20,209.8,30.0,815.0,39.5,7.27,0.167
2018-12-21,219.0,30.0,750.0,49.1,8.76,0.0
2018-12-22,209.4,30.0,895.0,37.3,6.49,0.333
2018-12-23,232.5,20.0,1035.0,28.6,7.89,0.083
2018-12-24,303.1,10.0,1230.0,31.8,7.35,0.208
2018-12-25,314.0,55.0,1110.0,92.7,10.99,0.0
2018-12-26,298.8,10.0,1315.0,40.5,8.03,0.042
2018-12-27,374.6,10.0,1850.0,33.6,6.58,0.292
2018-12-28,331.7,60.0,1015.0,99.1,12.6,0.0
2018-12-29,241.9,20.0,830.0,57.3,9.91,0.042
2018-12-30,197.1,15.0,965.0,15.9,4.77,0.417
2018-12-31,232.3,15.0,900.0,30.0,9.25,0.0
2019-01-01,199.6,20.0,820.0,40.0,7.07,0.125
2019-01-02,247.3,10.0,1060.0,25.0,6.95,0.167
2019-01-03,314.2,10.0,1185.0,44.1,9.94,0.0
2019-01-04,206.7,15.0,725.0,66.4,7.53,0.167
2019-01-05,313.1,35.0,995.0,78.2,11.94,0.0
2019-01-06,290.8,45.0,1120.0,80.0,8.71,0.0
2019-01-07,326.2,70.0,1240.0,86.4,8.33,0.0
2019-01-08,330.2,80.0,1050.0,91.8,10.25,0.0
2019-01-09,341.5,65.0,1030.0,123.6,12.78,0.0
2019-01-10,271.2,15.0,1030.0,54.5,8.71,0.125
2019-01-11,282.3,10.0,1130.0,16.8,6.89,0.208
2019-01-12,263.8,10.0,1020.0,18.2,5.92,0.417
2019-01-13,365.6,10.0,1330.0,75.5,7.47,0.25
2019-01-14,435.8,165.0,1150.0,188.2,14.98,0.0
2019-01-15,305.6,25.0,820.0,151.8,13.22,0.0
2019-01-16,175.8,10.0,735.0,23.6,6.58,0.208
2019-01-17,234.8,10.0,885.0,29.1,7.54,0.042
2019-01-18,208.1,40.0,775.0,51.4,8.66,0.0
2019-01-19,186.9,25.0,705.0,35.5,7.06,0.083
2019-01-20,172.5,10.0,750.0,24.1,5.03,0.5
2019-01-21,326.7,45.0,730.0,152.7,14.84,0.0
2019-01-22,338.3,45.0,840.0,165.5,14.2,0.0
2019-01-23,245.6,40.0,885.0,84.1,6.36,0.25
2019-01-24,336.0,50.0,1235.0,121.4,8.14,0.083
2019-01-25,385.6,35.0,1395.0,154.5,8.26,0.042
2019-01-26,425.6,35.0,1485.0,88.6,10.31,0.0
2019-01-27,396.9,90.0,1280.0,107.3,11.72,0.0
2019-01-28,409.6,105.0,1215.0,118.6,12.84,0.0
2019-01-29,297.9,70.0,930.0,118.6,12.52,0.0
2019-01-30,211.0,15.0,865.0,50.5,9.37,0.0
2019-01-31,306.5,20.0,970.0,55.0,11.44,0.0
2019-02-01,328.1,70.0,1080.0,112.7,9.21,0.125
2019-02-02,309.8,65.0,925.0,113.6,10.22,0.0
2019-02-03,285.6,15.0,990.0,69.5,8.72,0.0
2019-02-04,221.5,10.0,855.0,32.7,6.57,0.167
2019-02-05,192.1,15.0,665.0,36.4,7.04,0.083
2019-02-06,338.8,85.0,960.0,165.5,12.19,0.042
2019-02-07,516.0,60.0,1385.0,368.6,20.91,0.0
2019-02-08,459.6,55.0,1540.0,138.6,9.07,0.125
2019-02-09,394.8,50.0,1110.0,180.5,12.95,0.0
2019-02-10,273.8,25.0,1060.0,45.9,7.44,0.0
2019-02-11,229.6,25.0,855.0,30.5,6.49,0.208
2019-02-12,236.9,25.0,985.0,30.5,5.19,0.542
2019-02-13,206.7,15.0,715.0,32.3,6.98,0.083
2019-02-14,373.1,50.0,795.0,146.8,14.77,0.042
2019-02-15,278.1,25.0,895.0,82.3,6.95,0.292
2019-02-16,300.6,40.0,925.0,83.6,8.23,0.042
2019-02-17,398.5,35.0,1230.0,78.6,11.67,0.0
2019-02-18,288.3,40.0,870.0,92.7,11.2,0.0
2019-02-19,258.1,20.0,965.0,48.2,6.27,0.333
2019-02-20,241.2,75.0,565.0,98.2,12.5,0.0
2019-02-21,288.1,25.0,855.0,90.5,11.22,0.042
2019-02-22,526.2,60.0,1235.0,245.5,15.16,0.0
2019-02-23,440.8,60.0,1010.0,248.6,14.57,0.0
2019-02-24,340.2,20.0,1245.0,67.3,9.15,0.0
2019-02-25,388.8,20.0,1665.0,49.1,7.65,0.208
2019-02-26,355.0,85.0,905.0,148.2,11.71,0.083
2019-02-27,387.9,30.0,1325.0,84.1,7.46,0.125
2019-02-28,556.2,10.0,1990.0,33.6,9.43,0.083
2019-03-01,357.1,30.0,1275.0,50.9,9.5,0.0
2019-03-02,278.3,25.0,640.0,121.8,6.03,0.375
2019-03-03,312.3,15.0,900.0,91.8,8.84,0.083
2019-03-04,373.5,30.0,1595.0,59.1,7.87,0.125
2019-03-05,588.8,35.0,2005.0,101.8,10.46,0.0
2019-03-06,569.2,25.0,1975.0,48.2,10.7,0.042
2019-03-07,422.1,15.0,1590.0,31.8,8.18,0.083
2019-03-08,431.5,10.0,1790.0,58.6,7.87,0.333
2019-03-09,476.5,80.0,1645.0,126.8,11.6,0.0
2019-03-10,467.5,15.0,1785.0,70.5,9.28,0.042
2019-03-11,427.7,65.0,1785.0,112.7,14.6,0.0
2019-03-12,585.2,85.0,2175.0,122.3,10.86,0.0
2019-03-13,270.6,35.0,825.0,77.7,6.91,0.167
2019-03-14,369.4,55.0,1290.0,89.1,11.09,0.042
2019-03-15,544.0,85.0,1780.0,123.6,11.03,0.0
2019-03-16,428.1,45.0,1330.0,102.3,10.49,0.0
2019-03-17,505.2,30.0,1765.0,44.1,9.07,0.0
2019-03-18,448.5,35.0,1655.0,40.0,6.96,0.25
2019-03-19,585.6,30.0,2550.0,52.7,8.65,0.042
2019-03-20,429.2,85.0,1715.0,115.0,14.45,0.0
2019-03-21,597.1,35.0,2450.0,65.0,10.47,0.0
2019-03-22,690.6,75.0,2200.0,145.9,13.19,0.0
2019-03-23,599.2,95.0,1865.0,158.2,15.69,0.0
2019-03-24,682.5,90.0,2310.0,173.2,12.91,0.0
2019-03-25,465.6,55.0,2180.0,115.0,11.53,0.0
2019-03-26,665.8,30.0,2090.0,76.8,11.25,0.042
2019-03-27,550.6,15.0,1895.0,27.3,9.48,0.0
2019-03-28,482.5,15.0,1915.0,31.4,8.18,0.125
2019-03-29,505.2,20.0,2675.0,29.5,7.02,0.167
2019-03-30,369.2,15.0,2575.0,35.0,7.4,0.417
2019-03-31,691.7,60.0,2315.0,120.5,14.13,0.0
2019-04-01,683.3,25.0,2205.0,109.1,13.74,0.0
2019-04-02,557.7,10.0,2095.0,29.5,8.61,0.167
2019-04-03,601.9,25.0,2330.0,41.8,9.43,0.0
2019-04-04,564.6,25.0,2270.0,35.0,8.16,0.083
2019-04-05,397.3,15.0,2370.0,32.3,7.13,0.333
2019-04-06,417.5,15.0,2910.0,38.6,9.3,0.083
2019-04-07,466.0,15.0,1335.0,116.4,10.11,0.042
2019-04-08,500.6,80.0,2005.0,177.7,11.19,0.042
2019-04-09,627.1,40.0,2550.0,81.4,8.1,0.083
2019-04-10,537.9,10.0,2500.0,52.7,7.93,0.208
2019-04-11,714.8,20.0,3520.0,58.6,8.28,0.125
2019-04-12,639.2,45.0,3070.0,100.5,10.04,0.0
2019-04-13,830.4,25.0,2985.0,120.5,12.0,0.0
2019-04-14,833.8,155.0,3055.0,220.0,13.99,0.0
2019-04-15,829.8,45.0,3075.0,149.5,11.53,0.0
2019-04-16,667.7,125.0,1335.0,440.5,12.57,0.0
2019-04-17,691.7,120.0,1790.0,236.4,11.64,0.125
2019-04-18,625.8,55.0,1910.0,137.3,5.62,0.25
2019-04-19,739.0,35.0,2105.0,60.0,9.01,0.0
2019-04-20,885.8,15.0,2765.0,65.0,7.29,0.208
2019-04-21,978.5,20.0,3305.0,30.9,9.34,0.0
2019-04-22,959.6,15.0,3095.0,30.9,9.38,0.167
2019-04-23,883.5,15.0,3340.0,32.7,8.5,0.125
2019-04-24,934.2,50.0,4020.0,134.5,10.9,0.042
2019-04-25,810.8,70.0,4040.0,109.5,11.14,0.0
2019-04-26,1196.0,70.0,3810.0,173.2,12.62,0.0
2019-04-27,1174.0,150.0,3325.0,244.5,18.86,0.0
2019-04-28,1244.6,185.0,3430.0,251.4,15.77,0.0
2019-04-29,1077.7,40.0,3740.0,110.0,10.52,0.083
2019-04-30,1268.1,20.0,4635.0,55.5,11.95,0.083
2019-05-01,1247.3,50.0,4510.0,160.5,8.89,0.042
2019-05-02,872.5,100.0,4325.0,220.0,13.41,0.042
2019-05-03,1018.3,40.0,3820.0,148.2,9.65,0.042
2019-05-04,1218.5,40.0,3775.0,77.3,13.78,0.0
2019-05-05,1339.2,20.0,4045.0,68.6,14.12,0.0
2019-05-06,1229.6,15.0,4010.0,37.3,10.79,0.042
2019-05-07,1098.8,20.0,4120.0,43.2,13.33,0.0
2019-05-08,1230.2,15.0,4305.0,55.9,13.54,0.042
2019-05-09,1210.4,40.0,3720.0,205.0,17.12,0.0
2019-05-10,1373.8,170.0,4030.0,473.2,16.84,0.0
2019-05-11,1122.7,40.0,3735.0,65.5,13.06,0.0
2019-05-12,1048.5,30.0,3150.0,128.2,10.84,0.0
2019-05-13,911.2,30.0,3355.0,55.0,8.34,0.208
2019-05-14,844.6,50.0,2350.0,188.6,8.04,0.125
2019-05-15,435.8,15.0,1715.0,77.3,7.35,0.25
2019-05-16,938.3,15.0,2575.0,110.0,8.92,0.125
2019-05-17,742.1,10.0,3025.0,96.4,7.21,0.25
2019-05-18,868.1,65.0,2070.0,248.6,11.86,0.042
2019-05-19,1005.2,65.0,2805.0,133.2,10.76,0.0
2019-05-20,972.1,30.0,3660.0,52.7,11.05,0.0
2019-05-21,1062.7,65.0,3575.0,108.2,10.6,0.0
2019-05-22,597.7,25.0,3065.0,102.3,9.94,0.0
2019-05-23,839.4,35.0,3295.0,80.0,8.3,0.042
2019-05-24,482.3,15.0,1245.0,123.2,12.44,0.0
2019-05-25,1070.6,70.0,2670.0,184.5,15.33,0.0
2019-05-26,871.7,60.0,2535.0,108.6,11.48,0.0
2019-05-27,1250.8,45.0,3905.0,91.8,11.98,0.0
2019-05-28,1054.6,40.0,3700.0,81.8,12.4,0.0
2019-05-29,1227.3,30.0,4185.0,52.7,10.54,0.0
2019-05-30,1284.2,30.0,4605.0,37.7,9.06,0.0
2019-05-31,1212.7,45.0,4355.0,193.2,10.75,0.083
2019-06-01,840.6,50.0,3795.0,145.5,10.3,0.042
2019-06-02,877.5,75.0,3715.0,283.2,13.8,0.042
2019-06-03,814.8,215.0,1800.0,401.8,15.55,0.0
2019-06-04,689.8,50.0,2215.0,353.2,14.38,0.0
2019-06-05,725.8,30.0,2945.0,73.2,9.38,0.167
2019-06-06,900.0,30.0,3630.0,119.1,11.17,0.083
2019-06-07,891.5,35.0,3065.0,179.5,8.6,0.125
2019-06-08,1031.2,30.0,3335.0,62.7,8.08,0.208
2019-06-09,1023.1,10.0,4110.0,20.5,8.07,0.25
2019-06-10,962.3,15.0,3680.0,35.5,7.95,0.167
2019-06-11,890.2,20.0,3710.0,115.5,10.4,0.042
2019-06-12,669.8,35.0,2715.0,163.2,11.61,0.042
2019-06-13,947.1,20.0,2630.0,129.1,12.18,0.0
2019-06-14,1096.0,45.0,3020.0,254.1,15.17,0.0
2019-06-15,1354.2,40.0,3605.0,329.1,14.46,0.0
2019-06-16,1067.9,405.0,1990.0,596.4,20.45,0.0
2019-06-17,987.7,135.0,2360.0,386.8,18.98,0.0
2019-06-18,657.1,30.0,1910.0,108.6,8.75,0.25
2019-06-19,690.0,25.0,1725.0,140.9,7.51,0.417
2019-06-20,738.5,45.0,2255.0,159.5,7.15,0.167
2019-06-21,771.5,30.0,2400.0,63.6,6.33,0.25
2019-06-22,953.1,40.0,2685.0,126.8,8.85,0.083
2019-06-23,1008.5,400.0,2120.0,576.8,14.32,0.0
2019-06-24,859.8,380.0,1835.0,467.3,10.49,0.125
2019-06-25,740.6,45.0,2005.0,152.7,5.36,0.417
2019-06-26,916.5,35.0,2475.0,111.4,8.55,0.333
2019-06-27,991.9,35.0,2680.0,61.8,11.8,0.042
2019-06-28,1071.9,45.0,2910.0,109.5,13.25,0.0
2019-06-29,1079.8,50.0,2930.0,162.3,12.88,0.0
2019-06-30,1011.0,25.0,2960.0,91.4,11.74,0.042
2019-07-01,800.8,25.0,2205.0,78.6,6.75,0.292
2019-07-02,931.2,45.0,2300.0,209.5,9.07,0.167
2019-07-03,875.4,295.0,1780.0,409.1,11.52,0.0
2019-07-04,589.4,145.0,1430.0,367.3,10.42,0.0
2019-07-05,360.4,105.0,1055.0,168.2,5.92,0.417
2019-07-06,494.4,50.0,1455.0,171.4,7.93,0.333
2019-07-07,551.0,140.0,1480.0,204.1,4.64,0.583
2019-07-08,609.2,55.0,1615.0,184.5,5.33,0.5
2019-07-09,553.5,140.0,1360.0,242.7,8.72,0.125
2019-07-10,485.6,85.0,1635.0,157.7,9.06,0.125
2019-07-11,916.5,75.0,2085.0,349.1,15.2,0.042
2019-07-12,865.2,95.0,2205.0,370.0,13.62,0.042
2019-07-13,1075.4,85.0,2370.0,583.6,19.61,0.0
2019-07-14,924.4,50.0,2195.0,296.8,15.9,0.042
2019-07-15,639.8,190.0,1625.0,229.5,10.02,0.167
2019-07-16,393.1,135.0,975.0,213.2,9.16,0.125
2019-07-17,335.4,80.0,805.0,148.6,6.84,0.167
2019-07-18,271.9,25.0,765.0,60.5,5.03,0.333
2019-07-19,515.2,50.0,1505.0,74.5,4.58,0.625
2019-07-20,398.3,20.0,1405.0,108.6,6.75,0.333
2019-07-21,474.0,75.0,1285.0,165.5,7.8,0.083
2019-07-22,425.2,75.0,1200.0,150.9,6.28,0.417
2019-07-23,464.0,20.0,1450.0,80.9,6.23,0.333
2019-07-24,407.7,50.0,1455.0,140.9,9.17,0.083
2019-07-25,358.8,45.0,745.0,256.4,6.64,0.208
2019-07-26,333.5,20.0,860.0,190.9,10.41,0.208
2019-07-27,481.9,220.0,850.0,359.5,13.5,0.0
2019-07-28,643.8,410.0,1125.0,531.4,14.21,0.0
2019-07-29,691.5,145.0,1200.0,558.6,14.36,0.0
2019-07-30,516.5,135.0,860.0,284.5,12.42,0.0
2019-07-31,490.4,75.0,905.0,385.5,9.67,0.0
2019-08-01,434.0,85.0,1085.0,160.5,9.2,0.0
2019-08-02,426.2,90.0,955.0,165.0,7.08,0.25
2019-08-03,359.0,85.0,720.0,185.0,8.22,0.083
2019-08-04,306.9,15.0,995.0,129.1,4.26,0.708
2019-08-05,363.1,60.0,940.0,125.9,5.65,0.458
2019-08-06,292.5,20.0,690.0,123.2,8.56,0.208
2019-08-07,340.0,35.0,925.0,78.2,5.58,0.5
2019-08-08,451.9,20.0,1230.0,179.5,9.21,0.0
2019-08-09,1091.5,830.0,1450.0,945.5,21.43,0.0
2019-08-10,727.9,340.0,935.0,717.3,18.84,0.0
2019-08-11,469.0,130.0,1095.0,192.7,7.94,0.0
2019-08-12,436.5,80.0,1095.0,255.0,9.32,0.083
2019-08-13,413.5,125.0,1075.0,220.9,9.0,0.25
2019-08-14,317.3,25.0,1095.0,111.4,4.02,0.833
2019-08-15,674.2,15.0,1180.0,345.9,14.03,0.042
2019-08-16,760.2,490.0,1200.0,632.7,17.32,0.0
2019-08-17,566.5,370.0,795.0,492.3,20.73,0.0
2019-08-18,367.3,45.0,715.0,271.4,10.1,0.083
2019-08-19,345.2,20.0,1135.0,52.3,4.95,0.667
2019-08-20,460.8,30.0,1175.0,79.1,9.57,0.083
2019-08-21,477.9,50.0,1415.0,84.1,9.87,0.042
2019-08-22,387.9,20.0,1300.0,92.3,6.29,0.292
2019-08-23,391.2,20.0,1290.0,70.0,3.52,0.875
2019-08-24,297.1,10.0,1030.0,97.7,5.78,0.5
2019-08-25,409.4,180.0,1010.0,260.0,8.17,0.083
2019-08-26,483.5,20.0,1370.0,161.4,8.63,0.125
2019-08-27,469.8,25.0,1580.0,64.1,6.34,0.167
2019-08-28,473.3,90.0,1260.0,182.3,8.45,0.125
2019-08-29,446.0,90.0,1310.0,145.9,9.12,0.0
2019-08-30,416.0,35.0,1230.0,87.7,5.13,0.583
2019-08-31,434.4,15.0,1320.0,81.8,5.36,0.417
2019-09-01,323.1,85.0,635.0,195.9,9.98,0.042
2019-09-02,361.2,45.0,1165.0,103.6,4.25,0.75
2019-09-03,369.8,15.0,1335.0,70.9,5.08,0.542
2019-09-04,370.0,35.0,945.0,122.3,8.85,0.0
2019-09-05,420.4,70.0,1115.0,168.2,7.79,0.042
2019-09-06,416.0,70.0,1045.0,128.6,7.78,0.125
2019-09-07,341.9,125.0,795.0,221.4,9.11,0.0
2019-09-08,377.9,40.0,1035.0,110.9,6.33,0.25
2019-09-09,389.4,15.0,1205.0,30.9,4.86,0.458
2019-09-10,388.5,15.0,1230.0,30.0,5.48,0.375
2019-09-11,395.8,25.0,1405.0,80.5,5.8,0.292
2019-09-12,514.2,215.0,940.0,305.5,13.37,0.0
2019-09-13,482.9,150.0,1110.0,301.8,10.81,0.0
2019-09-14,544.0,325.0,825.0,422.7,12.11,0.0
2019-09-15,356.0,25.0,915.0,231.4,8.35,0.042
2019-09-16,338.1,20.0,1145.0,48.2,5.42,0.417
2019-09-17,275.0,70.0,955.0,126.8,7.77,0.167
2019-09-18,479.4,120.0,1120.0,315.9,11.25,0.042
2019-09-19,507.7,110.0,1055.0,388.2,12.74,0.0
2019-09-20,330.4,35.0,1010.0,81.8,6.95,0.292
2019-09-21,322.7,15.0,1125.0,55.9,6.07,0.542
2019-09-22,342.9,125.0,925.0,188.2,8.73,0.0
2019-09-23,363.8,70.0,1105.0,176.8,7.97,0.0
2019-09-24,434.2,65.0,1160.0,166.8,8.61,0.125
2019-09-25,517.1,180.0,1200.0,270.9,11.3,0.0
2019-09-26,650.4,390.0,1080.0,509.5,15.87,0.0
2019-09-27,619.2,250.0,915.0,605.9,13.0,0.0
2019-09-28,623.1,220.0,1160.0,455.9,12.8,0.0
2019-09-29,375.8,120.0,665.0,412.3,11.67,0.0
2019-09-30,370.2,65.0,995.0,207.7,7.88,0.125
2019-10-01,324.2,35.0,890.0,171.4,7.52,0.125
2019-10-02,356.7,40.0,1225.0,82.7,5.31,0.25
2019-10-03,232.1,10.0,1035.0,42.7,4.53,0.625
2019-10-04,307.9,35.0,1250.0,77.3,8.22,0.25
2019-10-05,421.5,15.0,1320.0,118.6,10.38,0.0
2019-10-06,367.1,15.0,1275.0,53.2,8.22,0.042
2019-10-07,437.9,35.0,1500.0,93.2,10.87,0.0
2019-10-08,422.5,25.0,1445.0,79.5,7.05,0.125
2019-10-09,364.6,20.0,1405.0,38.2,6.33,0.167
2019-10-10,419.6,25.0,1650.0,37.3,5.9,0.167
2019-10-11,451.7,15.0,1780.0,29.5,5.68,0.458
2019-10-12,447.3,20.0,1655.0,25.5,6.6,0.292
2019-10-13,469.6,15.0,1830.0,21.4,6.83,0.417
2019-10-14,419.8,10.0,1725.0,27.7,7.5,0.25
2019-10-15,389.2,10.0,1600.0,30.5,6.23,0.333
2019-10-16,429.0,20.0,1575.0,44.1,6.28,0.292
2019-10-17,426.0,55.0,1470.0,63.2,7.4,0.083
2019-10-18,383.5,30.0,1500.0,65.5,8.93,0.083
2019-10-19,232.3,15.0,1225.0,41.4,5.82,0.292
2019-10-20,498.5,35.0,2100.0,56.4,9.31,0.0
2019-10-21,469.0,60.0,1840.0,75.9,10.81,0.0
2019-10-22,512.3,20.0,1710.0,65.0,11.95,0.0
2019-10-23,450.0,35.0,1745.0,43.2,8.54,0.083
2019-10-24,370.2,15.0,1375.0,36.4,6.71,0.167
2019-10-25,436.5,55.0,1550.0,81.4,7.16,0.125
2019-10-26,492.5,35.0,1735.0,55.5,6.19,0.167
2019-10-27,495.4,15.0,1830.0,58.6,9.2,0.0
2019-10-28,418.5,25.0,1595.0,37.7,7.49,0.0
2019-10-29,379.2,30.0,1585.0,39.5,5.58,0.25
2019-10-30,444.0,15.0,1690.0,53.2,7.67,0.042
2019-10-31,392.7,15.0,1615.0,30.5,7.92,0.125
2019-11-01,370.0,20.0,1620.0,44.1,6.73,0.292
2019-11-02,356.5,30.0,1555.0,67.3,9.24,0.0
2019-11-03,471.2,60.0,1475.0,123.6,9.09,0.042
2019-11-04,557.1,115.0,1850.0,142.7,12.57,0.0
2019-11-05,578.5,55.0,1905.0,120.9,12.52,0.0
2019-11-06,499.2,10.0,2185.0,69.1,7.77,0.208
2019-11-07,316.0,40.0,900.0,105.9,9.69,0.083
2019-11-08,307.9,25.0,1360.0,58.2,7.13,0.125
2019-11-09,349.0,95.0,1170.0,127.7,11.22,0.0
2019-11-10,376.5,65.0,1720.0,80.5,9.5,0.0
2019-11-11,346.9,45.0,1435.0,65.9,8.43,0.0
2019-11-12,267.1,40.0,1005.0,49.1,8.17,0.0
2019-11-13,221.2,30.0,920.0,41.8,6.99,0.0
2019-11-14,249.6,30.0,990.0,51.8,6.56,0.208
2019-11-15,304.2,45.0,965.0,119.1,8.96,0.0
2019-11-16,519.0,155.0,1465.0,213.2,14.04,0.0
2019-11-17,561.2,190.0,1335.0,331.4,18.4,0.0
2019-11-18,495.0,40.0,1410.0,194.1,12.63,0.0
2019-11-19,425.6,15.0,1440.0,90.0,9.25,0.0
2019-11-20,381.0,25.0,1480.0,36.8,5.83,0.375
2019-11-21,353.5,15.0,1440.0,32.7,7.08,0.167
2019-11-22,339.4,10.0,1310.0,42.3,6.55,0.208
2019-11-23,307.3,100.0,875.0,132.3,10.62,0.0
2019-11-24,316.5,50.0,965.0,152.7,11.13,0.0
2019-11-25,312.5,50.0,1305.0,58.2,6.6,0.042
2019-11-26,274.8,15.0,1155.0,59.5,9.53,0.042
2019-11-27,294.6,20.0,1420.0,76.8,7.05,0.125
2019-11-28,358.1,100.0,770.0,167.7,13.45,0.0
2019-11-29,289.6,20.0,950.0,60.9,6.09,0.208
2019-11-30,386.7,60.0,1260.0,94.1,8.82,0.0
2019-12-01,338.8,40.0,1075.0,75.5,8.49,0.0
2019-12-02,344.8,65.0,1115.0,76.8,9.83,0.0
2019-12-03,251.7,55.0,830.0,77.3,10.82,0.0
2019-12-04,204.4,15.0,875.0,40.5,6.39,0.208
2019-12-05,216.7,10.0,900.0,15.0,6.62,0.208
2019-12-06,206.0,20.0,880.0,39.1,6.47,0.25
2019-12-07,269.8,10.0,1125.0,35.0,5.69,0.458
2019-12-08,290.4,15.0,1150.0,25.5,6.95,0.167
2019-12-09,250.6,10.0,1110.0,28.6,6.18,0.333
2019-12-10,236.0,15.0,1030.0,30.9,7.37,0.042
2019-12-11,247.5,10.0,1170.0,26.4,6.12,0.208
2019-12-12,475.0,55.0,1175.0,167.7,13.33,0.0
2019-12-13,391.9,125.0,900.0,300.9,12.35,0.083
2019-12-14,363.1,20.0,1330.0,90.9,4.95,0.5
2019-12-15,396.7,35.0,1575.0,63.2,8.1,0.0
2019-12-16,410.8,65.0,1320.0,141.8,10.22,0.0
2019-12-17,301.2,60.0,880.0,113.6,10.05,0.0
2019-12-18,272.7,10.0,840.0,94.5,9.38,0.208
2019-12-19,230.4,20.0,885.0,26.4,5.44,0.417
2019-12-20,205.4,10.0,720.0,27.7,5.08,0.458
2019-12-21,166.0,15.0,625.0,40.9,6.15,0.208
2019-12-22,283.5,65.0,940.0,87.3,10.11,0.0
2019-12-23,246.7,15.0,740.0,112.7,10.53,0.042
2019-12-24,152.9,25.0,555.0,38.2,6.25,0.25
2019-12-25,199.0,60.0,495.0,91.8,9.71,0.0
2019-12-26,291.5,45.0,810.0,104.1,11.17,0.0
2019-12-27,185.4,45.0,575.0,70.0,7.22,0.083
2019-12-28,179.2,35.0,530.0,52.7,6.53,0.208
2019-12-29,132.5,10.0,470.0,21.8,5.22,0.583
2019-12-30,166.9,15.0,570.0,38.2,6.84,0.25
2019-12-31,175.6,10.0,535.0,37.7,6.83,0.208
2020-01-01,149.0,10.0,540.0,26.4,8.1,0.083
2020-01-02,307.7,30.0,1255.0,50.5,8.58,0.0
2020-01-03,265.4,10.0,1005.0,70.0,6.48,0.25
2020-01-04,313.3,10.0,1350.0,32.3,5.43,0.375
2020-01-05,331.9,20.0,1270.0,48.6,9.07,0.0
2020-01-06,168.3,15.0,580.0,50.5,6.67,0.167
2020-01-07,219.2,70.0,465.0,118.6,9.85,0.0
2020-01-08,361.5,135.0,700.0,240.0,9.24,0.167
2020-01-09,421.0,70.0,1225.0,180.0,11.97,0.0
2020-01-10,287.3,70.0,785.0,110.9,11.68,0.0
2020-01-11,210.8,35.0,610.0,85.9,9.34,0.0
2020-01-12,151.9,25.0,520.0,43.6,8.45,0.042
2020-01-13,181.5,25.0,670.0,58.6,10.47,0.125
2020-01-14,294.8,90.0,865.0,150.9,8.6,0.0
2020-01-15,228.1,45.0,805.0,86.4,8.6,0.0
2020-01-16,239.6,40.0,615.0,104.1,7.69,0.083
2020-01-17,230.8,40.0,740.0,65.5,7.59,0.125
2020-01-18,217.9,20.0,810.0,48.2,6.33,0.25
2020-01-19,276.7,20.0,990.0,60.9,9.31,0.0
2020-01-20,250.8,20.0,825.0,65.5,8.24,0.208
2020-01-21,248.5,10.0,1065.0,20.0,5.8,0.333
2020-01-22,305.4,25.0,915.0,83.2,10.12,0.125
2020-01-23,446.2,240.0,925.0,270.0,17.95,0.0
2020-01-24,357.1,85.0,700.0,253.6,17.74,0.0
2020-01-25,225.4,30.0,810.0,50.0,7.7,0.042
2020-01-26,262.1,20.0,1035.0,30.0,6.98,0.25
2020-01-27,236.9,15.0,1090.0,71.8,8.19,0.25
2020-01-28,336.5,30.0,890.0,134.1,13.19,0.042
2020-01-29,300.4,15.0,1135.0,57.7,6.59,0.208
2020-01-30,433.1,75.0,1540.0,83.2,11.17,0.0
2020-01-31,385.4,45.0,1385.0,82.7,9.24,0.083
2020-02-01,362.5,10.0,1440.0,30.5,7.71,0.125
2020-02-02,328.3,55.0,1065.0,67.7,10.11,0.0
2020-02-03,298.3,15.0,1085.0,41.4,8.27,0.0
2020-02-04,307.1,15.0,1285.0,26.4,8.08,0.0
2020-02-05,372.3,40.0,1315.0,68.2,10.27,0.0
2020-02-06,366.7,20.0,1235.0,68.6,8.2,0.0
2020-02-07,393.8,15.0,1635.0,28.6,6.7,0.333
2020-02-08,329.8,45.0,1210.0,53.6,8.53,0.0
2020-02-09,286.0,30.0,1000.0,35.5,8.0,0.0
2020-02-10,321.7,30.0,1125.0,38.6,9.13,0.0
2020-02-11,290.4,20.0,1020.0,36.4,8.58,0.042
2020-02-12,300.4,40.0,790.0,93.2,13.25,0.0
2020-02-13,381.2,220.0,700.0,278.6,18.85,0.0
2020-02-14,612.7,335.0,1145.0,369.1,21.63,0.0
2020-02-15,394.0,75.0,1040.0,203.2,16.41,0.0
2020-02-16,256.2,25.0,855.0,73.6,10.23,0.0
2020-02-17,300.0,25.0,1115.0,46.8,10.77,0.0
2020-02-18,314.8,15.0,1105.0,74.1,13.41,0.0
2020-02-19,300.6,10.0,825.0,95.5,14.87,0.0
2020-02-20,570.4,200.0,1190.0,291.4,20.09,0.0
2020-02-21,492.7,205.0,840.0,327.3,18.24,0.0
2020-02-22,337.9,20.0,920.0,158.2,8.8,0.167
2020-02-23,351.9,15.0,1190.0,43.2,7.23,0.042
2020-02-24,342.3,20.0,1260.0,55.0,7.95,0.0
2020-02-25,390.2,20.0,1485.0,46.8,9.25,0.0
2020-02-26,393.8,10.0,1560.0,20.9,6.65,0.25
2020-02-27,344.6,35.0,1310.0,69.1,8.09,0.042
2020-02-28,460.6,155.0,1005.0,240.0,15.84,0.0
2020-02-29,399.8,185.0,785.0,258.2,14.78,0.0
2020-03-01,402.9,25.0,1295.0,143.2,8.59,0.083
2020-03-02,328.5,15.0,1175.0,19.5,6.24,0.292
2020-03-03,449.8,25.0,1735.0,28.6,7.79,0.042
2020-03-04,311.2,20.0,1335.0,65.5,8.64,0.0
2020-03-05,372.5,55.0,1150.0,92.7,13.93,0.0
2020-03-06,509.2,15.0,925.0,263.6,18.23,0.042
2020-03-07,485.6,45.0,1200.0,288.2,10.66,0.125
2020-03-08,372.9,10.0,1485.0,37.3,7.24,0.375
2020-03-09,424.8,60.0,1175.0,125.0,14.04,0.0
2020-03-10,323.8,30.0,1160.0,54.1,6.4,0.292
2020-03-11,485.0,80.0,1290.0,165.9,14.28,0.0
2020-03-12,552.5,55.0,1990.0,117.7,13.24,0.0
2020-03-13,444.8,35.0,2220.0,132.7,8.35,0.0
2020-03-14,321.2,35.0,880.0,157.3,10.15,0.083
2020-03-15,405.0,25.0,1400.0,46.4,5.53,0.542
2020-03-16,412.5,40.0,1405.0,82.3,9.6,0.0
2020-03-17,431.0,30.0,1460.0,79.5,10.68,0.0
2020-03-18,403.8,35.0,1585.0,60.0,11.01,0.0
2020-03-19,421.9,25.0,2070.0,36.8,7.69,0.042
2020-03-20,273.8,10.0,1385.0,30.9,8.1,0.083
2020-03-21,274.6,20.0,910.0,36.4,5.32,0.417
2020-03-22,469.0,15.0,1880.0,45.0,8.05,0.208
2020-03-23,377.3,15.0,1280.0,62.3,5.58,0.375
2020-03-24,319.8,20.0,1510.0,33.6,7.42,0.042
2020-03-25,501.0,35.0,1920.0,67.3,10.07,0.167
2020-03-26,397.1,55.0,1055.0,103.2,12.72,0.0
2020-03-27,383.5,100.0,1085.0,149.5,10.71,0.083
2020-03-28,423.3,20.0,1200.0,75.5,10.45,0.083
2020-03-29,595.2,80.0,1810.0,143.2,14.46,0.0
2020-03-30,483.1,50.0,1495.0,88.6,12.1,0.0
2020-03-31,399.6,65.0,1195.0,112.7,11.41,0.0
2020-04-01,427.9,25.0,1590.0,87.3,7.44,0.208
2020-04-02,669.0,95.0,2190.0,151.8,14.76,0.0
2020-04-03,518.1,45.0,1480.0,106.8,12.01,0.0
2020-04-04,472.3,35.0,1720.0,68.6,11.77,0.0
2020-04-05,363.1,40.0,1375.0,59.5,8.99,0.042
2020-04-06,624.2,15.0,2775.0,90.9,10.03,0.125
2020-04-07,482.3,60.0,1640.0,104.5,13.69,0.0
2020-04-08,561.0,50.0,2115.0,105.9,11.88,0.0
2020-04-09,540.4,30.0,1680.0,68.6,10.6,0.0
2020-04-10,422.7,25.0,1610.0,45.5,8.37,0.125
2020-04-11,526.5,10.0,2420.0,45.5,8.13,0.167
2020-04-12,538.5,35.0,1620.0,98.6,11.33,0.0
2020-04-13,647.1,15.0,2385.0,46.4,10.9,0.042
2020-04-14,462.5,15.0,2600.0,41.8,8.72,0.208
2020-04-15,375.8,35.0,1900.0,90.9,10.21,0.042
2020-04-16,848.8,30.0,3500.0,85.5,10.2,0.0
2020-04-17,697.9,40.0,2635.0,241.4,12.75,0.083
2020-04-18,826.5,65.0,3270.0,156.8,13.84,0.0
2020-04-19,882.7,20.0,2940.0,92.3,9.78,0.042
2020-04-20,662.3,20.0,2360.0,76.8,7.62,0.25
2020-04-21,837.9,20.0,2735.0,51.8,8.4,0.083
2020-04-22,891.0,25.0,2990.0,35.5,7.79,0.167
2020-04-23,690.2,30.0,2780.0,57.7,10.11,0.042
2020-04-24,713.3,10.0,2700.0,41.4,6.96,0.167
2020-04-25,609.6,25.0,2570.0,53.2,8.14,0.167
2020-04-26,522.7,50.0,1480.0,200.5,14.5,0.0
2020-04-27,679.4,260.0,1550.0,360.5,16.39,0.0
2020-04-28,520.8,30.0,1810.0,206.8,8.97,0.208
2020-04-29,687.9,30.0,2015.0,97.7,7.16,0.292
2020-04-30,580.4,40.0,2240.0,121.4,10.82,0.042
2020-05-01,629.4,40.0,2250.0,130.0,10.65,0.167
2020-05-02,678.3,270.0,1425.0,358.6,18.44,0.0
2020-05-03,629.0,20.0,1515.0,253.2,13.67,0.042
2020-05-04,630.2,15.0,1895.0,98.2,6.96,0.125
2020-05-05,919.4,15.0,2740.0,61.4,7.72,0.25
2020-05-06,597.1,20.0,2280.0,101.8,7.55,0.25
2020-05-07,622.7,30.0,2380.0,130.5,10.25,0.125
2020-05-08,689.2,25.0,2655.0,45.0,9.39,0.042
2020-05-09,461.5,45.0,1925.0,130.9,9.92,0.042
2020-05-10,537.9,140.0,1675.0,217.3,13.2,0.0
2020-05-11,514.4,30.0,1630.0,222.7,11.16,0.0
2020-05-12,667.5,30.0,1845.0,142.7,10.03,0.083
2020-05-13,531.0,15.0,1965.0,76.4,7.7,0.167
2020-05-14,587.3,15.0,2475.0,43.2,7.32,0.167
2020-05-15,719.4,70.0,2435.0,143.2,12.22,0.0
2020-05-16,786.0,50.0,2575.0,121.4,12.4,0.0
2020-05-17,767.5,40.0,3300.0,62.3,8.83,0.167
2020-05-18,969.0,20.0,3800.0,45.9,10.19,0.042
2020-05-19,1068.5,15.0,4350.0,54.1,7.76,0.417
2020-05-20,811.7,75.0,2390.0,111.4,12.71,0.0
2020-05-21,780.0,35.0,2665.0,86.8,13.67,0.0
2020-05-22,612.5,15.0,2590.0,34.5,6.42,0.333
2020-05-23,774.0,25.0,3615.0,49.5,8.78,0.208
2020-05-24,1166.9,25.0,4265.0,97.3,12.55,0.125
2020-05-25,1165.0,35.0,4170.0,61.8,12.84,0.0
2020-05-26,1118.5,15.0,4940.0,73.6,11.02,0.083
2020-05-27,1094.2,35.0,4275.0,143.6,9.87,0.083
2020-05-28,752.1,230.0,1630.0,418.6,19.56,0.0
2020-05-29,836.0,105.0,1880.0,458.2,20.68,0.0
2020-05-30,580.8,50.0,1520.0,278.2,12.13,0.083
2020-05-31,629.2,50.0,1690.0,163.2,7.57,0.208
2020-06-01,537.7,25.0,1570.0,75.9,6.55,0.292
2020-06-02,576.0,15.0,1940.0,64.1,6.5,0.292
2020-06-03,589.0,35.0,2260.0,60.0,6.15,0.167
2020-06-04,441.5,30.0,1635.0,87.7,7.07,0.292
2020-06-05,574.2,45.0,2015.0,154.5,8.23,0.042
2020-06-06,671.7,75.0,1790.0,220.9,7.65,0.25
2020-06-07,593.3,15.0,1955.0,75.0,8.42,0.167
2020-06-08,695.8,15.0,1910.0,54.1,6.87,0.333
2020-06-09,766.9,25.0,2175.0,52.7,6.47,0.375
2020-06-10,644.0,10.0,2355.0,30.0,7.5,0.292
2020-06-11,673.8,15.0,2005.0,54.5,6.43,0.292
2020-06-12,804.2,80.0,2200.0,220.5,9.04,0.125
2020-06-13,608.3,125.0,1695.0,232.3,9.04,0.125
2020-06-14,772.1,75.0,1945.0,218.6,8.61,0.083
2020-06-15,925.2,25.0,2730.0,130.0,8.69,0.125
2020-06-16,854.0,40.0,2625.0,249.5,9.42,0.167
2020-06-17,894.8,165.0,2400.0,387.7,11.55,0.083
2020-06-18,809.4,145.0,2290.0,299.1,10.12,0.083
2020-06-19,926.5,325.0,2275.0,458.6,11.2,0.208
2020-06-20,838.8,180.0,2115.0,366.4,12.03,0.125
2020-06-21,770.6,80.0,2140.0,256.8,8.97,0.0
2020-06-22,718.5,150.0,1720.0,268.2,7.17,0.25
2020-06-23,743.3,285.0,1535.0,461.4,14.31,0.0
2020-06-24,555.0,230.0,1030.0,382.3,11.75,0.0
2020-06-25,614.6,10.0,1785.0,121.4,5.54,0.333
2020-06-26,680.0,75.0,1545.0,146.8,10.0,0.208
2020-06-27,894.8,35.0,2285.0,210.5,13.55,0.042
2020-06-28,871.2,25.0,2125.0,164.1,13.9,0.083
2020-06-29,685.8,40.0,2090.0,193.6,12.84,0.042
2020-06-30,674.4,240.0,1525.0,365.5,12.25,0.0
2020-07-01,699.0,130.0,1535.0,268.2,8.41,0.208
2020-07-02,815.6,105.0,2075.0,180.9,8.2,0.208
2020-07-03,761.0,205.0,1880.0,335.9,12.39,0.083
2020-07-04,776.0,355.0,1580.0,480.5,14.5,0.0
2020-07-05,710.2,150.0,1790.0,376.8,11.61,0.0
2020-07-06,756.0,150.0,1575.0,378.6,10.83,0.0
2020-07-07,678.8,425.0,1220.0,503.2,15.09,0.0
2020-07-08,470.4,70.0,1160.0,351.4,12.5,0.042
2020-07-09,416.5,35.0,1060.0,98.6,8.24,0.0
2020-07-10,793.5,60.0,1870.0,281.4,10.57,0.0
2020-07-11,542.5,70.0,1565.0,185.5,12.03,0.083
2020-07-12,503.8,90.0,1130.0,300.5,7.86,0.333
2020-07-13,641.7,60.0,1605.0,111.8,8.25,0.333
2020-07-14,582.3,25.0,1665.0,185.5,7.48,0.0
2020-07-15,678.3,310.0,1235.0,415.9,14.88,0.0
2020-07-16,760.2,235.0,1720.0,381.8,14.25,0.0
2020-07-17,619.0,210.0,1215.0,299.5,11.53,0.083
2020-07-18,475.6,235.0,1110.0,280.5,10.46,0.0
2020-07-19,424.2,20.0,895.0,238.6,9.46,0.125
2020-07-20,515.2,220.0,905.0,354.1,11.26,0.083
2020-07-21,377.3,30.0,1115.0,160.0,7.27,0.083
2020-07-22,388.1,20.0,1015.0,94.5,8.26,0.25
2020-07-23,500.2,50.0,1500.0,80.0,6.32,0.167
2020-07-24,542.3,55.0,1570.0,217.3,8.37,0.25
2020-07-25,479.0,120.0,1085.0,298.6,10.05,0.042
2020-07-26,401.7,15.0,1165.0,118.6,6.17,0.417
2020-07-27,564.8,85.0,1370.0,173.6,9.91,0.125
2020-07-28,655.8,80.0,1460.0,333.2,13.26,0.042
2020-07-29,548.8,100.0,1260.0,260.0,10.35,0.042
2020-07-30,579.0,75.0,1140.0,416.4,7.82,0.292
2020-07-31,407.3,50.0,1220.0,158.2,6.8,0.167
2020-08-01,348.8,60.0,1065.0,108.6,5.59,0.375
2020-08-02,459.6,45.0,1430.0,85.0,8.82,0.25
2020-08-03,541.7,85.0,1570.0,133.2,8.72,0.25
2020-08-04,496.2,65.0,1440.0,94.1,8.3,0.042
2020-08-05,399.8,10.0,1145.0,90.0,10.73,0.167
2020-08-06,1085.8,165.0,1860.0,612.3,22.97,0.0
2020-08-07,767.7,115.0,1315.0,762.3,16.62,0.083
2020-08-08,540.2,45.0,1330.0,131.8,3.86,0.792
2020-08-09,339.4,60.0,795.0,185.9,5.58,0.542
2020-08-10,389.4,125.0,835.0,195.5,9.1,0.0
2020-08-11,415.4,65.0,975.0,210.9,6.23,0.292
2020-08-12,490.8,75.0,1125.0,300.0,11.06,0.042
2020-08-13,238.3,65.0,355.0,165.0,8.12,0.125
2020-08-14,343.1,220.0,530.0,285.5,12.58,0.0
2020-08-15,435.2,140.0,1060.0,271.4,10.97,0.0
2020-08-16,440.2,100.0,1220.0,187.7,9.34,0.0
2020-08-17,405.4,115.0,940.0,228.2,9.13,0.042
2020-08-18,356.2,20.0,885.0,143.6,5.33,0.5
2020-08-19,180.8,95.0,305.0,125.5,6.97,0.083
2020-08-20,296.5,145.0,565.0,216.8,8.1,0.125
2020-08-21,652.3,145.0,1255.0,322.3,13.29,0.0
2020-08-22,905.8,655.0,1290.0,774.5,18.12,0.0
2020-08-23,759.8,565.0,995.0,697.3,17.28,0.0
2020-08-24,592.3,290.0,1035.0,482.3,15.48,0.0
2020-08-25,503.5,230.0,880.0,289.1,10.74,0.0
2020-08-26,414.0,30.0,1245.0,121.8,7.51,0.208
2020-08-27,359.4,15.0,1145.0,74.5,6.74,0.292
2020-08-28,336.0,20.0,1055.0,56.8,5.63,0.5
2020-08-29,495.8,65.0,1300.0,178.6,7.24,0.25
2020-08-30,760.0,415.0,1145.0,575.5,20.19,0.0
2020-08-31,645.2,275.0,1045.0,460.5,16.18,0.0
2020-09-01,529.6,100.0,1305.0,229.5,9.45,0.0
2020-09-02,413.5,40.0,970.0,167.3,6.57,0.375
2020-09-03,507.9,45.0,1450.0,163.6,10.38,0.0
2020-09-04,422.5,55.0,1250.0,209.1,9.96,0.208
2020-09-05,345.2,50.0,1110.0,85.5,4.87,0.667
2020-09-06,368.8,35.0,1235.0,92.3,5.47,0.417
2020-09-07,335.6,15.0,1160.0,37.7,4.5,0.5
2020-09-08,436.9,25.0,1255.0,62.7,5.42,0.333
2020-09-09,436.2,40.0,1345.0,52.7,6.93,0.208
2020-09-10,479.4,30.0,1450.0,85.0,8.6,0.083
2020-09-11,419.0,25.0,1520.0,49.1,6.78,0.167
2020-09-12,434.6,25.0,1485.0,35.9,6.21,0.208
2020-09-13,414.4,15.0,1385.0,29.1,6.04,0.25
2020-09-14,412.5,20.0,1315.0,40.5,5.29,0.5
2020-09-15,475.8,15.0,1605.0,32.3,5.27,0.625
2020-09-16,479.8,15.0,1670.0,48.2,6.95,0.292
2020-09-17,634.8,50.0,1960.0,81.8,10.32,0.125
2020-09-18,588.8,35.0,1840.0,102.7,9.79,0.0
2020-09-19,498.8,20.0,1690.0,39.1,6.13,0.375
2020-09-20,524.6,15.0,1565.0,43.6,8.53,0.25
2020-09-21,507.7,15.0,1600.0,63.6,7.03,0.125
2020-09-22,460.4,60.0,1395.0,150.5,8.34,0.083
2020-09-23,513.8,105.0,1350.0,266.4,8.49,0.042
2020-09-24,479.6,75.0,1325.0,221.8,7.54,0.25
2020-09-25,639.0,20.0,2270.0,149.1,11.48,0.0
2020-09-26,525.6,20.0,2185.0,90.9,9.71,0.0
2020-09-27,509.8,35.0,1730.0,164.5,8.86,0.167
2020-09-28,504.8,10.0,1865.0,35.0,10.05,0.0
2020-09-29,619.4,25.0,2260.0,40.5,10.83,0.0
2020-09-30,627.7,45.0,2200.0,62.3,12.15,0.0
2020-10-01,559.2,20.0,2060.0,52.7,10.53,0.0
2020-10-02,431.7,15.0,1670.0,30.5,8.03,0.125
2020-10-03,553.8,10.0,2145.0,30.0,8.46,0.042
2020-10-04,474.4,10.0,1860.0,16.8,8.56,0.208
2020-10-05,481.7,20.0,1715.0,50.5,10.9,0.0
2020-10-06,474.0,10.0,1770.0,45.5,10.57,0.0
2020-10-07,489.0,10.0,1895.0,21.8,7.33,0.25
2020-10-08,525.8,10.0,2010.0,19.5,7.05,0.208
2020-10-09,525.8,15.0,1935.0,20.5,5.67,0.375
2020-10-10,547.5,15.0,1940.0,23.2,6.93,0.292
2020-10-11,547.9,15.0,2015.0,42.7,7.27,0.25
2020-10-12,573.5,15.0,2140.0,28.6,6.32,0.25
2020-10-13,714.6,45.0,2475.0,74.1,8.06,0.0
2020-10-14,680.2,40.0,2285.0,54.5,7.1,0.125
2020-10-15,674.8,20.0,2230.0,28.6,7.87,0.042
2020-10-16,524.6,20.0,2005.0,36.8,6.79,0.208
2020-10-17,438.1,10.0,1785.0,17.3,5.76,0.292
2020-10-18,475.0,30.0,1735.0,46.4,8.91,0.0
2020-10-19,438.8,30.0,1550.0,53.2,9.09,0.0
2020-10-20,511.5,20.0,1955.0,41.4,8.88,0.042
2020-10-21,423.1,10.0,2180.0,20.5,7.31,0.125
2020-10-22,476.2,20.0,2535.0,30.9,6.5,0.292
2020-10-23,620.4,15.0,2780.0,25.9,7.34,0.083
2020-10-24,544.2,10.0,2195.0,19.5,7.67,0.125
2020-10-25,626.9,10.0,3155.0,16.8,6.59,0.375
2020-10-26,448.5,15.0,3055.0,21.4,7.21,0.208
2020-10-27,526.9,30.0,2125.0,55.9,11.02,0.0
2020-10-28,492.1,15.0,1845.0,32.3,6.97,0.083
2020-10-29,516.0,10.0,1985.0,12.7,5.45,0.5
2020-10-30,535.2,10.0,1860.0,36.4,8.95,0.083
2020-10-31,475.4,50.0,1705.0,91.8,10.75,0.0
2020-11-01,481.0,30.0,1655.0,80.5,10.74,0.0
2020-11-02,508.1,30.0,1800.0,56.4,10.05,0.083
2020-11-03,506.9,20.0,2205.0,26.4,7.25,0.125
2020-11-04,494.6,30.0,2305.0,44.1,9.2,0.0
2020-11-05,412.9,15.0,1980.0,36.4,8.02,0.042
2020-11-06,434.2,10.0,2005.0,20.9,8.62,0.0
2020-11-07,377.7,30.0,1435.0,40.0,10.29,0.0
2020-11-08,327.1,15.0,1320.0,30.5,5.62,0.375
2020-11-09,340.8,10.0,1420.0,17.7,7.06,0.208
2020-11-10,391.5,10.0,1600.0,18.2,6.03,0.333
2020-11-11,515.6,15.0,1765.0,28.6,7.73,0.0
2020-11-12,543.1,10.0,1970.0,19.1,5.92,0.458
2020-11-13,518.1,20.0,1835.0,33.6,5.09,0.375
2020-11-14,475.8,20.0,1810.0,34.5,6.1,0.333
2020-11-15,377.1,40.0,1285.0,75.5,14.18,0.0
2020-11-16,423.5,55.0,1355.0,198.2,9.68,0.125
2020-11-17,421.9,70.0,1490.0,82.7,8.32,0.042
2020-11-18,384.2,40.0,1320.0,74.1,7.04,0.042
2020-11-19,398.1,40.0,1545.0,53.6,6.73,0.208
2020-11-20,339.0,40.0,1105.0,91.8,11.24,0.0
2020-11-21,478.8,65.0,1430.0,140.0,14.14,0.0
2020-11-22,311.9,20.0,1130.0,62.7,9.93,0.083
2020-11-23,292.3,20.0,1225.0,30.0,5.81,0.417
2020-11-24,303.1,15.0,1245.0,26.8,7.2,0.208
2020-11-25,307.7,55.0,1015.0,75.0,8.98,0.0
2020-11-26,343.8,50.0,1120.0,85.9,7.67,0.083
2020-11-27,325.4,75.0,1025.0,159.5,12.16,0.0
2020-11-28,266.9,45.0,800.0,113.6,11.43,0.0
2020-11-29,221.2,20.0,800.0,60.0,8.67,0.042
2020-11-30,239.0,30.0,870.0,35.5,7.51,0.042
2020-12-01,237.1,25.0,865.0,33.6,7.67,0.0
2020-12-02,273.5,30.0,890.0,50.9,10.14,0.0
2020-12-03,249.2,20.0,970.0,48.6,6.26,0.292
2020-12-04,266.2,25.0,1220.0,41.4,7.53,0.208
2020-12-05,256.0,65.0,875.0,78.6,10.18,0.0
2020-12-06,267.5,45.0,1085.0,62.7,6.85,0.25
2020-12-07,262.1,40.0,905.0,56.8,9.42,0.0
2020-12-08,224.2,15.0,950.0,23.2,6.79,0.292
2020-12-09,241.7,15.0,1085.0,25.5,5.67,0.417
2020-12-10,232.5,30.0,1045.0,45.0,7.73,0.0
2020-12-11,256.7,15.0,965.0,57.7,6.78,0.167
2020-12-12,330.4,15.0,1170.0,51.8,6.27,0.292
2020-12-13,392.3,70.0,1310.0,131.8,11.0,0.0
2020-12-14,312.9,70.0,1000.0,96.4,9.69,0.0
2020-12-15,239.6,60.0,785.0,70.0,8.7,0.0
2020-12-16,364.4,85.0,1165.0,132.3,10.52,0.0
2020-12-17,384.4,120.0,885.0,224.1,13.95,0.0
2020-12-18,335.8,80.0,880.0,152.7,14.01,0.0
2020-12-19,276.9,85.0,770.0,102.3,13.08,0.0
2020-12-20,247.7,85.0,680.0,98.6,12.43,0.0
2020-12-21,229.2,40.0,670.0,104.5,9.03,0.0
2020-12-22,193.8,30.0,735.0,47.7,6.88,0.083
2020-12-23,212.3,20.0,880.0,29.5,6.37,0.292
2020-12-24,247.1,25.0,1100.0,33.6,8.59,0.0
2020-12-25,271.7,35.0,945.0,44.5,9.3,0.0
2020-12-26,253.3,25.0,865.0,53.6,9.67,0.0
2020-12-27,285.4,10.0,1000.0,69.5,10.01,0.125
2020-12-28,441.7,55.0,1360.0,172.3,10.72,0.0
2020-12-29,306.0,60.0,905.0,85.0,11.27,0.0
2020-12-30,317.7,50.0,1005.0,104.5,10.26,0.0
2020-12-31,225.8,30.0,785.0,56.8,9.1,0.0
2021-01-01,194.4,25.0,740.0,35.0,5.66,0.375
2021-01-02,202.7,50.0,520.0,89.1,9.63,0.042
2021-01-03,351.2,105.0,760.0,153.2,15.15,0.0
2021-01-04,215.0,60.0,805.0,119.5,9.91,0.0
2021-01-05,297.9,95.0,915.0,139.1,10.73,0.0
2021-01-06,268.3,50.0,810.0,98.6,8.01,0.125
2021-01-07,384.2,60.0,1035.0,166.8,9.1,0.0
2021-01-08,156.5,30.0,560.0,51.4,6.33,0.292
2021-01-09,306.5,55.0,655.0,155.5,12.12,0.0
2021-01-10,321.7,160.0,665.0,218.6,14.0,0.0
2021-01-11,379.2,115.0,770.0,224.5,14.11,0.0
2021-01-12,336.5,75.0,1005.0,104.5,11.31,0.0
2021-01-13,254.2,45.0,795.0,73.2,10.66,0.042
2021-01-14,192.3,15.0,735.0,25.0,6.69,0.333
2021-01-15,207.7,10.0,795.0,27.3,4.93,0.583
2021-01-16,162.1,35.0,525.0,45.9,7.75,0.0
2021-01-17,265.4,35.0,735.0,101.8,11.4,0.125
2021-01-18,269.2,20.0,585.0,185.0,10.45,0.0
2021-01-19,261.9,35.0,810.0,74.5,9.96,0.0
2021-01-20,356.2,155.0,760.0,192.3,14.94,0.0
2021-01-21,352.1,40.0,905.0,178.6,14.38,0.0
2021-01-22,206.2,20.0,745.0,41.8,9.74,0.0
2021-01-23,301.2,85.0,885.0,122.3,13.1,0.0
2021-01-24,332.9,65.0,1045.0,123.6,9.84,0.042
2021-01-25,346.7,30.0,1210.0,55.0,8.26,0.0
2021-01-26,324.2,40.0,1235.0,57.7,9.56,0.0
2021-01-27,293.5,30.0,1000.0,62.3,10.53,0.0
2021-01-28,290.2,20.0,1110.0,31.4,8.62,0.083
2021-01-29,339.6,35.0,1145.0,61.8,10.82,0.0
2021-01-30,326.7,45.0,1120.0,89.1,12.05,0.0
2021-01-31,261.7,10.0,1125.0,30.0,7.58,0.0
2021-02-01,246.2,10.0,1075.0,18.6,7.43,0.167
2021-02-02,226.2,25.0,980.0,40.0,6.46,0.292
2021-02-03,276.2,40.0,1020.0,85.5,12.35,0.0
2021-02-04,335.8,55.0,1215.0,99.5,9.93,0.167
2021-02-05,302.1,35.0,1140.0,65.5,8.81,0.042
2021-02-06,419.0,70.0,1385.0,93.6,11.58,0.0
2021-02-07,388.1,30.0,1090.0,110.9,12.78,0.0
2021-02-08,284.4,30.0,1010.0,34.1,8.33,0.042
2021-02-09,275.2,10.0,1045.0,37.3,9.15,0.042
2021-02-10,276.9,25.0,1260.0,30.5,7.34,0.083
2021-02-11,294.8,25.0,1075.0,37.7,7.54,0.167
2021-02-12,250.2,20.0,970.0,31.8,6.97,0.167
2021-02-13,227.3,15.0,1035.0,22.7,6.14,0.417
2021-02-14,319.4,10.0,1435.0,21.4,5.92,0.375
2021-02-15,369.2,10.0,1695.0,17.7,6.69,0.292
2021-02-16,431.0,25.0,1955.0,33.6,7.06,0.292
2021-02-17,392.9,25.0,1790.0,32.3,7.43,0.0
2021-02-18,434.0,15.0,1765.0,35.0,6.88,0.208
2021-02-19,426.0,10.0,1710.0,27.3,7.91,0.167
2021-02-20,425.4,30.0,1590.0,38.6,8.91,0.0
2021-02-21,389.8,35.0,1305.0,41.4,10.57,0.0
2021-02-22,396.5,35.0,1310.0,42.3,10.66,0.0
2021-02-23,383.8,15.0,1815.0,27.3,8.12,0.042
2021-02-24,360.4,10.0,1740.0,20.5,8.21,0.083
2021-02-25,451.0,25.0,2140.0,35.9,9.45,0.042
2021-02-26,558.5,30.0,2430.0,61.8,11.13,0.125
2021-02-27,617.1,35.0,1995.0,138.6,10.72,0.0
2021-02-28,683.3,35.0,2820.0,69.1,8.82,0.042
2021-03-01,643.1,75.0,2230.0,93.2,12.7,0.0
2021-03-02,560.0,105.0,1400.0,162.3,17.77,0.0
2021-03-03,428.5,10.0,1385.0,99.1,12.41,0.125
2021-03-04,384.0,10.0,1905.0,16.4,5.56,0.375
2021-03-05,603.8,20.0,2070.0,90.9,15.1,0.0
2021-03-06,424.2,15.0,1330.0,104.5,12.36,0.0
2021-03-07,406.7,15.0,1335.0,95.9,10.83,0.0
2021-03-08,444.6,105.0,1140.0,182.3,14.9,0.0
2021-03-09,444.6,20.0,2075.0,75.5,7.25,0.167
2021-03-10,562.3,20.0,2280.0,35.9,8.0,0.083
2021-03-11,496.2,10.0,2875.0,30.0,7.92,0.25
2021-03-12,445.0,20.0,1835.0,94.5,10.5,0.083
2021-03-13,529.2,15.0,1935.0,51.4,6.78,0.25
2021-03-14,596.7,55.0,2060.0,69.1,10.5,0.0
2021-03-15,524.6,55.0,2000.0,62.7,11.4,0.0
2021-03-16,612.9,50.0,2460.0,62.3,11.44,0.0
2021-03-17,599.0,25.0,2825.0,58.2,9.51,0.0
2021-03-18,423.5,20.0,1705.0,31.8,7.78,0.125
2021-03-19,561.9,30.0,2660.0,51.8,8.43,0.167
2021-03-20,704.8,20.0,2785.0,54.5,11.53,0.0
2021-03-21,734.0,10.0,3005.0,40.9,9.68,0.125
2021-03-22,481.0,15.0,1840.0,66.4,11.6,0.042
2021-03-23,460.0,15.0,1930.0,80.5,11.12,0.0
2021-03-24,850.2,25.0,3035.0,70.9,9.77,0.083
2021-03-25,641.9,120.0,1775.0,153.6,16.18,0.0
2021-03-26,530.8,30.0,1560.0,105.5,13.78,0.0
2021-03-27,530.0,25.0,1840.0,33.6,7.75,0.167
2021-03-28,517.3,20.0,1855.0,43.6,7.16,0.25
2021-03-29,604.8,30.0,2600.0,79.1,8.68,0.208
2021-03-30,1052.3,15.0,2715.0,184.5,19.18,0.125
2021-03-31,968.5,270.0,2215.0,380.5,20.69,0.0
2021-04-01,938.3,160.0,2245.0,296.8,21.3,0.0
2021-04-02,809.8,65.0,2930.0,101.8,12.21,0.0
2021-04-03,687.3,45.0,2650.0,95.5,8.85,0.042
2021-04-04,582.1,45.0,2115.0,56.8,10.86,0.0
2021-04-05,650.8,15.0,2625.0,37.7,10.39,0.0
2021-04-06,647.3,70.0,2770.0,176.4,10.05,0.125
2021-04-07,885.8,35.0,3750.0,160.0,11.52,0.0
2021-04-08,860.4,70.0,2500.0,178.2,11.5,0.0
2021-04-09,905.2,70.0,3375.0,90.5,11.1,0.0
2021-04-10,1107.7,45.0,3830.0,73.2,11.35,0.0
2021-04-11,1230.4,35.0,4445.0,67.3,10.11,0.0
2021-04-12,1180.8,20.0,4845.0,48.6,9.52,0.042
2021-04-13,1229.2,35.0,4455.0,65.9,12.28,0.0
2021-04-14,906.2,65.0,4510.0,91.4,13.55,0.0
2021-04-15,1299.8,40.0,4730.0,65.0,10.75,0.0
2021-04-16,1254.8,15.0,4355.0,56.4,10.71,0.25
2021-04-17,1025.4,10.0,3285.0,66.4,10.1,0.125
2021-04-18,965.8,50.0,3325.0,74.5,8.35,0.292
2021-04-19,1123.8,25.0,3935.0,50.0,11.24,0.0
2021-04-20,846.7,30.0,2450.0,132.3,15.37,0.083
2021-04-21,772.7,65.0,2330.0,156.8,13.49,0.0
2021-04-22,942.7,30.0,2720.0,217.7,8.69,0.292
2021-04-23,766.7,190.0,2375.0,362.7,17.5,0.0
2021-04-24,857.7,115.0,2165.0,223.6,12.99,0.0
2021-04-25,758.8,55.0,2260.0,134.5,13.78,0.0
2021-04-26,841.5,25.0,3040.0,46.8,9.31,0.042
2021-04-27,1279.6,25.0,4250.0,66.4,9.71,0.083
2021-04-28,1430.2,25.0,4880.0,65.5,10.77,0.083
2021-04-29,1335.4,30.0,4655.0,51.8,11.09,0.0
2021-04-30,967.9,25.0,3885.0,71.8,9.26,0.042
2021-05-01,1028.1,15.0,3795.0,53.6,9.09,0.042
2021-05-02,687.1,20.0,2500.0,60.5,7.89,0.208
2021-05-03,994.4,30.0,3440.0,56.4,8.28,0.125
2021-05-04,880.6,40.0,3780.0,135.5,9.68,0.167
2021-05-05,910.0,135.0,3340.0,213.2,12.79,0.0
2021-05-06,801.7,130.0,3215.0,239.5,14.42,0.0
2021-05-07,802.9,20.0,2495.0,135.5,8.28,0.208
2021-05-08,1035.4,50.0,3065.0,78.2,7.34,0.125
2021-05-09,740.0,55.0,3200.0,138.2,8.34,0.208
2021-05-10,668.1,35.0,2320.0,115.5,10.11,0.125
2021-05-11,786.5,65.0,3305.0,169.1,11.26,0.0
2021-05-12,606.5,25.0,2395.0,64.5,11.6,0.042
2021-05-13,731.9,110.0,2025.0,255.0,13.34,0.0
2021-05-14,917.1,45.0,2695.0,139.1,8.83,0.0
2021-05-15,872.9,15.0,2870.0,58.6,6.75,0.25
2021-05-16,925.8,30.0,2925.0,55.9,7.22,0.083
2021-05-17,916.9,20.0,2660.0,134.1,7.22,0.417
2021-05-18,419.6,160.0,610.0,310.5,10.49,0.208
2021-05-19,499.4,155.0,660.0,420.0,13.72,0.042
2021-05-20,612.9,50.0,1335.0,391.4,15.18,0.042
2021-05-21,474.6,75.0,1555.0,127.7,9.82,0.042
2021-05-22,566.7,40.0,1765.0,80.0,6.57,0.333
2021-05-23,552.3,80.0,2000.0,199.1,10.15,0.0
2021-05-24,747.5,95.0,2130.0,154.1,15.59,0.0
2021-05-25,647.1,60.0,1710.0,190.5,14.8,0.0
2021-05-26,554.8,10.0,2435.0,46.4,8.18,0.042
2021-05-27,521.7,40.0,2375.0,81.8,6.77,0.25
2021-05-28,576.7,130.0,1265.0,316.8,13.2,0.042
2021-05-29,727.1,275.0,1520.0,414.1,16.9,0.0
2021-05-30,641.5,25.0,1630.0,344.5,11.81,0.125
2021-05-31,672.5,20.0,2190.0,85.0,8.15,0.042
2021-06-01,475.8,10.0,1105.0,180.9,8.68,0.25
2021-06-02,663.8,20.0,1910.0,45.5,6.12,0.333
2021-06-03,675.2,20.0,2280.0,58.6,5.85,0.292
2021-06-04,931.0,35.0,2505.0,117.3,6.05,0.333
2021-06-05,628.8,55.0,2250.0,104.5,9.02,0.125
2021-06-06,752.5,15.0,2415.0,143.2,8.05,0.083
2021-06-07,936.2,30.0,2900.0,52.3,7.82,0.167
2021-06-08,1158.3,35.0,3045.0,213.6,15.59,0.0
2021-06-09,1071.5,70.0,2925.0,296.4,15.99,0.0
2021-06-10,694.2,150.0,1715.0,281.4,15.79,0.0
2021-06-11,904.0,275.0,2080.0,380.5,12.48,0.083
2021-06-12,875.6,395.0,1750.0,474.5,16.02,0.0
2021-06-13,735.2,140.0,1620.0,357.7,8.05,0.333
2021-06-14,782.5,50.0,1950.0,247.3,7.91,0.125
2021-06-15,783.8,50.0,2120.0,245.9,9.02,0.167
2021-06-16,559.2,185.0,1495.0,277.7,8.6,0.125
2021-06-17,683.1,140.0,1685.0,228.6,9.15,0.083
2021-06-18,718.8,140.0,1610.0,345.5,12.0,0.0
2021-06-19,627.3,180.0,1270.0,321.4,11.61,0.0
2021-06-20,537.1,125.0,1150.0,258.2,8.83,0.083
2021-06-21,684.4,55.0,1775.0,135.0,8.72,0.0
2021-06-22,859.6,15.0,2410.0,67.7,8.72,0.208
2021-06-23,830.0,20.0,2450.0,125.9,7.66,0.458
2021-06-24,783.8,75.0,2265.0,326.4,10.59,0.083
2021-06-25,804.8,90.0,2300.0,155.9,8.77,0.042
2021-06-26,739.6,40.0,2110.0,211.8,5.86,0.458
2021-06-27,834.4,165.0,2120.0,217.7,9.07,0.167
2021-06-28,932.7,65.0,2445.0,178.2,7.25,0.125
2021-06-29,1155.4,90.0,2920.0,130.9,11.46,0.0
2021-06-30,1304.4,70.0,3215.0,250.5,18.48,0.0
2021-07-01,1259.2,210.0,2680.0,632.3,16.6,0.0
2021-07-02,1108.5,175.0,2955.0,474.1,14.79,0.042
2021-07-03,937.1,160.0,2445.0,272.3,10.85,0.083
2021-07-04,826.9,20.0,2425.0,130.0,7.86,0.292
2021-07-05,1038.1,45.0,2670.0,214.1,8.3,0.042
2021-07-06,893.5,35.0,2550.0,288.2,11.86,0.0
2021-07-07,1091.2,45.0,2785.0,111.8,11.19,0.167
2021-07-08,1091.2,40.0,2565.0,424.5,13.24,0.042
2021-07-09,794.6,355.0,1710.0,470.5,13.38,0.0
2021-07-10,896.2,350.0,1685.0,431.8,10.69,0.083
2021-07-11,916.5,420.0,1675.0,590.5,17.51,0.0
2021-07-12,942.1,640.0,1430.0,772.3,18.6,0.0
2021-07-13,438.3,245.0,710.0,416.8,11.69,0.0
2021-07-14,412.9,220.0,785.0,327.3,11.11,0.0
2021-07-15,645.4,230.0,1315.0,428.2,11.73,0.0
2021-07-16,674.8,180.0,1390.0,374.1,10.89,0.0
2021-07-17,659.4,195.0,1840.0,245.0,7.36,0.167
2021-07-18,441.9,145.0,1375.0,233.2,8.78,0.083
2021-07-19,221.0,120.0,375.0,218.6,6.77,0.292
2021-07-20,323.1,50.0,795.0,141.8,3.92,0.75
2021-07-21,361.9,65.0,1015.0,116.4,6.68,0.458
2021-07-22,442.3,70.0,935.0,215.9,9.07,0.042
2021-07-23,366.7,35.0,1050.0,190.0,9.14,0.083
2021-07-24,437.7,30.0,1245.0,75.5,5.85,0.417
2021-07-25,506.9,45.0,1155.0,123.2,7.78,0.125
2021-07-26,366.2,190.0,640.0,285.9,8.28,0.125
2021-07-27,300.0,45.0,690.0,126.8,8.15,0.292
2021-07-28,262.3,80.0,525.0,201.8,8.18,0.25
2021-07-29,309.8,25.0,850.0,100.5,5.95,0.458
2021-07-30,246.7,30.0,465.0,143.2,7.38,0.25
2021-07-31,467.1,90.0,990.0,316.4,9.28,0.083
2021-08-01,279.0,30.0,805.0,60.5,6.21,0.208
2021-08-02,358.1,50.0,920.0,110.5,5.85,0.333
2021-08-03,617.7,185.0,1135.0,355.0,10.99,0.0
2021-08-04,554.8,45.0,1005.0,339.1,11.85,0.042
2021-08-05,441.7,75.0,1120.0,128.6,5.71,0.375
2021-08-06,401.7,15.0,1305.0,55.5,4.57,0.625
2021-08-07,265.2,20.0,800.0,79.5,3.88,0.833
2021-08-08,346.2,45.0,1040.0,115.0,4.45,0.625
2021-08-09,356.0,65.0,975.0,140.9,5.3,0.417
2021-08-10,529.0,35.0,1615.0,99.1,10.26,0.0
2021-08-11,687.5,250.0,1410.0,493.6,15.85,0.0
2021-08-12,584.8,150.0,1540.0,296.4,12.75,0.0
2021-08-13,609.0,155.0,1800.0,373.6,12.52,0.0
2021-08-14,636.7,110.0,1575.0,389.5,14.02,0.042
2021-08-15,600.2,90.0,1645.0,220.5,10.34,0.083
2021-08-16,497.7,15.0,1630.0,142.7,7.91,0.042
2021-08-17,531.5,25.0,1665.0,42.7,7.47,0.208
2021-08-18,532.5,20.0,1530.0,34.5,6.22,0.333
2021-08-19,433.8,20.0,1390.0,84.1,7.04,0.208
2021-08-20,379.0,215.0,605.0,311.4,12.05,0.0
2021-08-21,494.2,285.0,710.0,395.5,11.72,0.0
2021-08-22,428.8,45.0,1010.0,306.4,9.35,0.25
2021-08-23,342.5,15.0,1165.0,67.3,5.85,0.417
2021-08-24,340.8,20.0,1050.0,57.7,4.69,0.625
2021-08-25,615.2,60.0,1415.0,233.6,15.23,0.0
2021-08-26,645.4,65.0,1355.0,396.4,14.73,0.042
2021-08-27,521.5,105.0,1475.0,260.9,10.18,0.042
2021-08-28,420.4,55.0,1210.0,174.5,7.09,0.167
2021-08-29,371.9,55.0,980.0,196.4,7.84,0.208
2021-08-30,544.4,205.0,1085.0,335.5,10.81,0.0
2021-08-31,442.3,245.0,995.0,360.9,11.3,0.0
2021-09-01,306.2,85.0,475.0,269.5,9.16,0.0
2021-09-02,338.3,60.0,1095.0,99.5,6.0,0.208
2021-09-03,299.8,25.0,1150.0,90.0,6.75,0.458
2021-09-04,287.3,25.0,950.0,73.2,4.6,0.583
2021-09-05,285.4,35.0,1135.0,69.1,4.65,0.625
2021-09-06,392.7,15.0,1290.0,45.9,4.86,0.625
2021-09-07,406.5,50.0,1090.0,235.5,11.12,0.0
2021-09-08,727.7,440.0,915.0,682.3,17.32,0.0
2021-09-09,479.6,120.0,1055.0,325.9,11.45,0.0
2021-09-10,642.3,300.0,1125.0,464.5,14.34,0.0
2021-09-11,519.8,325.0,980.0,458.6,17.02,0.0
2021-09-12,466.9,80.0,1035.0,320.0,8.53,0.125
2021-09-13,281.0,50.0,900.0,95.0,6.26,0.25
2021-09-14,475.4,75.0,1320.0,157.7,9.84,0.0
2021-09-15,441.2,125.0,710.0,325.0,10.55,0.083
2021-09-16,448.1,50.0,1410.0,187.3,13.28,0.083
2021-09-17,529.4,210.0,1215.0,323.6,15.9,0.0
2021-09-18,546.7,75.0,1095.0,357.3,12.59,0.0
2021-09-19,410.0,70.0,940.0,160.0,9.49,0.0
2021-09-20,352.1,45.0,925.0,68.6,7.7,0.208
2021-09-21,370.8,45.0,1025.0,141.4,8.54,0.0
2021-09-22,354.4,175.0,835.0,242.3,10.24,0.042
2021-09-23,459.6,170.0,1140.0,217.3,9.64,0.0
2021-09-24,340.6,140.0,985.0,193.6,8.55,0.0
2021-09-25,437.7,95.0,1190.0,191.4,6.95,0.125
2021-09-26,399.4,105.0,1045.0,222.3,9.31,0.042
2021-09-27,349.2,20.0,1035.0,78.6,5.73,0.25
2021-09-28,441.0,55.0,1305.0,130.9,10.28,0.0
2021-09-29,513.8,100.0,1070.0,305.0,11.79,0.0
2021-09-30,345.8,55.0,1145.0,132.3,6.47,0.208
2021-10-01,330.2,15.0,1325.0,40.0,3.8,0.792
2021-10-02,349.8,30.0,1330.0,54.5,7.57,0.083
2021-10-03,395.4,80.0,1300.0,92.7,10.14,0.0
2021-10-04,389.2,30.0,1300.0,100.0,7.2,0.167
2021-10-05,383.1,20.0,1440.0,45.9,5.07,0.458
2021-10-06,404.0,30.0,1265.0,60.9,5.85,0.375
2021-10-07,460.2,40.0,1450.0,65.0,8.38,0.0
2021-10-08,468.8,15.0,1680.0,38.2,8.67,0.083
2021-10-09,374.0,15.0,1650.0,32.7,8.52,0.125
2021-10-10,306.0,15.0,1415.0,30.0,7.1,0.042
2021-10-11,239.2,30.0,1075.0,35.5,7.45,0.042
2021-10-12,261.0,15.0,1265.0,33.2,7.52,0.208
2021-10-13,402.1,55.0,1515.0,72.3,10.76,0.0
2021-10-14,349.0,50.0,1100.0,74.1,11.1,0.0
2021-10-15,235.6,10.0,945.0,57.3,9.5,0.0
2021-10-16,250.2,10.0,925.0,20.0,6.52,0.25
2021-10-17,326.9,35.0,935.0,116.8,10.71,0.0
2021-10-18,292.7,85.0,655.0,193.6,10.4,0.0
2021-10-19,452.5,65.0,1280.0,185.9,12.65,0.0
2021-10-20,387.9,35.0,1540.0,70.9,10.52,0.0
2021-10-21,284.0,45.0,980.0,76.4,13.39,0.0
2021-10-22,361.9,15.0,1275.0,154.1,13.35,0.0
2021-10-23,382.5,60.0,1760.0,90.0,7.79,0.208
2021-10-24,351.2,55.0,1595.0,71.4,8.91,0.167
2021-10-25,372.5,35.0,1280.0,67.7,6.9,0.083
2021-10-26,404.0,30.0,1325.0,94.1,9.83,0.0
2021-10-27,359.8,30.0,1280.0,49.1,10.21,0.0
2021-10-28,326.2,35.0,1225.0,65.9,10.06,0.0
2021-10-29,277.7,30.0,1160.0,40.5,7.2,0.042
2021-10-30,349.2,55.0,1210.0,73.2,11.63,0.0
2021-10-31,372.1,10.0,1695.0,71.8,10.33,0.208
2021-11-01,291.5,25.0,1240.0,58.2,8.09,0.125
2021-11-02,289.0,65.0,1005.0,93.6,10.46,0.0
2021-11-03,284.6,30.0,1275.0,60.5,7.53,0.083
2021-11-04,335.0,15.0,1430.0,25.0,6.07,0.417
2021-11-05,391.9,20.0,1490.0,32.7,8.05,0.0
2021-11-06,367.3,35.0,1300.0,70.5,11.98,0.0
2021-11-07,290.4,30.0,1030.0,68.6,10.86,0.0
2021-11-08,273.1,35.0,1035.0,51.4,9.55,0.0
2021-11-09,255.2,15.0,965.0,50.9,9.72,0.0
2021-11-10,239.8,15.0,1045.0,21.8,8.55,0.0
2021-11-11,226.2,10.0,1000.0,15.9,7.64,0.167
2021-11-12,260.8,15.0,1160.0,22.7,8.71,0.083
2021-11-13,310.4,20.0,1345.0,29.5,8.33,0.0
2021-11-14,276.0,10.0,1290.0,29.1,7.18,0.125
2021-11-15,300.8,15.0,1320.0,21.8,8.22,0.0
2021-11-16,280.6,20.0,1135.0,41.4,7.52,0.042
2021-11-17,265.0,10.0,1135.0,25.9,6.41,0.208
2021-11-18,249.6,10.0,1085.0,18.2,3.28,0.75
2021-11-19,250.6,15.0,990.0,25.0,6.41,0.042
2021-11-20,191.5,15.0,775.0,34.1,6.15,0.208
2021-11-21,241.7,45.0,815.0,62.3,10.15,0.0
2021-11-22,346.0,95.0,1020.0,139.1,15.78,0.0
2021-11-23,286.9,10.0,1040.0,105.5,12.42,0.0
2021-11-24,233.5,15.0,1105.0,28.2,6.63,0.125
2021-11-25,209.2,35.0,900.0,47.3,6.72,0.083
2021-11-26,210.0,10.0,985.0,33.6,6.25,0.333
2021-11-27,289.4,40.0,1185.0,55.9,7.92,0.0
2021-11-28,323.5,20.0,1270.0,62.7,7.21,0.042
2021-11-29,321.7,15.0,1175.0,46.4,9.83,0.0
2021-11-30,251.7,15.0,840.0,113.2,11.54,0.0
2021-12-01,177.5,25.0,650.0,41.8,6.3,0.167
2021-12-02,213.1,85.0,390.0,119.5,7.22,0.167
2021-12-03,160.2,15.0,395.0,113.6,6.38,0.25
2021-12-04,205.6,15.0,910.0,35.5,7.24,0.042
2021-12-05,217.1,10.0,1040.0,14.5,5.76,0.292
2021-12-06,284.4,20.0,1415.0,50.5,7.72,0.125
2021-12-07,355.2,55.0,1270.0,79.5,10.99,0.0
2021-12-08,290.4,20.0,1155.0,63.2,9.6,0.0
2021-12-09,286.2,15.0,1270.0,22.7,6.6,0.083
2021-12-10,291.2,35.0,1205.0,45.5,9.1,0.0
2021-12-11,279.2,15.0,1140.0,61.8,9.96,0.0
2021-12-12,251.2,20.0,1195.0,31.8,5.19,0.292
2021-12-13,275.0,10.0,1195.0,15.0,4.1,0.625
2021-12-14,261.7,15.0,1065.0,26.4,6.35,0.25
2021-12-15,340.0,35.0,1220.0,53.2,8.39,0.0
2021-12-16,283.5,45.0,1000.0,91.4,8.95,0.042
2021-12-17,498.1,150.0,1400.0,225.0,14.22,0.0
2021-12-18,433.5,140.0,1155.0,171.8,16.25,0.0
2021-12-19,322.3,90.0,795.0,172.3,14.03,0.0
2021-12-20,232.3,15.0,730.0,79.5,9.67,0.0
2021-12-21,199.8,10.0,905.0,16.4,7.29,0.125
2021-12-22,179.6,15.0,810.0,20.5,6.4,0.125
2021-12-23,181.7,25.0,725.0,33.2,7.43,0.042
2021-12-24,214.8,35.0,915.0,43.2,7.27,0.042
2021-12-25,258.5,15.0,1095.0,27.7,4.99,0.625
2021-12-26,196.9,25.0,715.0,85.9,7.53,0.125
2021-12-27,289.8,20.0,1175.0,86.4,6.94,0.25
2021-12-28,202.7,10.0,970.0,55.5,5.45,0.5
2021-12-29,273.3,20.0,1190.0,35.0,7.26,0.208
2021-12-30,245.6,30.0,980.0,37.3,8.55,0.042
2021-12-31,230.4,35.0,810.0,41.4,7.97,0.0
2022-01-01,233.3,15.0,885.0,34.1,7.71,0.0
2022-01-02,205.4,20.0,740.0,30.5,7.33,0.0
2022-01-03,179.8,20.0,665.0,30.0,8.13,0.0
2022-01-04,183.5,15.0,785.0,22.7,6.62,0.125
2022-01-05,317.5,20.0,730.0,191.4,10.75,0.083
2022-01-06,390.8,95.0,940.0,228.6,11.98,0.0
2022-01-07,475.4,110.0,915.0,280.0,14.25,0.042
2022-01-08,522.1,415.0,595.0,528.2,15.32,0.125
2022-01-09,372.1,120.0,645.0,296.8,7.7,0.25
2022-01-10,371.2,50.0,1215.0,106.4,8.55,0.0
2022-01-11,308.1,50.0,975.0,102.7,9.47,0.0
2022-01-12,292.5,25.0,835.0,120.5,8.32,0.0
2022-01-13,296.0,15.0,1460.0,28.2,4.2,0.667
2022-01-14,294.2,20.0,1115.0,42.7,5.66,0.5
2022-01-15,301.7,65.0,875.0,103.2,6.78,0.125
2022-01-16,274.2,15.0,715.0,86.8,6.12,0.208
2022-01-17,254.4,10.0,750.0,33.2,4.21,0.75
2022-01-18,198.1,25.0,645.0,37.3,8.26,0.083
2022-01-19,165.8,25.0,605.0,46.4,6.24,0.125
2022-01-20,215.0,20.0,905.0,27.7,5.46,0.292
2022-01-21,280.0,20.0,1240.0,41.4,6.75,0.25
2022-01-22,534.2,110.0,900.0,318.2,19.7,0.0
2022-01-23,331.2,40.0,795.0,304.1,8.22,0.042
2022-01-24,287.9,35.0,1015.0,47.3,8.35,0.042
2022-01-25,330.6,35.0,1250.0,42.7,8.61,0.0
2022-01-26,392.3,40.0,1355.0,60.9,10.11,0.0
2022-01-27,452.7,65.0,1535.0,94.1,13.17,0.0
2022-01-28,359.8,55.0,1010.0,126.4,13.79,0.0
2022-01-29,264.4,45.0,945.0,54.5,9.24,0.0
2022-01-30,302.9,65.0,780.0,120.9,14.69,0.0
2022-01-31,209.2,10.0,875.0,28.6,5.45,0.542
2022-02-01,256.7,15.0,880.0,56.8,8.75,0.125
2022-02-02,320.2,75.0,960.0,139.1,10.38,0.125
2022-02-03,491.7,90.0,860.0,355.9,19.43,0.125
2022-02-04,499.0,50.0,1280.0,282.3,13.22,0.0
2022-02-05,208.5,15.0,840.0,57.7,6.59,0.292
2022-02-06,213.1,10.0,795.0,26.4,5.82,0.417
2022-02-07,219.0,25.0,870.0,41.4,7.75,0.125
2022-02-08,186.0,15.0,935.0,36.8,5.28,0.417
2022-02-09,339.2,30.0,1050.0,77.7,8.53,0.125
2022-02-10,400.4,15.0,1580.0,66.4,10.71,0.125
2022-02-11,496.0,80.0,1380.0,148.6,15.6,0.0
2022-02-12,330.8,20.0,1095.0,90.5,12.87,0.0
2022-02-13,283.1,10.0,1300.0,20.9,6.94,0.25
2022-02-14,328.5,20.0,1590.0,30.0,7.85,0.042
2022-02-15,322.1,15.0,1510.0,42.3,6.61,0.167
2022-02-16,309.0,10.0,1380.0,25.5,8.03,0.125
2022-02-17,280.0,15.0,1270.0,43.2,8.31,0.167
2022-02-18,295.4,15.0,1830.0,39.1,7.82,0.208
2022-02-19,409.2,50.0,1715.0,76.4,11.94,0.0
2022-02-20,636.5,70.0,2065.0,155.5,16.0,0.0
2022-02-21,296.2,20.0,1100.0,90.5,9.08,0.083
2022-02-22,477.3,50.0,930.0,230.5,20.72,0.0
2022-02-23,456.9,15.0,950.0,370.0,14.2,0.0
2022-02-24,349.8,15.0,1515.0,43.2,7.02,0.292
2022-02-25,366.5,15.0,1660.0,77.3,8.09,0.208
2022-02-26,558.5,135.0,1315.0,235.9,17.6,0.0
2022-02-27,454.8,100.0,1520.0,122.3,10.53,0.0
2022-02-28,370.6,45.0,1105.0,119.1,12.09,0.0
2022-03-01,299.4,20.0,1045.0,46.8,8.47,0.0
2022-03-02,317.7,15.0,1295.0,26.4,6.38,0.25
2022-03-03,380.2,15.0,1850.0,58.6,6.3,0.25
2022-03-04,477.3,100.0,1405.0,142.3,13.64,0.0
2022-03-05,469.0,80.0,1245.0,176.4,14.98,0.0
2022-03-06,302.5,35.0,1075.0,56.8,7.56,0.167
2022-03-07,325.0,20.0,1200.0,42.7,7.08,0.208
2022-03-08,322.9,10.0,1445.0,37.3,9.85,0.0
2022-03-09,382.1,40.0,1735.0,62.7,10.99,0.0
2022-03-10,504.6,35.0,1760.0,105.0,12.33,0.0
2022-03-11,450.8,60.0,1520.0,68.2,12.77,0.0
2022-03-12,389.2,35.0,1315.0,65.9,11.97,0.0
2022-03-13,388.5,15.0,1470.0,30.9,11.13,0.0
2022-03-14,366.2,15.0,1290.0,23.2,8.3,0.042
2022-03-15,375.2,10.0,1205.0,37.3,9.89,0.0
2022-03-16,516.2,80.0,1675.0,101.8,15.65,0.0
2022-03-17,337.7,50.0,1155.0,71.8,7.8,0.0
2022-03-18,490.8,50.0,1530.0,85.9,9.1,0.0
2022-03-19,421.0,40.0,1465.0,49.1,7.13,0.167
2022-03-20,391.9,15.0,1775.0,47.7,9.43,0.0
2022-03-21,566.5,15.0,2515.0,52.3,10.08,0.042
2022-03-22,633.5,90.0,2015.0,167.3,17.3,0.0
2022-03-23,404.4,20.0,1755.0,53.2,9.92,0.083
2022-03-24,614.6,15.0,2515.0,33.6,12.0,0.083
2022-03-25,611.0,35.0,2525.0,58.6,12.51,0.0
2022-03-26,738.1,70.0,2150.0,118.2,17.5,0.0
2022-03-27,528.8,15.0,1945.0,95.5,14.45,0.0
2022-03-28,485.0,10.0,2585.0,15.9,9.15,0.25
2022-03-29,583.8,30.0,2580.0,40.9,11.65,0.0
2022-03-30,415.4,10.0,2075.0,25.9,7.41,0.25
2022-03-31,540.0,30.0,2625.0,60.0,8.3,0.125
2022-04-01,610.8,35.0,1860.0,118.2,13.88,0.0
2022-04-02,675.2,15.0,2815.0,41.8,8.63,0.042
2022-04-03,656.5,10.0,3320.0,52.3,9.94,0.083
2022-04-04,668.5,20.0,2635.0,58.2,12.8,0.0
2022-04-05,723.5,25.0,2725.0,45.5,10.75,0.0
2022-04-06,778.8,25.0,3080.0,39.1,12.15,0.042
2022-04-07,823.5,15.0,3315.0,24.5,11.23,0.0
2022-04-08,862.5,15.0,4195.0,20.0,11.14,0.0
2022-04-09,896.0,15.0,4505.0,22.3,10.4,0.0
2022-04-10,840.2,25.0,3385.0,69.5,15.13,0.0
2022-04-11,893.8,15.0,3580.0,33.6,10.95,0.0
2022-04-12,424.0,55.0,1420.0,81.4,10.04,0.083
2022-04-13,909.4,10.0,3820.0,48.6,10.25,0.0
2022-04-14,1008.3,40.0,4495.0,96.4,13.42,0.0
2022-04-15,1024.8,50.0,4275.0,71.8,10.55,0.083
2022-04-16,940.6,15.0,4130.0,26.8,8.45,0.333
2022-04-17,970.2,30.0,4130.0,52.3,9.3,0.125
2022-04-18,597.5,15.0,2710.0,27.7,8.12,0.25
2022-04-19,1067.5,30.0,4335.0,65.5,15.12,0.0
2022-04-20,1162.3,60.0,3650.0,119.5,15.78,0.0
2022-04-21,638.1,15.0,2690.0,70.9,13.32,0.042
2022-04-22,1068.8,25.0,3665.0,65.0,10.19,0.083
2022-04-23,1022.1,30.0,3750.0,42.3,9.72,0.083
2022-04-24,1056.7,70.0,3655.0,90.0,15.9,0.0
2022-04-25,909.0,65.0,4015.0,120.9,13.04,0.0
2022-04-26,1193.8,30.0,4065.0,48.2,12.14,0.0
2022-04-27,955.2,15.0,3040.0,29.5,10.97,0.0
2022-04-28,999.6,10.0,3970.0,27.7,10.76,0.0
2022-04-29,1092.3,35.0,4405.0,73.2,14.72,0.0
2022-04-30,1248.5,25.0,4725.0,83.2,12.09,0.042
2022-05-01,708.1,25.0,3040.0,181.4,15.48,0.083
2022-05-02,806.9,215.0,1990.0,331.8,15.25,0.083
2022-05-03,860.8,130.0,3330.0,331.8,11.28,0.125
2022-05-04,755.0,105.0,3180.0,174.1,10.95,0.208
2022-05-05,700.4,15.0,2445.0,84.1,7.84,0.25
2022-05-06,1044.4,15.0,3125.0,43.2,7.1,0.292
2022-05-07,771.9,20.0,2985.0,51.8,8.22,0.292
2022-05-08,937.7,55.0,3200.0,133.6,11.97,0.0
2022-05-09,864.6,270.0,2310.0,367.3,14.67,0.042
2022-05-10,890.2,230.0,2220.0,341.4,11.85,0.0
2022-05-11,1006.7,245.0,2825.0,315.5,11.64,0.083
2022-05-12,1004.0,85.0,3305.0,277.3,12.75,0.042
2022-05-13,881.5,25.0,3575.0,220.9,13.04,0.083
2022-05-14,987.5,10.0,3225.0,47.3,9.87,0.167
2022-05-15,829.8,20.0,4290.0,53.2,12.58,0.042
2022-05-16,864.6,45.0,2170.0,378.2,16.06,0.0
2022-05-17,1021.7,75.0,4060.0,140.9,10.3,0.083
2022-05-18,826.7,80.0,3770.0,166.4,8.59,0.083
2022-05-19,881.0,40.0,3655.0,78.6,9.09,0.167
2022-05-20,1044.6,50.0,4350.0,138.2,12.07,0.0
2022-05-21,753.3,70.0,3970.0,164.5,12.78,0.042
2022-05-22,945.6,45.0,3205.0,213.6,9.11,0.292
2022-05-23,830.0,330.0,1515.0,478.6,21.33,0.0
2022-05-24,655.4,110.0,1480.0,350.5,11.43,0.125
2022-05-25,659.4,15.0,1970.0,82.3,6.35,0.292
2022-05-26,731.2,45.0,2270.0,76.4,6.96,0.167
2022-05-27,801.2,40.0,2635.0,100.0,10.33,0.0
2022-05-28,891.5,40.0,2770.0,131.8,8.17,0.208
2022-05-29,724.6,50.0,2620.0,188.2,11.31,0.0
2022-05-30,844.2,100.0,3210.0,190.0,10.62,0.125
2022-05-31,875.0,20.0,2980.0,85.5,9.72,0.083
2022-06-01,943.8,15.0,3670.0,42.3,10.83,0.0
2022-06-02,881.5,15.0,3795.0,66.8,12.0,0.0
2022-06-03,1232.7,20.0,4885.0,38.2,10.9,0.0
2022-06-04,1213.8,15.0,4875.0,38.2,8.59,0.125
2022-06-05,1196.0,20.0,4760.0,125.9,13.26,0.0
2022-06-06,1232.3,50.0,4210.0,92.7,11.93,0.0
2022-06-07,1164.8,45.0,4080.0,163.2,15.22,0.0
2022-06-08,1326.9,75.0,4295.0,401.4,19.5,0.0
2022-06-09,1238.5,15.0,3775.0,196.8,14.68,0.0
2022-06-10,1259.8,65.0,3740.0,248.6,18.36,0.0
2022-06-11,1286.2,195.0,3585.0,424.5,19.27,0.0
2022-06-12,1141.5,15.0,3490.0,156.8,15.05,0.0
2022-06-13,1289.8,70.0,3275.0,372.7,19.26,0.0
2022-06-14,1018.8,455.0,2170.0,564.5,22.89,0.0
2022-06-15,1184.8,115.0,2855.0,426.8,20.1,0.0
2022-06-16,1004.0,385.0,2340.0,552.7,12.08,0.042
2022-06-17,642.3,105.0,1915.0,297.7,9.6,0.125
2022-06-18,467.5,25.0,1180.0,212.3,8.42,0.208
2022-06-19,467.5,100.0,940.0,250.5,9.75,0.0
2022-06-20,621.9,10.0,1595.0,93.2,5.82,0.417
2022-06-21,556.7,60.0,1505.0,115.5,6.1,0.292
2022-06-22,636.7,120.0,1880.0,197.7,7.59,0.208
2022-06-23,745.4,125.0,1935.0,183.2,13.12,0.0
2022-06-24,755.0,25.0,2170.0,84.5,11.81,0.0
2022-06-25,828.3,20.0,2560.0,70.0,6.28,0.417
2022-06-26,870.8,220.0,1840.0,370.9,13.83,0.0
2022-06-27,953.8,250.0,1930.0,457.3,12.35,0.0
2022-06-28,916.5,210.0,2295.0,335.0,11.17,0.042
2022-06-29,898.1,95.0,2495.0,311.4,14.11,0.083
2022-06-30,293.1,230.0,370.0,302.7,8.97,0.333
2022-07-01,307.1,30.0,800.0,176.4,5.39,0.417
2022-07-02,425.0,55.0,1160.0,217.7,8.95,0.208
2022-07-03,560.4,85.0,1185.0,312.7,9.33,0.25
2022-07-04,432.7,40.0,1235.0,95.5,4.47,0.667
2022-07-05,571.5,60.0,1520.0,165.9,10.28,0.042
2022-07-06,691.2,145.0,1525.0,321.4,13.22,0.0
2022-07-07,656.7,105.0,1570.0,256.4,12.37,0.0
2022-07-08,624.8,65.0,1510.0,192.3,11.17,0.0
2022-07-09,537.7,90.0,1330.0,246.8,12.42,0.0
2022-07-10,454.8,90.0,1240.0,284.5,7.31,0.25
2022-07-11,488.5,15.0,1465.0,61.8,5.0,0.417
2022-07-12,386.5,30.0,900.0,128.6,7.14,0.25
2022-07-13,624.6,115.0,1680.0,199.1,8.39,0.083
2022-07-14,742.5,265.0,1880.0,371.4,11.25,0.0
2022-07-15,971.7,400.0,2015.0,566.8,15.62,0.0
2022-07-16,614.8,370.0,1245.0,508.2,9.27,0.0
2022-07-17,510.2,100.0,1100.0,332.3,9.21,0.083
2022-07-18,459.6,40.0,1385.0,107.3,6.03,0.292
2022-07-19,444.8,45.0,1225.0,137.3,7.21,0.292
2022-07-20,357.3,45.0,815.0,167.7,9.93,0.125
2022-07-21,338.5,40.0,740.0,137.3,4.59,0.667
2022-07-22,323.3,35.0,830.0,96.4,6.9,0.167
2022-07-23,505.6,210.0,890.0,385.5,13.47,0.0
2022-07-24,702.3,465.0,1520.0,535.9,15.15,0.0
2022-07-25,759.8,365.0,1065.0,624.5,15.72,0.0
2022-07-26,691.5,255.0,1125.0,536.8,14.38,0.0
2022-07-27,513.1,330.0,950.0,389.1,12.84,0.0
2022-07-28,309.0,55.0,705.0,177.3,5.67,0.417
2022-07-29,338.5,40.0,915.0,118.2,6.88,0.333
2022-07-30,267.1,55.0,805.0,80.0,5.57,0.542
2022-07-31,388.5,80.0,1045.0,145.9,6.78,0.292
2022-08-01,465.4,65.0,1150.0,155.0,6.61,0.25
2022-08-02,519.0,30.0,1270.0,207.3,9.39,0.083
2022-08-03,309.0,40.0,900.0,116.4,7.46,0.125
2022-08-04,380.8,75.0,1020.0,186.8,8.07,0.125
2022-08-05,310.2,40.0,805.0,192.3,8.27,0.208
2022-08-06,350.2,45.0,1100.0,84.5,3.87,0.833
2022-08-07,225.2,35.0,425.0,108.6,7.71,0.25
2022-08-08,383.1,50.0,1155.0,83.2,5.88,0.25
2022-08-09,502.7,50.0,1330.0,101.4,9.71,0.083
2022-08-10,525.0,75.0,1255.0,223.6,10.6,0.0
2022-08-11,761.9,150.0,1290.0,556.4,17.26,0.0
2022-08-12,731.5,155.0,1310.0,390.0,15.78,0.0
2022-08-13,614.6,170.0,1240.0,415.5,13.41,0.042
2022-08-14,333.8,40.0,1025.0,140.9,7.28,0.292
2022-08-15,482.5,85.0,1000.0,299.5,11.17,0.083
2022-08-16,999.4,195.0,1280.0,808.2,22.28,0.0
2022-08-17,651.5,100.0,1040.0,542.3,16.4,0.0
2022-08-18,475.4,75.0,1115.0,176.8,9.1,0.083
2022-08-19,536.9,85.0,1080.0,280.5,12.8,0.083
2022-08-20,426.9,55.0,1165.0,185.0,6.58,0.375
2022-08-21,338.3,75.0,1080.0,139.5,6.75,0.292
2022-08-22,515.4,60.0,1275.0,267.3,9.9,0.167
2022-08-23,1177.1,680.0,1655.0,935.9,22.56,0.0
2022-08-24,598.1,205.0,1125.0,441.8,13.01,0.0
2022-08-25,430.0,35.0,1085.0,98.6,4.99,0.5
2022-08-26,501.5,70.0,1205.0,172.7,10.89,0.042
2022-08-27,674.0,170.0,1510.0,280.9,16.43,0.0
2022-08-28,642.9,35.0,1455.0,334.5,15.37,0.0
2022-08-29,483.5,40.0,1525.0,215.5,8.21,0.25
2022-08-30,390.8,20.0,1485.0,57.3,5.79,0.542
2022-08-31,504.8,25.0,1675.0,67.7,9.32,0.0
2022-09-01,577.1,25.0,1700.0,69.1,8.78,0.0
2022-09-02,537.9,60.0,1640.0,106.4,6.81,0.333
2022-09-03,698.5,25.0,1990.0,98.2,12.59,0.125
2022-09-04,797.3,55.0,2025.0,334.5,15.25,0.0
2022-09-05,598.5,30.0,1855.0,260.0,9.43,0.042
2022-09-06,588.5,20.0,1930.0,65.0,7.06,0.25
2022-09-07,677.3,50.0,1875.0,76.8,7.43,0.125
2022-09-08,653.8,60.0,1805.0,102.3,6.47,0.208
2022-09-09,711.9,195.0,1685.0,290.5,8.02,0.083
2022-09-10,676.9,250.0,1700.0,365.5,9.35,0.0
2022-09-11,764.0,160.0,1835.0,282.7,10.1,0.042
2022-09-12,834.2,155.0,1965.0,385.9,10.6,0.0
2022-09-13,1051.7,295.0,1885.0,698.2,17.35,0.042
2022-09-14,863.3,675.0,1285.0,814.5,19.3,0.0
2022-09-15,531.7,255.0,785.0,490.5,14.51,0.0
2022-09-16,254.4,70.0,405.0,271.8,9.9,0.125
2022-09-17,431.7,45.0,1280.0,102.3,9.64,0.125
2022-09-18,439.2,30.0,1410.0,67.7,6.95,0.25
2022-09-19,348.3,15.0,1310.0,29.5,6.67,0.375
2022-09-20,271.7,20.0,1010.0,55.5,5.33,0.417
2022-09-21,307.7,35.0,1045.0,96.4,5.51,0.375
2022-09-22,370.8,110.0,650.0,231.8,10.65,0.042
2022-09-23,489.6,350.0,805.0,418.2,12.31,0.0
2022-09-24,546.7,320.0,835.0,409.1,15.95,0.0
2022-09-25,462.5,15.0,1265.0,230.9,10.03,0.25
2022-09-26,434.4,15.0,1210.0,69.1,7.63,0.292
2022-09-27,375.2,35.0,1350.0,59.5,7.96,0.042
2022-09-28,391.7,15.0,1610.0,35.9,6.91,0.208
2022-09-29,419.2,20.0,1355.0,37.7,8.35,0.167
2022-09-30,416.9,15.0,1385.0,28.2,7.95,0.208
2022-10-01,426.2,15.0,1595.0,31.4,7.72,0.125
2022-10-02,454.2,15.0,1675.0,54.5,8.6,0.083
2022-10-03,540.0,75.0,1675.0,101.8,14.58,0.0
2022-10-04,390.8,30.0,1270.0,84.5,9.78,0.0
2022-10-05,415.6,40.0,1245.0,154.1,7.31,0.125
2022-10-06,634.0,320.0,1305.0,405.0,10.19,0.0
2022-10-07,458.8,345.0,685.0,387.7,11.98,0.0
2022-10-08,409.0,335.0,510.0,355.0,13.75,0.0
2022-10-09,382.9,225.0,590.0,316.4,11.91,0.042
2022-10-10,314.6,135.0,705.0,199.5,8.77,0.167
2022-10-11,289.8,25.0,680.0,188.6,5.97,0.417
2022-10-12,300.2,15.0,1020.0,48.6,6.66,0.25
2022-10-13,387.9,60.0,1315.0,69.1,9.0,0.0
2022-10-14,395.2,55.0,1390.0,71.4,9.2,0.0
2022-10-15,384.4,15.0,1345.0,54.5,7.75,0.083
2022-10-16,333.3,15.0,1335.0,26.8,6.1,0.292
2022-10-17,330.8,15.0,1460.0,26.4,7.85,0.0
2022-10-18,229.2,15.0,1085.0,37.7,7.4,0.083
2022-10-19,270.8,35.0,1200.0,47.3,7.35,0.25
2022-10-20,231.9,20.0,930.0,66.8,6.32,0.333
2022-10-21,211.7,15.0,920.0,31.4,5.58,0.333
2022-10-22,297.1,15.0,1200.0,35.5,8.59,0.042
2022-10-23,323.5,30.0,1315.0,38.6,6.87,0.125
2022-10-24,271.7,30.0,1030.0,61.4,9.81,0.0
2022-10-25,336.9,25.0,1250.0,64.5,11.66,0.0
2022-10-26,272.9,15.0,1165.0,22.7,6.44,0.167
2022-10-27,271.9,15.0,1355.0,16.4,5.21,0.5
2022-10-28,282.5,15.0,1345.0,20.5,5.72,0.417
2022-10-29,362.5,15.0,1475.0,27.3,4.8,0.5
2022-10-30,344.0,10.0,1405.0,24.1,7.28,0.125
2022-10-31,308.8,20.0,1340.0,24.1,5.46,0.333
2022-11-01,276.9,20.0,1155.0,53.2,7.25,0.167
2022-11-02,266.2,25.0,1125.0,52.7,8.98,0.0
2022-11-03,304.6,15.0,1130.0,54.5,10.18,0.0
2022-11-04,267.7,15.0,1135.0,39.5,4.66,0.583
2022-11-05,340.2,60.0,1045.0,106.8,9.41,0.0
2022-11-06,303.5,35.0,1055.0,79.1,7.49,0.042
2022-11-07,201.9,10.0,1020.0,22.3,6.25,0.375
2022-11-08,216.5,10.0,860.0,36.4,6.53,0.333
2022-11-09,276.9,10.0,1475.0,27.3,3.85,0.75
2022-11-10,335.6,15.0,1365.0,47.3,7.37,0.167
2022-11-11,390.0,65.0,1435.0,86.4,11.56,0.0
2022-11-12,439.2,75.0,1520.0,115.5,13.28,0.0
2022-11-13,354.8,10.0,1375.0,64.1,10.7,0.083
2022-11-14,325.2,25.0,1465.0,72.7,8.12,0.125
2022-11-15,273.1,25.0,1110.0,64.1,6.81,0.208
2022-11-16,462.5,55.0,1735.0,102.3,10.38,0.0
2022-11-17,497.7,65.0,1615.0,93.6,12.54,0.0
2022-11-18,349.4,15.0,1430.0,51.4,9.62,0.0
2022-11-19,278.8,10.0,1175.0,18.2,7.39,0.083
2022-11-20,252.7,35.0,930.0,50.5,9.22,0.0
2022-11-21,258.1,50.0,870.0,84.5,11.8,0.0
2022-11-22,296.5,40.0,1050.0,71.8,10.82,0.0
2022-11-23,300.6,45.0,1200.0,57.3,12.12,0.0
2022-11-24,242.1,10.0,880.0,63.2,11.17,0.0
2022-11-25,232.5,10.0,1060.0,22.3,7.62,0.167
2022-11-26,259.4,45.0,855.0,67.7,10.48,0.0
2022-11-27,210.8,15.0,865.0,35.0,7.61,0.0
2022-11-28,241.2,15.0,1090.0,17.3,5.24,0.458
2022-11-29,242.9,10.0,1035.0,14.1,7.09,0.0
2022-11-30,234.0,10.0,980.0,26.4,7.15,0.0
2022-12-01,241.0,15.0,920.0,40.5,8.1,0.0
2022-12-02,247.5,10.0,1135.0,24.1,5.47,0.375
2022-12-03,271.5,10.0,1180.0,21.4,4.88,0.417
2022-12-04,253.1,15.0,1030.0,31.4,8.3,0.0
2022-12-05,260.6,25.0,1040.0,34.5,6.78,0.042
2022-12-06,316.0,45.0,955.0,91.4,13.32,0.0
2022-12-07,368.8,130.0,985.0,158.2,15.5,0.0
2022-12-08,252.9,40.0,820.0,70.5,11.25,0.0
2022-12-09,180.4,25.0,675.0,39.1,7.98,0.0
2022-12-10,177.5,30.0,750.0,40.9,8.69,0.0
2022-12-11,193.3,55.0,680.0,71.4,9.83,0.0
2022-12-12,240.8,65.0,810.0,102.7,11.17,0.0
2022-12-13,339.6,125.0,890.0,168.2,15.2,0.0
2022-12-14,369.2,85.0,1035.0,184.1,14.69,0.0
2022-12-15,296.2,70.0,935.0,87.7,12.72,0.0
2022-12-16,231.9,20.0,815.0,64.5,10.23,0.0
2022-12-17,200.0,15.0,775.0,37.3,8.01,0.0
2022-12-18,199.8,25.0,825.0,27.7,7.03,0.042
2022-12-19,203.3,20.0,810.0,28.2,7.85,0.042
2022-12-20,210.4,35.0,755.0,44.1,7.91,0.0
2022-12-21,165.0,35.0,550.0,52.3,8.16,0.083
2022-12-22,164.2,40.0,535.0,70.5,8.09,0.0
2022-12-23,167.1,45.0,635.0,69.1,7.18,0.208
2022-12-24,287.1,100.0,840.0,137.7,10.93,0.0
2022-12-25,257.3,50.0,715.0,136.4,11.32,0.0
2022-12-26,179.6,50.0,590.0,72.3,8.6,0.0
2022-12-27,273.5,75.0,685.0,133.6,13.59,0.0
2022-12-28,347.3,135.0,810.0,190.9,15.93,0.0
2022-12-29,180.2,65.0,535.0,98.2,8.39,0.167
2022-12-30,240.0,35.0,860.0,114.5,8.48,0.167
2022-12-31,310.2,80.0,925.0,125.0,12.57,0.0
2023-01-01,300.0,15.0,1160.0,53.6,5.97,0.167
2023-01-02,313.8,10.0,1110.0,16.4,4.97,0.5
2023-01-03,292.7,10.0,1145.0,30.9,6.61,0.208
2023-01-04,240.2,35.0,870.0,69.1,8.46,0.0
2023-01-05,153.3,30.0,500.0,53.2,8.1,0.0
2023-01-06,134.6,15.0,450.0,37.3,6.71,0.083
2023-01-07,157.3,30.0,465.0,56.8,9.08,0.0
2023-01-08,162.5,15.0,480.0,63.2,9.7,0.083
2023-01-09,116.2,15.0,465.0,23.2,5.38,0.333
2023-01-10,176.9,30.0,585.0,47.7,8.93,0.0
2023-01-11,172.1,70.0,420.0,115.0,7.35,0.25
2023-01-12,329.0,115.0,720.0,200.0,12.77,0.0
2023-01-13,231.0,60.0,935.0,109.1,9.56,0.083
2023-01-14,378.1,70.0,1100.0,155.9,13.38,0.0
2023-01-15,364.2,50.0,1065.0,132.7,12.65,0.0
2023-01-16,299.6,50.0,1035.0,51.8,9.39,0.0
2023-01-17,278.1,30.0,975.0,57.7,10.15,0.0
2023-01-18,252.1,30.0,910.0,37.7,8.58,0.0
2023-01-19,215.2,15.0,805.0,46.8,7.22,0.167
2023-01-20,409.2,80.0,1380.0,203.2,10.47,0.0
2023-01-21,255.2,30.0,1005.0,42.7,5.55,0.333
2023-01-22,254.6,30.0,1240.0,42.7,8.46,0.0
2023-01-23,246.9,15.0,1205.0,38.2,6.52,0.167
2023-01-24,355.6,20.0,960.0,89.5,11.96,0.042
2023-01-25,279.6,30.0,855.0,120.5,6.07,0.333
2023-01-26,393.3,105.0,1055.0,153.6,12.71,0.0
2023-01-27,325.4,125.0,755.0,165.0,14.62,0.0
2023-01-28,214.8,25.0,585.0,107.3,11.49,0.042
2023-01-29,139.8,15.0,355.0,41.8,9.28,0.042
2023-01-30,243.5,15.0,645.0,85.5,8.51,0.292
2023-01-31,404.8,25.0,1005.0,136.8,14.43,0.0
2023-02-01,371.9,165.0,770.0,255.9,16.34,0.0
2023-02-02,302.3,70.0,670.0,171.8,15.78,0.0
2023-02-03,245.2,35.0,770.0,80.9,11.93,0.0
2023-02-04,281.7,50.0,835.0,85.9,13.48,0.0
2023-02-05,306.5,15.0,1125.0,79.5,9.68,0.167
2023-02-06,229.4,15.0,1080.0,27.3,7.76,0.083
2023-02-07,361.7,20.0,1570.0,64.1,12.69,0.042
2023-02-08,286.5,40.0,910.0,65.9,11.18,0.0
2023-02-09,267.1,30.0,1110.0,67.7,9.9,0.0
2023-02-10,294.2,55.0,1040.0,110.0,9.65,0.042
2023-02-11,412.7,15.0,2100.0,61.8,8.85,0.167
2023-02-12,707.9,50.0,2315.0,227.3,15.11,0.0
2023-02-13,597.5,310.0,985.0,442.3,22.11,0.0
2023-02-14,346.5,80.0,770.0,212.7,14.48,0.0
2023-02-15,350.2,55.0,860.0,151.8,14.99,0.0
2023-02-16,211.0,20.0,770.0,43.2,7.77,0.042
2023-02-17,270.8,25.0,1000.0,33.6,5.85,0.333
2023-02-18,225.2,25.0,855.0,30.9,7.34,0.208
2023-02-19,253.1,15.0,1115.0,22.7,5.6,0.417
2023-02-20,268.5,35.0,1065.0,62.3,7.24,0.333
2023-02-21,306.9,20.0,1215.0,83.2,9.29,0.042
2023-02-22,463.5,25.0,1965.0,68.2,8.06,0.0
2023-02-23,384.6,35.0,1475.0,77.7,12.15,0.0
2023-02-24,285.8,30.0,1165.0,44.5,10.62,0.0
2023-02-25,333.3,25.0,1470.0,29.5,7.37,0.042
2023-02-26,374.8,15.0,1880.0,24.5,7.31,0.167
2023-02-27,447.7,25.0,2130.0,37.7,8.83,0.042
2023-02-28,362.9,10.0,1720.0,42.7,7.96,0.208
2023-03-01,330.8,15.0,1290.0,57.7,10.11,0.0
2023-03-02,354.6,30.0,1395.0,41.4,9.84,0.0
2023-03-03,466.5,65.0,2110.0,80.9,11.36,0.0
2023-03-04,353.5,55.0,825.0,132.7,11.53,0.0
2023-03-05,493.3,55.0,2005.0,65.0,12.55,0.0
2023-03-06,570.2,20.0,2060.0,60.9,11.36,0.0
2023-03-07,525.2,10.0,2115.0,27.3,8.7,0.042
2023-03-08,473.5,15.0,2320.0,38.6,8.28,0.167
2023-03-09,527.1,35.0,2390.0,45.9,8.9,0.0
2023-03-10,610.0,25.0,2155.0,39.5,9.27,0.0
2023-03-11,595.0,20.0,2230.0,27.7,8.12,0.208
2023-03-12,537.5,10.0,2130.0,24.5,7.72,0.208
2023-03-13,484.8,20.0,2665.0,43.2,8.37,0.167
2023-03-14,635.0,30.0,2715.0,37.3,10.04,0.125
2023-03-15,657.1,15.0,3165.0,25.5,7.08,0.375
2023-03-16,499.2,15.0,2895.0,23.6,10.4,0.042
2023-03-17,356.5,20.0,1575.0,52.7,6.45,0.5
2023-03-18,427.1,55.0,1385.0,118.6,8.05,0.083
2023-03-19,365.8,35.0,1085.0,71.4,6.65,0.167
2023-03-20,305.4,35.0,1105.0,79.5,7.21,0.333
2023-03-21,426.7,40.0,1050.0,149.1,7.11,0.083
2023-03-22,387.3,15.0,1525.0,29.5,5.91,0.333
2023-03-23,492.7,30.0,1875.0,41.4,9.1,0.042
2023-03-24,325.2,25.0,850.0,81.4,9.05,0.292
2023-03-25,410.4,35.0,1635.0,157.3,9.59,0.167
2023-03-26,583.3,70.0,2055.0,112.3,9.74,0.0
2023-03-27,527.5,70.0,1790.0,98.2,10.62,0.0
2023-03-28,568.5,35.0,2180.0,48.2,9.57,0.042
2023-03-29,577.5,20.0,3270.0,32.3,8.09,0.125
2023-03-30,359.4,25.0,1395.0,65.9,9.58,0.083
2023-03-31,480.4,75.0,1320.0,109.5,5.81,0.542
2023-04-01,477.1,20.0,1560.0,65.9,5.43,0.375
2023-04-02,459.4,15.0,1775.0,26.8,8.5,0.208
2023-04-03,520.2,20.0,2265.0,50.5,8.18,0.167
2023-04-04,520.8,35.0,1640.0,134.1,9.84,0.042
2023-04-05,501.9,45.0,2200.0,71.8,10.25,0.0
2023-04-06,619.8,80.0,2460.0,175.9,11.96,0.0
2023-04-07,512.1,80.0,1705.0,115.9,11.88,0.0
2023-04-08,497.5,35.0,1920.0,73.6,10.88,0.0
2023-04-09,780.4,30.0,2880.0,38.6,9.46,0.125
2023-04-10,743.5,20.0,2485.0,37.7,8.7,0.208
2023-04-11,801.0,40.0,2955.0,80.9,13.42,0.0
2023-04-12,1101.7,30.0,3460.0,73.2,15.94,0.0
2023-04-13,805.2,25.0,2975.0,50.5,12.12,0.0
2023-04-14,899.8,15.0,3165.0,31.4,9.96,0.042
2023-04-15,1105.8,15.0,4325.0,23.6,8.25,0.083
2023-04-16,961.2,15.0,4100.0,29.1,10.23,0.083
2023-04-17,959.4,15.0,3785.0,32.7,9.42,0.083
2023-04-18,1054.8,25.0,3945.0,53.2,12.92,0.042
2023-04-19,1034.4,25.0,3755.0,142.7,10.97,0.042
2023-04-20,894.6,35.0,3480.0,96.4,8.32,0.125
2023-04-21,1270.4,65.0,4165.0,165.5,10.2,0.0
2023-04-22,1202.1,40.0,4130.0,122.3,9.74,0.0
2023-04-23,1153.8,70.0,3570.0,130.9,11.77,0.042
2023-04-24,891.2,25.0,2940.0,140.9,10.3,0.125
2023-04-25,904.8,40.0,2885.0,179.5,10.66,0.0
2023-04-26,1080.4,45.0,3400.0,82.7,8.18,0.083
2023-04-27,1301.5,65.0,4035.0,128.2,9.62,0.125
2023-04-28,509.8,15.0,2260.0,57.3,6.36,0.208
2023-04-29,557.5,25.0,2580.0,53.2,7.81,0.167
2023-04-30,636.5,25.0,2240.0,179.1,7.41,0.292
2023-05-01,496.2,165.0,1060.0,317.3,8.26,0.083
2023-05-02,564.2,120.0,1045.0,313.6,10.61,0.0
2023-05-03,415.0,45.0,1230.0,155.0,6.98,0.25
2023-05-04,550.4,35.0,1640.0,87.3,4.82,0.5
2023-05-05,797.1,35.0,2375.0,51.4,7.97,0.167
2023-05-06,704.6,45.0,3130.0,75.9,8.6,0.125
2023-05-07,963.5,25.0,3750.0,73.6,10.32,0.0
2023-05-08,712.5,70.0,3290.0,142.3,12.66,0.083
2023-05-09,721.2,25.0,3095.0,71.4,11.83,0.042
2023-05-10,838.1,50.0,2860.0,97.3,13.89,0.042
2023-05-11,829.0,15.0,3115.0,31.4,8.35,0.208
2023-05-12,924.4,15.0,4525.0,56.8,10.13,0.083
2023-05-13,760.2,45.0,4170.0,116.8,10.15,0.0
2023-05-14,795.4,25.0,3400.0,60.0,11.58,0.042
2023-05-15,991.2,30.0,4150.0,110.5,8.72,0.083
2023-05-16,945.0,50.0,3415.0,187.7,13.87,0.0
2023-05-17,1155.4,30.0,4190.0,83.6,13.71,0.0
2023-05-18,759.6,80.0,2105.0,301.8,12.34,0.042
2023-05-19,1001.2,95.0,3160.0,180.5,14.32,0.0
2023-05-20,1111.7,15.0,3750.0,69.1,12.61,0.042
2023-05-21,792.5,15.0,4015.0,35.0,10.28,0.208
2023-05-22,934.4,30.0,3180.0,244.1,18.33,0.0
2023-05-23,1104.6,50.0,3775.0,282.7,18.7,0.0
2023-05-24,929.4,65.0,2255.0,295.5,10.21,0.042
2023-05-25,729.8,60.0,3000.0,214.1,7.86,0.25
2023-05-26,668.1,25.0,1955.0,130.9,5.14,0.375
2023-05-27,692.5,30.0,2310.0,116.8,13.0,0.042
2023-05-28,705.2,55.0,1925.0,120.5,7.25,0.167
2023-05-29,417.5,55.0,1910.0,174.1,7.72,0.167
2023-05-30,747.7,30.0,2185.0,138.6,7.99,0.292
2023-05-31,670.2,20.0,1710.0,153.2,10.35,0.125
2023-06-01,604.4,75.0,1815.0,124.1,7.57,0.208
2023-06-02,734.2,30.0,2175.0,159.1,9.59,0.042
2023-06-03,743.1,15.0,2220.0,55.9,7.75,0.042
2023-06-04,506.7,40.0,1995.0,113.2,10.09,0.0
2023-06-05,942.3,35.0,2825.0,155.5,13.06,0.0
2023-06-06,897.7,15.0,3045.0,56.4,8.88,0.208
2023-06-07,887.9,40.0,2820.0,68.6,11.06,0.0
2023-06-08,1089.2,45.0,3330.0,78.2,11.07,0.0
2023-06-09,1230.6,35.0,3410.0,100.5,14.8,0.0
2023-06-10,1188.5,105.0,3075.0,197.7,13.55,0.0
2023-06-11,1016.5,90.0,2810.0,204.1,15.15,0.0
2023-06-12,1188.5,160.0,2955.0,271.4,16.34,0.0
2023-06-13,1355.2,105.0,3465.0,302.3,20.98,0.0
2023-06-14,1379.8,220.0,2950.0,415.0,21.18,0.0
2023-06-15,901.0,120.0,2150.0,394.1,17.43,0.083
2023-06-16,782.9,65.0,2520.0,182.7,13.9,0.0
2023-06-17,774.0,55.0,2230.0,150.9,10.62,0.083
2023-06-18,739.8,35.0,1750.0,245.5,9.04,0.125
2023-06-19,596.7,210.0,1445.0,306.4,9.03,0.0
2023-06-20,612.1,135.0,1720.0,327.3,9.15,0.25
2023-06-21,524.8,65.0,1550.0,130.5,7.22,0.333
2023-06-22,471.7,40.0,1065.0,194.1,7.75,0.25
2023-06-23,467.9,75.0,1450.0,199.5,8.36,0.208
2023-06-24,506.9,25.0,1155.0,171.4,7.34,0.417
2023-06-25,296.2,50.0,585.0,228.2,6.34,0.417
2023-06-26,305.2,50.0,865.0,91.8,4.93,0.375
2023-06-27,433.3,30.0,1345.0,112.7,7.03,0.333
2023-06-28,449.6,85.0,915.0,200.9,8.37,0.208
2023-06-29,237.3,35.0,470.0,112.7,9.62,0.083
2023-06-30,452.1,115.0,1340.0,204.5,8.41,0.167
2023-07-01,434.4,65.0,1210.0,183.2,10.09,0.0
2023-07-02,509.0,45.0,1415.0,133.2,7.15,0.208
2023-07-03,559.2,35.0,1675.0,137.3,8.64,0.208
2023-07-04,483.3,75.0,1155.0,184.1,9.61,0.125
2023-07-05,503.5,200.0,965.0,338.2,10.82,0.042
2023-07-06,434.2,275.0,655.0,338.6,10.22,0.0
2023-07-07,398.8,65.0,945.0,214.1,8.24,0.167
2023-07-08,426.9,190.0,620.0,362.3,11.25,0.0
2023-07-09,382.9,250.0,490.0,347.7,11.44,0.0
2023-07-10,350.0,170.0,870.0,228.6,6.37,0.458
2023-07-11,305.4,60.0,850.0,144.1,6.62,0.292
2023-07-12,387.1,40.0,980.0,166.4,8.18,0.167
2023-07-13,406.0,105.0,985.0,180.5,8.92,0.167
2023-07-14,301.5,155.0,570.0,213.2,6.08,0.5
2023-07-15,325.2,25.0,900.0,141.8,5.97,0.542
2023-07-16,322.7,25.0,950.0,153.6,5.46,0.583
2023-07-17,315.4,20.0,865.0,77.3,4.69,0.583
2023-07-18,415.6,105.0,910.0,208.6,9.61,0.042
2023-07-19,505.8,125.0,1195.0,251.8,8.97,0.208
2023-07-20,457.5,65.0,1355.0,117.3,6.0,0.417
2023-07-21,509.0,55.0,1455.0,158.6,8.85,0.208
2023-07-22,620.0,425.0,900.0,526.8,13.51,0.0
2023-07-23,776.0,260.0,1510.0,499.5,14.57,0.0
2023-07-24,523.8,250.0,955.0,307.7,11.32,0.0
2023-07-25,364.6,90.0,665.0,240.5,9.06,0.083
2023-07-26,315.4,90.0,645.0,236.4,7.83,0.292
2023-07-27,250.4,35.0,930.0,88.2,5.01,0.583
2023-07-28,296.9,50.0,885.0,119.5,5.7,0.417
2023-07-29,322.7,45.0,865.0,181.4,6.99,0.292
2023-07-30,470.4,90.0,1175.0,175.0,9.47,0.125
2023-07-31,537.1,155.0,1490.0,248.6,12.03,0.0
2023-08-01,583.8,180.0,1240.0,329.5,14.75,0.0
2023-08-02,462.1,15.0,1095.0,346.4,12.34,0.125
2023-08-03,515.6,150.0,1185.0,272.7,12.45,0.0
2023-08-04,351.7,45.0,1000.0,147.3,4.9,0.625
2023-08-05,334.0,50.0,965.0,95.0,6.66,0.375
2023-08-06,605.4,115.0,1295.0,406.8,13.05,0.083
2023-08-07,745.6,300.0,1390.0,530.5,16.21,0.0
2023-08-08,691.5,235.0,1115.0,590.9,17.8,0.0
2023-08-09,580.2,70.0,965.0,499.1,14.25,0.0
2023-08-10,428.1,80.0,940.0,343.6,11.78,0.0
2023-08-11,532.7,25.0,1565.0,229.5,10.81,0.083
2023-08-12,664.2,105.0,1730.0,363.6,16.14,0.0
2023-08-13,624.8,350.0,1040.0,515.5,14.65,0.0
2023-08-14,479.6,100.0,1275.0,245.5,9.58,0.042
2023-08-15,408.3,25.0,1275.0,85.5,5.56,0.417
2023-08-16,406.7,20.0,1435.0,63.6,9.4,0.125
2023-08-17,558.1,25.0,1420.0,162.7,12.75,0.0
2023-08-18,501.7,55.0,1600.0,171.8,10.04,0.042
2023-08-19,446.7,55.0,1235.0,108.2,7.94,0.208
2023-08-20,540.4,75.0,1305.0,172.3,10.37,0.0
2023-08-21,490.0,30.0,1400.0,141.8,7.07,0.292
2023-08-22,463.5,60.0,1405.0,172.7,8.25,0.25
2023-08-23,369.0,60.0,620.0,364.1,7.91,0.292
2023-08-24,456.2,45.0,945.0,235.5,11.43,0.083
2023-08-25,662.7,265.0,1455.0,418.2,13.35,0.0
2023-08-26,595.8,80.0,1320.0,328.6,13.26,0.0
2023-08-27,721.2,110.0,1830.0,376.8,16.68,0.0
2023-08-28,723.3,60.0,1850.0,335.5,14.32,0.0
2023-08-29,630.2,70.0,1810.0,293.6,11.92,0.0
2023-08-30,510.4,20.0,1620.0,76.4,11.45,0.0
2023-08-31,523.8,15.0,1765.0,40.5,8.75,0.083
2023-09-01,668.8,15.0,2145.0,45.0,10.7,0.083
2023-09-02,692.7,25.0,2275.0,90.0,13.8,0.042
2023-09-03,553.8,25.0,1885.0,75.9,13.31,0.0
2023-09-04,541.5,45.0,1665.0,82.3,11.96,0.0
2023-09-05,442.9,60.0,1215.0,95.9,7.99,0.083
2023-09-06,339.8,25.0,1530.0,103.6,6.63,0.292
2023-09-07,459.2,25.0,1910.0,69.5,5.68,0.25
2023-09-08,497.9,25.0,1315.0,181.8,9.62,0.208
2023-09-09,586.7,380.0,980.0,453.2,13.83,0.042
2023-09-10,386.5,245.0,610.0,364.1,12.58,0.0
2023-09-11,396.7,70.0,1020.0,209.5,9.97,0.083
2023-09-12,313.3,15.0,1070.0,55.5,5.42,0.458
2023-09-13,371.9,20.0,1205.0,70.5,5.78,0.5
2023-09-14,423.3,25.0,1420.0,92.3,8.96,0.083
2023-09-15,241.2,20.0,590.0,158.6,7.38,0.25
2023-09-16,545.6,135.0,1060.0,303.2,13.67,0.0
2023-09-17,704.6,445.0,1335.0,544.1,16.6,0.0
2023-09-18,615.0,125.0,1245.0,396.8,14.81,0.0
2023-09-19,405.2,50.0,1240.0,115.0,8.68,0.0
2023-09-20,452.7,30.0,1665.0,51.8,5.08,0.458
2023-09-21,393.3,30.0,1640.0,41.4,6.84,0.333
2023-09-22,327.3,30.0,1315.0,73.2,6.59,0.083
2023-09-23,274.4,10.0,865.0,66.4,6.3,0.417
2023-09-24,369.6,10.0,1370.0,25.9,7.57,0.25
2023-09-25,391.7,45.0,1545.0,69.5,5.63,0.458
2023-09-26,386.7,45.0,1335.0,87.7,6.08,0.25
2023-09-27,459.4,60.0,1710.0,70.5,8.74,0.0
2023-09-28,375.2,35.0,1455.0,49.1,8.38,0.0
2023-09-29,407.1,15.0,1465.0,34.5,7.07,0.042
2023-09-30,450.8,30.0,1710.0,65.9,10.73,0.0
2023-10-01,428.8,75.0,1755.0,83.2,10.61,0.0
2023-10-02,446.2,60.0,2195.0,69.5,11.65,0.0
2023-10-03,537.3,45.0,1950.0,65.9,12.35,0.0
2023-10-04,507.7,45.0,1810.0,65.5,12.29,0.0
2023-10-05,402.1,35.0,1860.0,42.7,11.15,0.0
2023-10-06,355.0,20.0,1725.0,40.0,8.64,0.083
2023-10-07,421.7,30.0,1730.0,38.2,8.76,0.083
2023-10-08,506.0,25.0,1950.0,54.5,9.15,0.208
2023-10-09,640.4,20.0,2515.0,73.2,9.78,0.083
2023-10-10,530.8,25.0,2155.0,61.8,9.81,0.0
2023-10-11,574.0,50.0,2310.0,71.4,10.48,0.0
2023-10-12,462.5,20.0,1905.0,38.6,8.95,0.0
2023-10-13,609.0,10.0,2530.0,26.8,7.82,0.083
2023-10-14,645.8,15.0,2790.0,33.6,8.04,0.292
2023-10-15,517.5,15.0,2160.0,47.3,6.97,0.208
2023-10-16,379.0,45.0,945.0,115.9,11.78,0.083
2023-10-17,279.8,30.0,895.0,117.3,6.97,0.25
2023-10-18,453.3,55.0,1460.0,89.5,10.59,0.0
2023-10-19,432.9,55.0,1520.0,78.6,9.16,0.0
2023-10-20,401.2,35.0,1405.0,44.1,7.36,0.083
2023-10-21,448.8,25.0,1620.0,32.7,6.97,0.167
2023-10-22,434.8,15.0,1795.0,36.8,6.41,0.333
2023-10-23,437.9,35.0,1540.0,61.8,8.47,0.0
2023-10-24,458.5,45.0,1875.0,57.3,7.94,0.0
2023-10-25,463.5,45.0,1730.0,59.5,8.8,0.0
2023-10-26,426.5,40.0,1705.0,63.6,9.03,0.0
2023-10-27,399.4,20.0,1715.0,45.9,8.27,0.0
2023-10-28,340.0,10.0,1520.0,16.4,5.1,0.458
2023-10-29,335.8,10.0,1685.0,21.8,5.66,0.458
2023-10-30,447.3,20.0,1980.0,30.0,7.12,0.208
2023-10-31,401.5,15.0,1815.0,31.4,6.47,0.208
2023-11-01,432.3,25.0,1715.0,34.1,6.8,0.208
2023-11-02,468.8,10.0,1845.0,23.2,7.36,0.083
2023-11-03,409.2,25.0,1535.0,35.5,8.16,0.0
2023-11-04,457.1,25.0,2005.0,32.3,7.81,0.125
2023-11-05,426.5,20.0,2210.0,29.1,7.37,0.208
2023-11-06,364.8,15.0,1970.0,17.7,5.95,0.417
2023-11-07,320.2,10.0,1715.0,16.8,7.51,0.208
2023-11-08,375.0,20.0,2080.0,30.9,6.88,0.125
2023-11-09,441.2,10.0,2275.0,30.5,7.27,0.042
2023-11-10,325.6,15.0,1340.0,56.4,9.25,0.167
2023-11-11,461.7,55.0,1790.0,93.2,8.21,0.042
2023-11-12,346.2,40.0,1140.0,59.5,8.07,0.0
2023-11-13,315.2,30.0,1295.0,40.5,6.38,0.125
2023-11-14,307.5,35.0,1180.0,43.6,7.69,0.0
2023-11-15,301.2,15.0,1205.0,35.9,7.73,0.0
2023-11-16,381.5,10.0,1530.0,22.7,5.79,0.458
2023-11-17,480.4,10.0,1900.0,15.5,6.02,0.333
2023-11-18,438.8,35.0,1680.0,46.8,5.73,0.292
2023-11-19,435.6,10.0,1485.0,28.2,5.45,0.417
2023-11-20,383.5,10.0,1505.0,14.5,6.68,0.292
2023-11-21,399.0,15.0,1365.0,59.5,10.28,0.0
2023-11-22,299.2,25.0,975.0,90.5,11.21,0.0
2023-11-23,275.8,10.0,1215.0,23.6,4.94,0.417
2023-11-24,275.4,10.0,1155.0,17.3,5.95,0.375
2023-11-25,251.7,15.0,1080.0,27.3,6.04,0.25
2023-11-26,279.0,20.0,1215.0,36.4,7.75,0.0
2023-11-27,319.2,20.0,1365.0,104.5,10.35,0.042
2023-11-28,248.5,15.0,955.0,56.8,5.86,0.25
2023-11-29,304.4,30.0,1360.0,46.8,6.31,0.25
2023-11-30,317.3,15.0,1440.0,28.6,7.62,0.167
2023-12-01,276.2,15.0,1165.0,43.6,6.3,0.083
2023-12-02,317.5,30.0,1285.0,45.0,7.07,0.042
2023-12-03,250.0,30.0,1135.0,38.2,6.83,0.208
2023-12-04,279.2,25.0,1225.0,43.6,7.86,0.083
2023-12-05,324.0,30.0,1370.0,42.7,8.35,0.042
2023-12-06,238.5,15.0,1080.0,53.6,6.98,0.208
2023-12-07,229.4,30.0,1020.0,45.5,8.03,0.0
2023-12-08,307.3,40.0,1360.0,45.0,8.56,0.0
2023-12-09,263.1,40.0,1105.0,49.1,9.73,0.0
2023-12-10,321.9,40.0,1005.0,70.9,11.74,0.0
2023-12-11,270.2,20.0,1270.0,31.8,6.18,0.375
2023-12-12,366.0,25.0,1680.0,30.5,6.33,0.333
2023-12-13,308.3,10.0,1490.0,26.4,6.86,0.25
2023-12-14,250.0,35.0,915.0,52.7,10.28,0.0
2023-12-15,234.0,20.0,1115.0,30.5,6.88,0.25
2023-12-16,292.5,20.0,1410.0,27.7,7.94,0.125
2023-12-17,368.1,15.0,1670.0,42.3,8.34,0.083
2023-12-18,366.7,60.0,1190.0,97.7,12.74,0.0
2023-12-19,304.0,80.0,910.0,124.5,13.25,0.0
2023-12-20,254.4,30.0,855.0,75.9,8.82,0.0
2023-12-21,212.5,30.0,730.0,42.7,8.5,0.0
2023-12-22,202.1,20.0,745.0,32.7,5.59,0.333
2023-12-23,256.2,15.0,890.0,42.3,6.27,0.333
2023-12-24,218.3,10.0,830.0,23.2,5.83,0.333
2023-12-25,199.4,25.0,775.0,48.6,8.43,0.0
2023-12-26,200.8,20.0,885.0,35.9,6.37,0.125
2023-12-27,221.2,20.0,870.0,29.5,7.34,0.0
2023-12-28,160.0,30.0,545.0,55.0,6.99,0.0
2023-12-29,158.3,10.0,645.0,27.7,2.91,0.875
2023-12-30,160.6,10.0,615.0,25.5,5.0,0.458
2023-12-31,210.0,10.0,710.0,28.6,4.47,0.625
2024-01-01,21.0,10.0,35.0,21.0,5.48,0.375
2024-07-01,473.4,40.0,1080.0,132.5,7.09,0.208
2024-07-02,364.6,95.0,1110.0,160.0,7.59,0.208
2024-07-03,414.0,170.0,1085.0,284.1,8.36,0.208
2024-07-04,275.2,85.0,720.0,161.4,7.8,0.083
2024-07-05,395.8,105.0,755.0,311.8,9.58,0.167
2024-07-06,449.0,240.0,1040.0,306.4,9.04,0.083
2024-07-07,487.9,110.0,1075.0,243.2,6.75,0.292
2024-07-08,415.8,45.0,935.0,131.8,7.65,0.125
2024-07-09,421.2,50.0,995.0,147.7,6.46,0.333
2024-07-10,467.1,40.0,1245.0,117.7,6.17,0.5
2024-07-11,530.4,30.0,1490.0,148.2,9.2,0.083
2024-07-12,580.2,30.0,1280.0,282.7,9.23,0.167
2024-07-13,360.4,20.0,1040.0,88.6,5.48,0.542
2024-07-14,460.2,35.0,1395.0,77.3,4.68,0.583
2024-07-15,489.0,55.0,1070.0,172.3,11.31,0.042
2024-07-16,543.8,120.0,1035.0,322.7,10.66,0.0
2024-07-17,542.7,205.0,1085.0,332.7,10.6,0.0
2024-07-18,424.0,85.0,1010.0,168.2,7.59,0.208
2024-07-19,439.0,65.0,960.0,211.8,7.74,0.208
2024-07-20,494.6,45.0,1010.0,219.5,8.3,0.0
2024-07-21,495.2,45.0,1080.0,221.4,9.74,0.083
2024-07-22,511.0,90.0,1030.0,300.5,8.35,0.167
2024-07-23,460.2,80.0,1090.0,223.6,5.56,0.542
2024-07-24,315.4,35.0,855.0,72.7,5.2,0.458
2024-07-25,354.4,45.0,1010.0,97.3,4.66,0.75
2024-07-26,375.4,35.0,955.0,121.4,6.73,0.208
2024-07-27,327.1,20.0,910.0,90.9,5.83,0.417
2024-07-28,509.2,30.0,1385.0,85.9,9.15,0.167
2024-07-29,596.9,130.0,1280.0,259.5,11.87,0.0
2024-07-30,590.0,65.0,1290.0,252.3,10.88,0.042
2024-07-31,402.1,60.0,755.0,289.1,7.2,0.333
2024-08-01,322.7,20.0,690.0,272.7,6.52,0.5
2024-08-02,480.0,35.0,1285.0,131.8,11.05,0.083
2024-08-03,588.3,245.0,1105.0,342.7,13.55,0.0
2024-08-04,789.6,145.0,1455.0,407.7,17.27,0.0
2024-08-05,783.5,355.0,1115.0,755.5,22.01,0.0
2024-08-06,686.0,365.0,1140.0,530.0,11.3,0.0
2024-08-07,351.9,130.0,525.0,330.9,7.15,0.167
2024-08-08,281.9,30.0,770.0,142.3,7.46,0.167
2024-08-09,303.8,20.0,885.0,102.3,5.95,0.25
2024-08-10,298.1,50.0,795.0,160.9,5.63,0.417
2024-08-11,281.9,75.0,605.0,173.6,6.28,0.417
2024-08-12,367.1,170.0,745.0,251.8,7.62,0.25
2024-08-13,340.4,70.0,790.0,206.4,9.03,0.25
2024-08-14,344.4,55.0,820.0,153.2,6.76,0.25
2024-08-15,350.2,45.0,715.0,228.2,9.45,0.083
2024-08-16,465.2,65.0,1035.0,260.9,10.91,0.042
2024-08-17,359.6,55.0,900.0,131.4,5.77,0.375
2024-08-18,436.5,55.0,1080.0,142.7,8.69,0.125
2024-08-19,425.4,70.0,1095.0,120.5,7.58,0.292
2024-08-20,304.8,35.0,845.0,113.6,4.97,0.5
2024-08-21,352.3,30.0,1165.0,105.0,4.44,0.625
2024-08-22,394.4,40.0,1155.0,107.7,4.92,0.542
2024-08-23,257.7,25.0,820.0,63.2,5.33,0.5
2024-08-24,355.6,35.0,1080.0,71.8,5.97,0.333
2024-08-25,729.2,155.0,1190.0,550.5,16.55,0.0
2024-08-26,782.7,425.0,1425.0,615.9,15.39,0.0
2024-08-27,707.9,450.0,1445.0,546.8,17.3,0.0
2024-08-28,476.5,180.0,980.0,385.0,10.18,0.083
2024-08-29,406.7,110.0,950.0,252.3,10.43,0.083
2024-08-30,376.5,35.0,1030.0,92.3,5.68,0.458
2024-08-31,406.2,55.0,960.0,106.8,8.42,0.208
2024-09-01,441.2,45.0,1125.0,135.0,8.14,0.125
2024-09-02,470.6,70.0,1220.0,299.1,10.32,0.042
2024-09-03,384.4,55.0,865.0,247.7,8.59,0.042
2024-09-04,387.5,20.0,950.0,156.4,5.91,0.375
2024-09-05,393.8,20.0,1255.0,88.6,3.54,0.708
2024-09-06,328.1,20.0,975.0,162.3,7.05,0.25
2024-09-07,332.1,10.0,895.0,196.8,5.02,0.583
2024-09-08,315.6,15.0,1015.0,70.5,5.17,0.417
2024-09-09,391.0,40.0,1050.0,76.4,6.21,0.25
2024-09-10,265.2,15.0,890.0,58.6,3.59,0.833
2024-09-11,287.1,15.0,1135.0,125.5,7.3,0.292
2024-09-12,522.7,265.0,875.0,405.5,16.9,0.0
2024-09-13,393.3,10.0,1045.0,347.3,13.95,0.083
2024-09-14,421.2,20.0,980.0,155.5,10.11,0.333
2024-09-15,476.5,40.0,1210.0,146.4,11.21,0.083
2024-09-16,468.5,35.0,1400.0,135.0,11.95,0.0
2024-09-17,382.5,10.0,1345.0,63.6,7.08,0.208
2024-09-18,307.1,55.0,565.0,136.4,10.68,0.208
2024-09-19,482.3,50.0,940.0,275.0,11.31,0.042
2024-09-20,457.7,10.0,1430.0,43.2,6.65,0.333
2024-09-21,379.8,10.0,1195.0,38.2,4.72,0.625
2024-09-22,407.7,25.0,1295.0,47.7,5.71,0.25
2024-09-23,395.0,30.0,1165.0,46.4,6.68,0.167
2024-09-24,429.6,20.0,1440.0,38.6,3.81,0.583
2024-09-25,414.4,45.0,1045.0,184.5,10.6,0.042
2024-09-26,471.2,130.0,980.0,336.4,10.67,0.0
2024-09-27,497.9,150.0,1020.0,360.0,10.48,0.042
2024-09-28,427.3,30.0,1180.0,177.3,7.89,0.042
2024-09-29,360.6,15.0,1145.0,88.2,6.77,0.292
2024-09-30,488.1,10.0,1590.0,50.5,8.48,0.125
2024-10-01,428.3,15.0,1340.0,50.9,8.56,0.125
2024-10-02,376.0,20.0,1395.0,41.8,9.34,0.083
2024-10-03,341.2,10.0,960.0,97.3,10.55,0.083
2024-10-04,374.2,20.0,1260.0,65.9,8.81,0.042
2024-10-05,426.7,15.0,1430.0,103.2,9.97,0.083
2024-10-06,411.0,55.0,1710.0,71.8,9.05,0.0
2024-10-07,352.9,20.0,1305.0,45.0,6.82,0.25
2024-10-08,460.4,15.0,1605.0,34.1,7.11,0.125
2024-10-09,399.6,10.0,1435.0,32.7,7.35,0.167
2024-10-10,395.2,40.0,1375.0,68.2,9.59,0.0
2024-10-11,439.4,40.0,1565.0,48.2,9.23,0.0
2024-10-12,502.3,30.0,1885.0,44.1,8.0,0.0
2024-10-13,497.5,15.0,1820.0,32.7,6.39,0.125
2024-10-14,481.5,15.0,1985.0,28.6,6.24,0.25
2024-10-15,446.5,20.0,1610.0,50.9,9.08,0.0
2024-10-16,324.4,35.0,1350.0,44.1,6.69,0.125
2024-10-17,405.0,30.0,1830.0,45.0,6.07,0.167
2024-10-18,428.3,25.0,1825.0,35.9,6.35,0.292
2024-10-19,359.8,20.0,1810.0,34.1,5.76,0.333
2024-10-20,388.3,10.0,1795.0,39.1,6.84,0.208
2024-10-21,434.4,35.0,1665.0,44.1,6.48,0.25
2024-10-22,365.2,20.0,1255.0,32.3,7.25,0.042
2024-10-23,479.0,15.0,1595.0,63.6,10.03,0.167
2024-10-24,312.1,95.0,875.0,116.8,10.9,0.0
2024-10-25,381.0,55.0,1220.0,72.7,10.4,0.0
2024-10-26,320.2,35.0,1145.0,46.4,8.78,0.0
2024-10-27,349.4,35.0,1150.0,46.8,6.56,0.125
2024-10-28,390.2,35.0,1255.0,50.0,7.48,0.0
2024-10-29,372.1,25.0,1425.0,48.6,6.58,0.083
2024-10-30,389.8,30.0,1815.0,51.4,7.58,0.042
2024-10-31,465.2,35.0,1700.0,80.5,11.0,0.0
2024-11-01,484.4,35.0,1665.0,99.5,11.9,0.0
2024-11-02,465.4,30.0,1985.0,43.2,7.08,0.083
2024-11-03,380.8,20.0,1590.0,31.8,6.56,0.208
2024-11-04,316.0,25.0,1235.0,38.6,6.71,0.0
2024-11-05,384.2,30.0,1355.0,50.0,6.43,0.208
2024-11-06,401.2,15.0,1495.0,20.9,5.57,0.5
2024-11-07,443.8,20.0,1590.0,30.5,5.72,0.208
2024-11-08,481.7,15.0,1770.0,35.0,5.41,0.375
2024-11-09,484.8,45.0,1795.0,66.4,7.81,0.0
2024-11-10,334.8,15.0,1305.0,78.2,6.49,0.125
2024-11-11,423.8,20.0,1505.0,51.8,6.09,0.25
2024-11-12,589.4,10.0,2170.0,67.3,7.42,0.167
2024-11-13,464.6,40.0,1585.0,78.6,5.51,0.583
2024-11-14,591.9,10.0,2315.0,61.4,3.25,0.833
2024-11-15,621.5,30.0,2005.0,92.3,5.96,0.458
2024-11-16,590.2,20.0,1980.0,92.3,5.55,0.542
2024-11-17,656.7,25.0,2135.0,81.8,4.91,0.583
2024-11-18,508.8,85.0,1630.0,111.8,5.43,0.542
2024-11-19,460.4,65.0,1580.0,77.7,5.77,0.417
2024-11-20,407.9,60.0,1505.0,66.4,5.52,0.5
2024-11-21,355.4,55.0,1250.0,66.4,5.4,0.542
2024-11-22,375.8,40.0,1410.0,50.9,4.59,0.708
2024-11-23,439.8,35.0,1815.0,43.2,4.24,0.833
2024-11-24,351.0,65.0,1485.0,89.1,7.39,0.042
2024-11-25,474.6,65.0,1455.0,98.2,7.67,0.0
2024-11-26,402.9,65.0,1440.0,82.3,6.47,0.083
2024-11-27,400.0,40.0,1595.0,55.5,4.34,0.708
2024-11-28,357.1,30.0,1380.0,47.7,3.38,0.833
2024-11-29,334.8,20.0,1165.0,49.5,2.39,0.958
2024-11-30,310.0,35.0,1145.0,54.5,4.3,0.75
2024-12-01,318.8,40.0,955.0,72.7,4.82,0.667
2024-12-02,272.3,30.0,870.0,71.4,4.92,0.667
2024-12-03,343.1,45.0,1055.0,106.4,6.62,0.292
2024-12-04,469.4,160.0,1105.0,209.1,9.78,0.0
2024-12-05,372.9,95.0,1110.0,117.7,8.18,0.0
2024-12-06,389.8,75.0,1230.0,92.3,7.17,0.042
2024-12-07,435.6,30.0,1665.0,52.3,3.36,0.917
2024-12-08,382.3,55.0,1135.0,115.5,8.2,0.125
2024-12-09,450.2,65.0,1465.0,155.0,4.32,0.542
2024-12-10,439.8,130.0,1270.0,150.0,8.26,0.0
2024-12-11,279.6,105.0,675.0,135.0,8.03,0.0
2024-12-12,352.1,60.0,1000.0,109.1,7.45,0.0
2024-12-13,489.6,195.0,915.0,282.7,11.92,0.0
2024-12-14,336.2,120.0,665.0,231.8,9.56,0.0
2024-12-15,201.5,50.0,605.0,83.2,4.39,0.708
2024-12-16,179.0,35.0,560.0,47.7,3.37,0.958
2024-12-17,202.7,15.0,780.0,42.3,2.82,1.0
2024-12-18,211.0,45.0,825.0,51.8,4.19,0.792
2024-12-19,244.6,10.0,830.0,35.0,4.43,0.667
2024-12-20,265.4,45.0,875.0,74.1,4.14,0.75
2024-12-21,272.3,45.0,1055.0,85.9,4.92,0.625
2024-12-22,361.5,10.0,1565.0,45.0,3.33,0.833
2024-12-23,276.5,90.0,680.0,124.5,6.73,0.208
2024-12-24,232.5,40.0,650.0,109.1,5.35,0.5
2024-12-25,258.1,50.0,910.0,81.4,5.17,0.625
2024-12-26,266.0,35.0,1210.0,44.5,3.11,1.0
2024-12-27,225.4,40.0,500.0,125.0,7.63,0.25
2024-12-28,255.4,60.0,580.0,110.9,5.42,0.5
2024-12-29,333.3,165.0,815.0,200.0,8.05,0.0
2024-12-30,266.9,55.0,605.0,170.0,7.6,0.25
2024-12-31,179.8,40.0,555.0,59.1,3.52,0.917
2025-01-01,199.4,30.0,550.0,80.9,5.85,0.333
2025-01-02,203.5,35.0,520.0,102.3,6.66,0.25
2025-01-03,98.1,20.0,295.0,43.6,4.24,0.708
2025-01-04,114.2,20.0,345.0,50.5,4.2,0.625
2025-01-05,203.3,75.0,405.0,108.2,6.36,0.167
2025-01-06,259.4,15.0,715.0,94.1,4.94,0.458
2025-01-07,356.2,170.0,755.0,240.5,9.85,0.0
2025-01-08,282.7,35.0,780.0,151.8,8.78,0.083
2025-01-09,139.8,10.0,620.0,26.4,2.73,1.0
2025-01-10,182.5,15.0,665.0,41.4,4.45,0.542
2025-01-11,272.5,30.0,790.0,114.5,6.78,0.25
2025-01-12,288.1,40.0,920.0,88.6,4.34,0.625
2025-01-13,236.9,75.0,610.0,128.6,6.81,0.083
2025-01-14,214.0,25.0,650.0,104.5,4.69,0.583
2025-01-15,232.9,10.0,980.0,26.4,3.38,0.708
2025-01-16,301.2,30.0,970.0,77.3,4.26,0.667
2025-01-17,270.4,70.0,720.0,115.0,6.83,0.0
2025-01-18,160.0,10.0,530.0,67.7,4.17,0.667
2025-01-19,98.3,15.0,305.0,32.3,3.16,0.958
2025-01-20,234.8,50.0,720.0,89.5,7.46,0.0
2025-01-21,231.0,110.0,590.0,123.6,7.42,0.0
2025-01-22,167.1,45.0,665.0,78.6,4.67,0.542
2025-01-23,353.5,20.0,1325.0,104.1,7.12,0.25
2025-01-24,343.8,100.0,950.0,135.0,9.09,0.0
2025-01-25,254.4,95.0,660.0,135.5,9.11,0.0
2025-01-26,233.3,55.0,715.0,82.7,7.16,0.0
2025-01-27,248.8,50.0,760.0,67.3,7.06,0.0
2025-01-28,210.6,15.0,725.0,68.6,5.46,0.417
2025-01-29,313.3,40.0,945.0,81.4,7.21,0.0
2025-01-30,307.3,60.0,1065.0,90.0,5.83,0.208
2025-01-31,506.0,30.0,2325.0,54.1,4.15,0.792
2025-02-01,571.5,15.0,2055.0,145.9,6.54,0.292
2025-02-02,461.5,85.0,1420.0,143.6,7.13,0.167
2025-02-03,267.5,70.0,845.0,96.8,5.05,0.542
2025-02-04,261.7,40.0,1045.0,60.0,3.65,0.833
2025-02-05,463.1,85.0,1395.0,118.6,7.1,0.208
2025-02-06,527.7,145.0,1085.0,244.1,11.9,0.0
2025-02-07,510.4,235.0,1015.0,282.7,12.78,0.0
2025-02-08,311.9,90.0,700.0,184.5,10.0,0.042
2025-02-09,230.8,25.0,790.0,58.6,5.16,0.458
2025-02-10,368.1,30.0,1585.0,47.7,4.45,0.75
2025-02-11,465.8,20.0,2400.0,65.9,4.35,0.667
2025-02-12,641.0,25.0,1655.0,191.4,10.21,0.167
2025-02-13,585.0,255.0,1235.0,320.0,12.55,0.0
2025-02-14,404.8,145.0,870.0,194.1,10.07,0.0
2025-02-15,413.5,35.0,1220.0,80.5,5.46,0.583
2025-02-16,506.2,10.0,1745.0,72.3,4.04,0.708
2025-02-17,491.5,15.0,2105.0,51.4,2.62,0.917
2025-02-18,321.0,35.0,1270.0,82.7,5.46,0.417
2025-02-19,408.3,35.0,1505.0,80.9,5.59,0.333
2025-02-20,531.0,45.0,1275.0,196.4,11.67,0.042
2025-02-21,614.6,115.0,1685.0,216.8,5.8,0.333
2025-02-22,483.8,140.0,1230.0,194.1,8.31,0.083
2025-02-23,457.7,55.0,1590.0,78.2,5.56,0.375
2025-02-24,511.5,40.0,1745.0,56.4,5.25,0.667
2025-02-25,425.6,35.0,1460.0,52.7,4.21,0.708
2025-02-26,459.2,20.0,1975.0,45.9,4.66,0.583
2025-02-27,315.2,25.0,620.0,166.8,8.5,0.292
2025-02-28,427.3,115.0,1025.0,318.6,9.52,0.0
2025-03-01,389.4,110.0,1055.0,252.7,7.43,0.333
2025-03-02,420.6,85.0,1300.0,138.2,7.42,0.0
2025-03-03,321.5,55.0,1100.0,99.1,5.29,0.375
2025-03-04,826.7,55.0,2340.0,262.7,10.91,0.083
2025-03-05,876.7,525.0,1300.0,645.5,17.62,0.0
2025-03-06,411.0,20.0,910.0,265.0,10.04,0.25
2025-03-07,375.2,15.0,1215.0,49.5,5.2,0.5
2025-03-08,539.0,30.0,1875.0,67.3,6.85,0.25
2025-03-09,574.2,10.0,2150.0,78.2,6.25,0.208
2025-03-10,515.2,95.0,1395.0,161.8,8.49,0.167
2025-03-11,642.3,15.0,2425.0,80.5,3.91,0.75
2025-03-12,543.1,95.0,1650.0,139.5,7.62,0.167
2025-03-13,492.5,40.0,2335.0,93.6,5.55,0.667
2025-03-14,709.4,35.0,3340.0,108.6,5.97,0.5
2025-03-15,635.0,110.0,1925.0,310.0,9.07,0.125
2025-03-16,791.2,165.0,2610.0,224.1,7.4,0.208
2025-03-17,896.7,95.0,2310.0,172.3,8.1,0.167
2025-03-18,730.6,105.0,1945.0,126.8,7.96,0.125
2025-03-19,762.9,35.0,2670.0,73.2,6.25,0.375
2025-03-20,922.3,15.0,3075.0,123.2,6.38,0.5
2025-03-21,993.3,135.0,2925.0,203.6,8.86,0.0
2025-03-22,1162.1,70.0,3785.0,92.7,8.22,0.25
2025-03-23,718.1,25.0,2365.0,56.4,5.14,0.542
2025-03-24,749.0,15.0,2340.0,81.8,4.95,0.375
2025-03-25,880.4,60.0,3175.0,103.2,6.1,0.25
2025-03-26,968.5,15.0,3570.0,65.9,5.31,0.542
2025-03-27,853.3,35.0,3050.0,80.0,6.4,0.375
2025-03-28,748.8,95.0,1555.0,336.8,12.1,0.0
2025-03-29,648.3,365.0,980.0,445.5,13.12,0.0
2025-03-30,560.6,160.0,1185.0,228.2,9.91,0.0
2025-03-31,676.9,75.0,2145.0,155.0,8.53,0.0
