date,temperature_2m_mean,temperature_2m_max,temperature_2m_min,relative_humidity_2m_mean,wind_speed_10m_max,wind_speed_10m_mean,wind_direction_10m_dominant,precipitation_sum,shortwave_radiation_sum
2015-01-01,16.3,21.3,12.0,68,8.9,6.6,66,0.0,10.17
2015-01-02,15.2,17.2,14.2,83,11.2,7.0,73,4.2,4.91
2015-01-03,15.6,17.9,14.0,84,9.0,5.1,312,0.1,4.59
2015-01-04,14.4,19.1,10.9,78,13.5,10.2,317,0.0,12.68
2015-01-05,14.3,20.7,9.6,74,27.0,18.7,302,0.0,14.72
2015-01-06,15.1,20.6,10.5,75,21.7,12.7,303,0.0,12.46
2015-01-07,13.8,18.1,10.0,79,11.3,6.9,342,0.0,8.16
2015-01-08,13.0,19.6,6.9,80,9.4,6.9,322,0.0,14.2
2015-01-09,12.4,18.7,6.3,83,9.4,6.4,335,0.0,14.3
2015-01-10,11.9,18.1,7.4,81,13.8,9.4,302,0.0,14.77
2015-01-11,11.7,18.1,6.9,84,11.8,8.4,331,0.0,13.54
2015-01-12,11.3,17.7,6.0,87,9.7,4.7,84,0.0,12.18
2015-01-13,11.2,17.6,6.6,87,12.2,8.3,130,0.0,11.58
2015-01-14,12.9,16.8,10.1,85,19.7,12.1,120,4.1,11.35
2015-01-15,12.0,18.3,7.7,84,8.3,5.6,329,0.0,12.63
2015-01-16,13.3,19.5,7.7,78,9.3,7.2,314,0.0,14.28
2015-01-17,13.8,20.3,8.1,79,9.9,7.9,310,0.0,15.27
2015-01-18,13.7,20.4,7.7,76,8.7,6.9,317,0.0,15.75
2015-01-19,13.1,19.7,6.2,75,8.3,5.6,339,0.0,15.86
2015-01-20,12.7,19.2,6.3,79,12.4,8.5,120,0.0,15.52
2015-01-21,12.6,16.3,9.9,81,17.0,11.7,104,3.8,8.35
2015-01-22,12.8,15.6,11.2,87,14.1,9.9,101,17.0,7.1
2015-01-23,14.1,17.9,11.1,83,9.6,5.9,353,0.0,7.75
2015-01-24,14.4,17.4,10.9,80,11.8,8.2,297,0.0,9.12
2015-01-25,13.7,17.5,9.2,75,9.2,6.8,308,0.0,12.55
2015-01-26,13.3,18.1,8.1,74,9.0,6.4,348,0.0,12.09
2015-01-27,12.9,17.7,8.9,69,15.1,10.4,319,0.0,15.44
2015-01-28,11.4,17.2,6.9,74,15.1,11.6,305,0.0,16.67
2015-01-29,10.9,17.8,4.8,68,16.8,10.2,305,0.0,16.97
2015-01-30,11.7,18.7,5.4,66,18.7,12.0,302,0.0,17.22
2015-01-31,13.1,19.9,7.7,65,16.0,11.8,298,0.0,16.42
2015-02-01,13.8,20.7,7.0,74,9.9,8.2,106,0.0,13.2
2015-02-02,15.8,21.7,11.0,75,21.0,14.7,111,1.2,13.83
2015-02-03,17.0,21.9,13.3,78,19.5,11.8,97,13.2,11.61
2015-02-04,13.9,19.9,10.0,86,14.6,10.7,304,0.0,14.48
2015-02-05,14.1,20.5,9.2,76,13.5,11.1,302,0.0,17.97
2015-02-06,13.5,20.7,7.1,72,9.2,5.9,349,0.0,17.96
2015-02-07,14.8,22.1,7.8,69,8.7,5.8,41,0.0,17.65
2015-02-08,15.3,22.3,9.8,73,9.0,6.5,344,2.1,15.36
2015-02-09,15.8,23.1,10.0,71,14.1,9.7,324,0.0,18.09
2015-02-10,15.1,22.1,9.5,67,14.5,10.3,314,0.0,18.71
2015-02-11,14.8,22.0,7.9,64,9.4,7.7,311,0.0,18.22
2015-02-12,15.2,22.1,8.6,69,13.3,8.5,317,0.0,18.69
2015-02-13,16.7,24.3,9.7,63,16.6,10.5,296,0.0,18.72
2015-02-14,18.8,26.5,11.4,63,9.4,6.3,9,0.0,18.45
2015-02-15,18.3,25.4,11.2,71,7.9,4.9,23,0.0,18.84
2015-02-16,19.8,26.2,13.9,70,21.9,14.0,121,0.0,18.13
2015-02-17,20.4,26.5,15.8,74,15.7,10.8,101,1.6,17.77
2015-02-18,19.7,26.1,15.6,77,21.3,7.2,91,12.0,17.54
2015-02-19,20.1,26.7,14.4,78,25.1,11.9,104,1.6,17.01
2015-02-20,21.2,27.0,17.0,74,18.7,10.6,100,0.0,18.36
2015-02-21,20.6,26.5,15.0,75,17.8,11.3,319,0.0,19.1
2015-02-22,20.6,27.1,15.4,69,21.5,15.9,303,0.0,19.7
2015-02-23,20.2,26.4,13.5,77,9.5,6.7,341,0.0,18.59
2015-02-24,20.9,27.2,14.3,79,12.2,7.8,116,0.1,13.74
2015-02-25,21.4,27.2,16.8,79,14.3,10.5,102,5.2,14.25
2015-02-26,18.7,24.5,13.7,69,11.3,7.5,328,0.0,18.75
2015-02-27,17.0,23.6,12.1,68,12.6,9.0,356,0.0,19.15
2015-02-28,18.2,25.4,11.4,56,13.5,9.4,25,0.2,20.31
2015-03-01,17.1,19.3,16.1,83,30.8,20.8,119,22.9,4.49
2015-03-02,16.3,19.5,14.4,93,28.8,15.7,133,22.8,5.35
2015-03-03,15.7,19.6,12.6,86,9.4,5.7,326,1.0,14.88
2015-03-04,15.2,21.6,9.7,72,15.9,9.6,311,0.0,20.91
2015-03-05,16.5,23.7,9.0,70,9.4,5.6,7,0.0,21.41
2015-03-06,18.2,24.9,12.6,70,10.8,7.3,346,0.0,19.93
2015-03-07,18.3,25.5,11.7,76,11.3,6.8,48,10.5,20.17
2015-03-08,18.3,24.0,14.2,79,18.8,10.6,112,0.9,19.48
2015-03-09,16.6,22.4,11.8,70,16.1,11.8,338,3.9,22.61
2015-03-10,16.1,23.1,9.6,69,13.8,10.6,313,0.0,22.84
2015-03-11,17.4,24.7,10.6,70,11.5,9.2,312,0.0,22.26
2015-03-12,18.5,26.5,10.1,67,10.0,8.6,330,0.0,21.92
2015-03-13,18.9,25.9,13.9,76,10.2,5.9,22,2.9,16.88
2015-03-14,20.0,26.1,14.3,79,13.0,8.2,168,4.1,15.96
2015-03-15,18.2,22.5,16.0,88,19.0,12.3,131,20.6,12.06
2015-03-16,18.2,22.7,15.2,87,19.6,11.7,121,6.7,11.34
2015-03-17,19.3,25.1,14.2,76,17.7,11.7,315,0.0,21.82
2015-03-18,18.8,24.7,13.6,70,18.6,13.2,298,0.0,22.92
2015-03-19,19.2,26.3,12.2,69,11.2,8.1,311,0.0,23.69
2015-03-20,20.3,27.8,12.4,67,11.0,9.0,322,0.0,23.63
2015-03-21,22.0,29.2,14.8,69,10.3,7.4,331,0.0,23.27
2015-03-22,23.2,30.2,16.8,63,18.3,11.5,306,0.0,23.39
2015-03-23,24.0,31.1,17.6,62,14.9,10.6,314,0.0,23.72
2015-03-24,24.2,32.2,15.6,64,10.9,7.0,341,0.0,23.98
2015-03-25,25.2,32.5,17.2,61,10.0,6.4,66,0.0,23.33
2015-03-26,26.7,33.6,20.2,58,8.9,5.3,351,0.0,22.87
2015-03-27,27.3,33.8,21.8,56,11.6,7.3,338,0.0,22.96
2015-03-28,25.5,34.1,16.4,52,8.9,6.1,3,0.0,24.8
2015-03-29,25.7,32.2,20.7,52,20.1,13.6,119,0.4,15.51
2015-03-30,22.2,27.1,19.5,75,24.5,17.5,110,5.1,16.71
2015-03-31,22.9,28.0,17.4,70,14.2,8.1,99,0.1,20.26
2015-04-01,24.3,30.8,17.9,66,15.4,6.9,80,0.6,19.88
2015-04-02,26.5,33.3,19.2,56,14.9,9.1,124,0.0,24.0
2015-04-03,23.5,30.1,19.1,72,15.2,9.2,150,10.8,19.44
2015-04-04,20.8,25.1,18.6,83,13.0,5.4,120,17.8,12.48
2015-04-05,22.4,28.5,15.5,68,8.9,5.1,30,0.0,23.12
2015-04-06,23.8,30.0,16.2,58,9.9,6.9,337,0.0,24.57
2015-04-07,22.3,27.7,16.9,67,10.9,6.0,36,5.5,21.92
2015-04-08,23.5,30.0,16.6,62,9.7,6.7,345,0.3,23.45
2015-04-09,24.0,31.0,17.0,57,14.9,10.9,311,0.0,26.07
2015-04-10,25.4,33.0,17.7,51,14.1,10.1,313,0.0,26.01
2015-04-11,26.1,34.1,18.2,49,9.4,5.0,333,0.1,24.1
2015-04-12,24.4,29.2,20.2,56,15.8,8.0,136,0.0,16.29
2015-04-13,23.6,29.2,18.9,70,17.1,10.5,95,7.1,22.53
2015-04-14,24.2,29.7,19.1,70,13.7,9.3,98,0.6,22.38
2015-04-15,25.5,31.6,19.3,63,16.5,8.4,107,0.0,23.68
2015-04-16,26.1,31.4,20.5,62,11.9,7.6,57,0.0,23.47
2015-04-17,27.4,34.9,19.7,56,18.5,10.4,310,0.0,25.74
2015-04-18,29.6,37.1,21.0,46,12.4,8.8,311,0.0,24.71
2015-04-19,31.3,39.4,21.2,39,12.1,6.7,184,0.0,26.32
2015-04-20,31.5,38.7,24.6,38,16.1,11.1,116,0.1,23.74
2015-04-21,31.0,38.6,22.4,36,19.3,9.8,317,0.0,25.66
2015-04-22,30.3,38.2,22.1,27,18.1,11.8,304,0.0,27.44
2015-04-23,30.7,38.7,21.6,24,10.7,7.4,344,0.0,26.01
2015-04-24,31.4,39.3,22.4,27,10.2,7.2,57,0.0,26.43
2015-04-25,29.8,37.0,23.5,36,25.6,16.4,112,0.3,26.16
2015-04-26,28.6,34.4,23.2,49,24.4,17.8,108,0.0,26.02
2015-04-27,29.6,36.5,23.8,50,21.1,14.5,115,0.9,25.79
2015-04-28,29.9,37.2,24.1,50,18.8,11.2,98,3.9,25.87
2015-04-29,29.9,36.6,23.2,46,14.9,8.9,100,0.0,26.28
2015-04-30,30.6,38.1,22.8,46,27.3,14.2,116,1.1,26.42
2015-05-01,30.4,36.5,24.1,40,21.4,11.1,43,0.0,26.19
2015-05-02,30.2,37.3,22.0,29,18.0,9.1,337,0.0,27.45
2015-05-03,30.3,38.0,21.0,25,11.3,6.9,352,0.0,27.4
2015-05-04,30.6,38.9,20.9,28,11.1,7.1,301,0.0,28.14
2015-05-05,31.6,40.0,20.9,28,16.3,8.8,317,0.0,27.62
2015-05-06,32.7,42.5,22.4,27,17.4,8.8,292,0.0,27.66
2015-05-07,33.7,42.7,24.1,25,21.6,11.6,291,0.0,27.6
2015-05-08,34.7,42.1,26.7,18,14.4,11.5,292,0.0,27.84
2015-05-09,34.1,40.8,26.8,23,11.6,6.5,275,0.0,26.94
2015-05-10,33.5,41.7,25.1,25,14.7,9.1,250,0.0,27.11
2015-05-11,32.9,39.6,25.4,34,13.7,6.2,336,0.8,26.23
2015-05-12,31.2,36.3,25.8,48,24.4,8.1,352,1.3,24.34
2015-05-13,30.1,35.7,26.1,60,11.0,6.7,40,5.8,22.64
2015-05-14,29.6,35.8,24.3,58,10.2,6.1,312,1.3,25.77
2015-05-15,29.8,36.6,24.4,50,16.6,8.3,327,3.5,24.81
2015-05-16,30.1,35.9,23.3,55,7.4,4.7,45,0.0,27.5
2015-05-17,31.6,37.9,24.7,47,9.5,7.0,126,0.0,27.49
2015-05-18,34.6,41.2,27.6,39,11.3,7.5,114,0.3,26.59
2015-05-19,34.1,41.5,26.8,31,23.7,9.6,327,1.4,25.65
2015-05-20,33.5,40.3,26.3,31,16.4,11.5,301,0.0,27.71
2015-05-21,33.6,41.7,24.6,27,18.4,11.1,301,0.0,28.38
2015-05-22,34.4,42.6,26.2,23,16.4,11.9,304,0.0,28.49
2015-05-23,34.6,43.2,25.5,22,15.1,11.2,264,0.0,27.39
2015-05-24,35.1,42.8,27.1,23,15.2,8.2,248,0.0,27.08
2015-05-25,35.3,44.1,26.2,21,13.6,10.7,248,0.0,28.17
2015-05-26,35.4,44.0,27.7,18,15.1,10.3,276,0.0,27.56
2015-05-27,33.9,41.8,26.1,17,16.0,11.0,322,0.0,29.21
2015-05-28,34.0,41.2,25.1,21,10.5,7.7,314,0.0,27.28
2015-05-29,35.1,41.7,27.0,26,12.6,10.1,320,0.0,27.47
2015-05-30,35.0,41.5,27.7,27,14.6,9.8,304,0.0,26.28
2015-05-31,34.8,41.5,26.9,25,20.5,10.6,316,0.1,26.71
2015-06-01,33.2,39.8,25.9,30,11.3,6.8,136,0.2,24.48
2015-06-02,32.1,37.8,27.2,35,11.2,6.4,98,0.3,20.61
2015-06-03,31.2,37.9,25.4,42,16.2,11.2,10,0.5,24.6
2015-06-04,30.8,37.5,24.4,48,15.3,9.1,328,0.0,25.77
2015-06-05,32.8,37.9,27.2,40,13.0,8.7,319,0.1,24.73
2015-06-06,33.1,39.0,26.6,35,17.1,10.8,308,0.0,26.43
2015-06-07,34.3,40.4,26.2,31,14.5,8.8,306,0.0,24.35
2015-06-08,35.5,42.5,27.0,28,15.5,9.0,325,0.0,26.34
2015-06-09,36.3,42.6,29.5,25,29.3,18.1,287,0.0,22.98
2015-06-10,36.3,41.4,30.8,33,24.9,18.9,290,0.5,25.05
2015-06-11,35.8,40.2,30.8,34,21.3,15.0,283,0.1,25.3
2015-06-12,35.4,40.6,29.9,37,17.9,13.3,284,0.0,25.39
2015-06-13,34.1,40.1,30.2,38,15.9,9.7,223,2.4,22.96
2015-06-14,29.0,32.9,25.6,69,9.9,6.2,102,3.7,20.33
2015-06-15,29.4,33.9,23.8,69,12.4,6.1,173,5.6,21.21
2015-06-16,31.9,36.5,27.1,60,10.4,5.5,290,0.0,23.2
2015-06-17,32.7,37.6,27.8,58,8.4,5.1,340,0.4,23.77
2015-06-18,34.1,39.1,28.6,46,8.4,5.2,166,0.0,24.36
2015-06-19,34.5,39.2,29.4,48,15.0,8.3,130,0.1,24.07
2015-06-20,32.7,37.2,28.8,58,22.3,17.0,97,1.1,22.56
2015-06-21,32.1,36.4,28.9,62,16.6,11.8,81,1.7,22.36
2015-06-22,31.9,36.9,26.7,62,20.5,10.5,79,0.6,23.12
2015-06-23,33.1,38.2,28.6,56,15.7,8.3,86,0.0,23.95
2015-06-24,31.1,36.4,26.6,70,13.9,7.4,96,16.8,20.38
2015-06-25,26.1,27.2,25.2,92,13.5,7.9,20,32.6,5.1
2015-06-26,29.8,34.7,24.6,70,16.4,10.6,275,0.0,24.18
2015-06-27,31.5,35.9,27.6,66,17.4,13.3,288,0.0,24.48
2015-06-28,32.3,37.2,28.1,64,15.2,8.9,280,0.4,22.92
2015-06-29,30.4,33.8,27.0,67,19.0,15.0,123,0.0,23.91
2015-06-30,28.8,32.9,25.8,68,13.1,8.0,114,0.4,20.27
2015-07-01,30.0,34.8,25.6,70,8.3,5.3,206,0.8,23.03
2015-07-02,30.8,36.0,26.7,68,11.9,7.0,274,0.6,23.82
2015-07-03,32.0,37.2,28.1,64,18.9,12.5,277,0.3,23.6
2015-07-04,31.7,35.8,27.1,64,18.6,13.6,278,0.6,21.88
2015-07-05,31.5,37.3,27.5,68,23.8,12.3,255,12.3,22.92
2015-07-06,29.7,32.6,25.9,77,13.1,8.2,131,6.3,15.99
2015-07-07,27.6,31.5,24.9,84,10.6,7.4,92,14.6,15.06
2015-07-08,28.2,31.9,25.4,84,9.7,6.0,141,16.5,16.47
2015-07-09,27.8,31.8,25.7,87,7.8,4.7,221,18.7,14.7
2015-07-10,26.5,28.2,25.6,93,13.7,7.3,99,61.6,4.47
2015-07-11,24.8,28.0,23.9,91,15.8,12.5,37,44.1,5.29
2015-07-12,25.4,26.9,24.1,89,20.0,10.9,82,6.4,5.84
2015-07-13,27.9,32.0,24.0,80,11.4,7.0,236,1.6,19.64
2015-07-14,29.4,32.9,26.2,77,19.1,13.4,280,0.8,20.36
2015-07-15,30.8,34.8,27.4,70,23.6,15.4,273,0.0,23.66
2015-07-16,30.3,34.3,26.5,69,15.9,11.7,244,2.3,18.99
2015-07-17,28.1,31.3,26.2,86,14.2,8.0,116,35.2,10.32
2015-07-18,28.9,32.7,26.4,83,9.3,5.7,112,5.3,18.94
2015-07-19,28.6,32.3,26.3,84,8.8,6.0,85,12.5,18.06
2015-07-20,27.5,30.8,25.5,88,9.8,7.5,84,17.4,10.57
2015-07-21,28.8,32.1,26.0,81,15.6,9.7,104,3.4,16.38
2015-07-22,29.0,31.9,26.9,82,12.9,10.1,102,1.8,17.18
2015-07-23,29.4,32.1,27.2,76,18.0,12.5,102,0.3,19.62
2015-07-24,28.8,31.5,26.8,80,15.5,9.8,122,5.6,19.18
2015-07-25,28.7,32.1,26.1,81,16.2,12.1,102,3.2,20.41
2015-07-26,28.1,31.0,26.4,77,30.8,24.3,113,1.6,17.97
2015-07-27,27.6,30.7,24.3,75,19.9,15.6,144,0.0,17.45
2015-07-28,27.7,31.1,24.7,75,16.9,13.3,158,0.2,18.49
2015-07-29,27.4,29.6,24.9,74,23.4,17.0,145,0.0,14.8
2015-07-30,27.6,30.2,25.2,79,16.3,13.7,184,2.1,15.13
2015-07-31,27.8,30.4,25.7,76,17.3,11.4,216,0.5,15.69
2015-08-01,26.8,29.4,25.4,84,10.8,6.7,198,5.5,11.07
2015-08-02,27.6,31.2,25.5,83,6.2,3.4,171,2.3,14.54
2015-08-03,28.8,33.0,25.7,81,11.1,6.3,295,0.7,20.62
2015-08-04,29.1,33.0,25.7,80,10.2,5.6,318,1.3,20.83
2015-08-05,28.5,32.3,25.7,87,9.4,4.9,95,7.2,19.42
2015-08-06,28.0,32.0,26.1,87,8.6,3.4,161,10.8,13.81
2015-08-07,27.6,32.2,25.9,89,8.4,6.3,183,8.4,11.51
2015-08-08,25.7,27.5,24.7,94,12.8,6.3,96,29.1,5.37
2015-08-09,25.9,28.4,24.4,93,13.1,6.4,293,53.0,6.12
2015-08-10,27.5,31.2,25.5,88,7.9,4.4,306,6.8,8.88
2015-08-11,27.2,29.4,25.6,91,14.9,8.4,100,11.1,7.54
2015-08-12,28.3,31.7,25.8,83,13.1,7.9,123,0.5,16.44
2015-08-13,29.1,33.1,26.2,82,8.7,5.2,117,0.5,18.6
2015-08-14,28.7,32.0,26.0,85,9.7,5.7,126,6.4,16.75
2015-08-15,27.9,30.4,26.3,88,11.8,5.2,95,11.1,12.6
2015-08-16,27.3,29.9,25.4,89,5.6,3.5,129,6.5,9.28
2015-08-17,28.7,32.7,25.1,83,6.6,4.6,277,0.3,19.92
2015-08-18,28.9,33.6,26.0,84,13.6,7.5,276,3.2,18.87
2015-08-19,29.0,33.0,25.8,78,19.1,12.4,276,1.8,21.12
2015-08-20,29.2,32.0,26.7,71,20.9,13.6,266,0.0,19.77
2015-08-21,28.5,31.8,25.7,73,16.4,9.7,265,0.3,18.86
2015-08-22,27.9,31.3,25.2,76,12.1,8.1,280,2.6,18.05
2015-08-23,28.2,32.5,24.5,82,10.5,5.1,276,5.1,21.14
2015-08-24,28.6,32.9,25.4,76,15.0,9.8,286,0.4,20.7
2015-08-25,29.5,33.7,26.4,71,19.2,12.8,286,0.0,22.31
2015-08-26,30.0,33.9,26.6,72,15.4,10.5,289,0.0,22.06
2015-08-27,29.6,33.3,26.3,79,8.7,4.8,298,1.6,19.75
2015-08-28,29.2,33.4,25.1,82,13.1,5.7,67,0.7,20.36
2015-08-29,30.1,33.9,26.5,78,12.2,6.8,310,0.0,21.58
2015-08-30,30.1,34.3,26.1,75,13.9,8.5,293,0.2,20.25
2015-08-31,30.0,34.3,26.4,68,18.3,10.8,292,0.0,22.77
2015-09-01,29.4,34.5,25.6,63,19.3,11.7,286,0.0,23.18
2015-09-02,29.0,33.8,25.5,59,19.2,11.6,276,0.0,21.93
2015-09-03,29.1,34.4,25.2,57,16.6,10.3,293,0.0,23.08
2015-09-04,29.7,34.8,24.0,61,14.6,7.2,299,0.0,22.13
2015-09-05,28.8,34.8,23.2,60,19.4,11.0,293,0.0,22.64
2015-09-06,28.7,34.8,23.3,57,16.6,9.9,286,0.0,22.02
2015-09-07,29.0,34.7,24.2,55,16.1,10.7,295,0.0,21.77
2015-09-08,29.2,35.1,23.0,58,19.5,10.9,294,0.0,21.95
2015-09-09,29.4,35.4,23.8,56,19.1,11.3,311,0.0,23.05
2015-09-10,29.1,35.9,22.1,60,15.9,9.0,318,0.0,23.2
2015-09-11,28.9,35.4,21.9,61,15.2,7.6,343,0.0,23.12
2015-09-12,28.9,34.9,22.6,69,8.4,6.8,88,0.3,21.77
2015-09-13,29.9,35.4,25.1,69,8.1,5.7,87,0.0,21.18
2015-09-14,30.5,36.3,24.1,62,12.4,6.2,24,0.0,21.82
2015-09-15,30.2,35.5,24.5,63,9.4,6.6,93,0.0,20.39
2015-09-16,30.2,35.0,25.7,66,10.7,7.5,97,0.0,20.64
2015-09-17,29.6,34.4,24.7,72,9.5,6.8,88,0.4,19.76
2015-09-18,29.2,33.4,26.7,72,17.4,10.1,85,1.6,14.01
2015-09-19,28.0,32.5,24.6,84,10.4,7.2,76,24.3,13.56
2015-09-20,28.8,33.7,26.1,83,10.0,7.2,97,5.0,18.32
2015-09-21,28.1,32.0,25.3,85,10.4,6.8,120,9.5,15.33
2015-09-22,28.5,32.1,25.2,79,18.9,11.9,140,2.0,17.26
2015-09-23,27.0,30.5,24.0,75,18.6,12.2,302,0.3,16.97
2015-09-24,26.9,31.2,23.9,67,20.9,14.0,287,0.0,20.75
2015-09-25,26.5,31.3,22.4,67,16.0,11.2,288,0.0,19.23
2015-09-26,27.0,32.5,22.3,66,10.5,8.1,286,0.0,19.69
2015-09-27,27.8,33.2,22.4,64,11.4,7.4,311,0.0,19.99
2015-09-28,26.8,32.5,21.5,66,10.8,7.9,329,0.0,21.29
2015-09-29,26.4,33.0,19.9,63,14.7,8.9,332,0.0,21.41
2015-09-30,26.5,33.2,20.4,57,13.1,10.9,325,0.0,21.57
2015-10-01,26.2,33.2,19.6,60,9.5,7.6,326,0.0,21.49
2015-10-02,26.4,34.1,18.4,57,13.8,8.5,318,0.0,21.44
2015-10-03,27.4,35.0,19.7,57,12.2,7.6,311,0.0,21.01
2015-10-04,28.0,35.5,20.2,57,8.3,5.5,129,0.0,20.39
2015-10-05,28.3,35.3,20.5,55,8.9,6.0,215,0.0,20.21
2015-10-06,28.3,34.9,20.6,53,12.2,7.6,321,0.0,19.18
2015-10-07,28.2,34.5,22.1,56,12.2,7.8,345,0.0,19.43
2015-10-08,28.3,34.9,22.3,54,15.2,9.5,327,0.0,19.35
2015-10-09,28.3,35.6,21.0,50,19.4,9.0,295,0.0,19.62
2015-10-10,28.4,36.3,21.3,40,17.9,10.4,277,0.0,20.26
2015-10-11,28.2,35.5,22.1,46,12.7,9.3,301,0.0,19.67
2015-10-12,27.8,34.0,21.2,52,14.3,5.8,121,0.0,19.25
2015-10-13,27.4,32.7,23.6,69,16.3,10.0,106,0.4,17.38
2015-10-14,26.5,32.9,22.3,74,14.5,8.2,94,7.3,16.56
2015-10-15,26.6,32.1,21.3,70,11.3,6.4,91,0.0,18.41
2015-10-16,27.0,32.9,21.8,68,9.5,6.4,97,0.0,17.83
2015-10-17,27.3,33.4,21.5,66,10.0,7.0,297,0.0,18.04
2015-10-18,27.9,33.1,22.4,63,7.9,5.4,121,0.0,17.47
2015-10-19,27.7,34.1,21.9,64,8.6,6.8,269,1.1,16.44
2015-10-20,27.4,34.0,21.3,55,13.8,6.9,320,0.3,16.82
2015-10-21,26.2,32.6,20.3,53,10.3,7.2,333,0.0,17.31
2015-10-22,24.9,31.8,18.3,48,14.1,8.8,323,0.0,19.02
2015-10-23,24.2,31.6,17.0,49,12.6,8.6,308,0.0,18.84
2015-10-24,25.0,31.5,18.8,51,8.0,5.4,12,0.0,18.12
2015-10-25,25.6,32.0,19.9,52,15.8,11.4,117,0.0,17.36
2015-10-26,24.9,30.8,19.4,57,14.4,9.6,74,1.5,16.35
2015-10-27,24.0,29.9,18.2,54,8.2,6.2,337,0.0,16.47
2015-10-28,20.5,27.4,17.0,72,17.7,7.2,357,5.5,8.91
2015-10-29,20.9,26.5,14.9,65,10.2,5.8,59,0.0,16.55
2015-10-30,21.4,27.6,15.5,71,9.2,5.5,75,0.0,16.82
2015-10-31,22.2,28.2,16.2,66,7.8,4.8,98,0.0,17.09
2015-11-01,23.5,29.2,18.1,64,9.2,4.7,82,0.0,17.1
2015-11-02,23.5,29.2,17.0,65,7.6,4.5,34,0.0,16.34
2015-11-03,23.2,28.4,17.9,67,10.0,5.5,345,0.0,13.77
2015-11-04,23.3,28.8,17.6,65,7.4,4.5,80,0.0,15.1
2015-11-05,23.0,27.7,19.6,67,16.2,9.8,105,0.2,12.86
2015-11-06,23.1,27.7,19.3,68,8.0,5.3,116,0.0,12.36
2015-11-07,22.4,27.9,17.3,73,7.2,4.2,64,0.0,14.42
2015-11-08,22.9,28.4,18.3,73,10.0,6.8,71,0.0,14.04
2015-11-09,23.0,28.5,17.6,69,8.2,6.3,46,0.0,15.38
2015-11-10,22.6,28.9,17.6,66,10.8,6.6,2,0.6,15.44
2015-11-11,22.1,28.5,17.0,54,16.3,10.8,317,0.0,16.1
2015-11-12,22.1,28.7,16.9,52,13.6,10.5,305,0.0,16.0
2015-11-13,22.6,29.6,16.4,59,14.3,8.9,301,0.0,15.81
2015-11-14,23.2,29.7,17.9,58,13.2,8.9,301,0.0,15.73
2015-11-15,23.1,29.5,16.1,56,7.7,4.9,326,0.0,15.65
2015-11-16,22.9,28.7,18.2,53,12.8,9.2,328,1.0,12.57
2015-11-17,20.3,27.5,14.6,44,14.7,10.4,311,0.0,16.45
2015-11-18,19.0,26.9,11.3,47,10.9,8.4,307,0.0,16.29
2015-11-19,19.6,26.7,12.1,53,9.9,5.5,339,0.0,15.94
2015-11-20,19.3,26.6,12.2,62,8.6,5.7,342,0.0,15.63
2015-11-21,19.5,26.5,12.2,60,8.2,5.6,320,0.0,15.56
2015-11-22,19.1,26.5,12.2,62,8.7,6.0,320,0.0,15.32
2015-11-23,18.8,26.6,11.4,62,8.4,5.3,333,0.0,15.51
2015-11-24,19.3,27.3,12.5,56,12.5,8.5,323,0.0,15.25
2015-11-25,19.6,27.6,14.2,50,16.7,11.4,307,0.0,14.7
2015-11-26,19.9,27.1,12.6,50,9.0,6.5,156,0.0,13.17
2015-11-27,19.3,24.6,13.7,69,11.4,7.3,358,0.0,12.88
2015-11-28,19.9,24.8,16.4,68,15.2,9.6,82,0.0,12.67
2015-11-29,19.6,26.1,13.5,67,7.3,5.6,90,0.0,14.64
2015-11-30,20.9,27.0,16.1,72,7.9,5.4,1,0.0,13.17
2015-12-01,20.7,26.8,15.5,69,8.8,6.3,355,0.0,13.16
2015-12-02,19.6,25.1,15.7,64,9.5,7.0,331,0.0,12.14
2015-12-03,18.2,24.6,12.4,65,14.1,9.9,306,0.0,14.56
2015-12-04,18.5,25.5,13.1,63,12.1,10.6,292,0.0,14.63
2015-12-05,17.8,25.2,11.0,67,8.5,4.8,329,0.0,14.64
2015-12-06,18.3,25.1,12.3,67,10.3,4.9,94,0.0,14.43
2015-12-07,18.5,24.7,12.0,71,10.0,6.1,126,0.0,14.14
2015-12-08,18.6,25.3,13.9,70,9.5,6.2,274,0.0,14.21
2015-12-09,18.3,23.9,12.8,72,16.4,9.6,123,0.0,9.16
2015-12-10,19.3,25.4,14.2,73,11.6,9.0,116,0.2,11.56
2015-12-11,17.7,23.1,13.2,65,11.7,7.8,290,0.0,13.69
2015-12-12,14.7,19.8,10.0,65,12.5,9.8,302,0.0,12.87
2015-12-13,14.2,19.8,9.2,63,9.9,8.5,299,0.0,14.2
2015-12-14,13.7,20.2,8.4,53,14.5,10.7,304,0.0,14.58
2015-12-15,13.6,21.0,8.1,52,14.8,11.0,296,0.0,14.58
2015-12-16,12.9,20.2,5.4,57,10.5,6.2,223,0.0,14.68
2015-12-17,13.2,20.0,6.3,63,9.4,6.9,90,0.0,14.31
2015-12-18,13.3,20.5,7.3,62,14.4,9.6,306,0.0,14.47
2015-12-19,13.6,20.5,7.5,60,10.6,8.5,299,0.0,14.59
2015-12-20,13.2,20.0,7.4,62,9.8,5.6,338,0.0,14.44
2015-12-21,13.2,19.6,6.3,63,7.6,5.2,335,0.0,14.38
2015-12-22,13.4,19.8,7.3,68,7.2,4.3,62,0.0,14.09
2015-12-23,12.9,19.5,6.2,67,11.0,7.6,319,0.0,14.14
2015-12-24,12.9,19.0,8.1,59,16.6,12.0,310,0.0,14.22
2015-12-25,12.1,19.3,6.1,53,14.4,10.6,297,0.0,14.55
2015-12-26,13.7,21.1,7.8,49,15.7,11.7,295,0.0,14.11
2015-12-27,15.4,22.2,9.3,55,16.5,11.8,297,0.0,13.09
2015-12-28,17.1,23.7,12.2,54,16.9,13.4,301,0.0,12.95
2015-12-29,17.0,23.4,12.2,54,18.4,13.2,297,0.0,13.23
2015-12-30,16.2,23.9,10.0,61,9.8,7.7,315,0.0,14.24
2015-12-31,15.3,23.1,8.7,66,10.2,7.4,334,0.0,14.69
2016-01-01,14.9,22.3,9.3,68,9.7,6.1,327,0.0,13.98
2016-01-02,14.4,22.0,7.3,66,10.7,7.8,328,0.0,14.44
2016-01-03,14.9,22.6,8.7,63,13.9,10.2,295,0.0,14.49
2016-01-04,16.0,22.9,8.4,66,10.0,6.0,79,0.0,13.81
2016-01-05,18.0,24.5,12.5,69,8.8,5.6,108,0.0,13.5
2016-01-06,18.2,24.2,13.0,75,10.4,7.9,85,0.5,11.69
2016-01-07,17.8,24.1,11.8,75,8.6,5.8,29,0.0,14.11
2016-01-08,17.1,23.1,12.2,75,16.1,9.1,309,0.0,13.37
2016-01-09,15.7,21.8,10.7,63,19.0,13.0,291,0.0,14.9
2016-01-10,15.6,22.5,9.1,68,10.3,7.8,306,0.0,14.71
2016-01-11,16.1,23.0,9.9,72,9.2,5.9,55,0.0,14.84
2016-01-12,16.5,23.9,10.2,71,14.0,9.5,124,0.0,14.8
2016-01-13,16.0,21.8,10.9,76,9.2,6.3,28,0.0,13.29
2016-01-14,14.4,19.3,9.6,77,8.7,5.3,313,0.0,11.48
2016-01-15,13.3,18.8,8.5,75,13.7,8.8,315,0.0,14.26
2016-01-16,13.1,18.7,8.8,74,16.1,10.3,295,0.0,13.45
2016-01-17,12.8,18.4,7.6,77,8.8,4.3,346,0.0,15.06
2016-01-18,12.6,18.5,7.1,78,7.6,5.0,352,0.0,14.9
2016-01-19,12.6,18.6,7.1,75,9.6,6.2,343,0.0,14.1
2016-01-20,12.2,17.5,7.2,73,9.8,7.6,318,0.0,13.26
2016-01-21,11.6,17.8,6.0,75,13.2,8.9,307,0.0,15.92
2016-01-22,11.5,18.2,4.8,76,8.9,6.1,331,0.0,16.05
2016-01-23,12.3,19.4,5.9,77,8.6,5.9,20,0.0,16.07
2016-01-24,12.1,18.7,6.5,78,8.4,6.6,350,0.0,15.86
2016-01-25,10.7,17.1,5.0,80,8.7,6.9,338,0.0,15.75
2016-01-26,13.0,19.6,7.2,75,8.6,4.3,70,0.0,15.73
2016-01-27,15.7,22.2,10.3,74,8.3,5.2,62,0.0,15.78
2016-01-28,15.7,22.6,9.4,72,11.3,8.0,309,0.0,16.39
2016-01-29,17.1,24.0,11.4,72,8.2,5.5,27,0.2,13.63
2016-01-30,19.4,25.5,13.7,73,8.4,5.7,77,0.5,15.47
2016-01-31,17.4,22.1,12.8,77,14.0,10.7,321,0.0,13.5
2016-02-01,15.1,22.1,9.7,65,12.5,10.0,325,0.0,17.32
2016-02-02,14.2,20.9,7.4,58,15.3,9.6,307,0.0,17.49
2016-02-03,14.4,21.5,8.3,53,20.6,12.4,305,0.0,17.84
2016-02-04,14.8,22.3,8.3,52,13.8,11.0,301,0.0,17.87
2016-02-05,14.7,22.8,6.9,58,10.8,8.6,306,0.0,18.08
2016-02-06,15.8,23.1,7.1,59,12.2,7.9,102,0.0,17.98
2016-02-07,15.4,19.6,12.1,74,13.7,9.0,37,4.0,11.62
2016-02-08,15.0,21.7,8.6,74,11.0,7.5,325,0.0,17.79
2016-02-09,15.9,22.9,9.5,69,10.1,8.3,307,0.0,18.07
2016-02-10,16.3,23.4,9.1,67,9.7,6.1,12,0.0,18.27
2016-02-11,17.6,24.7,12.2,56,16.1,9.8,153,0.0,18.01
2016-02-12,16.6,24.2,9.4,65,11.2,5.4,30,0.0,17.9
2016-02-13,16.1,22.0,11.8,62,15.1,10.0,18,0.7,15.41
2016-02-14,15.9,23.6,9.3,65,11.1,9.4,321,0.0,18.81
2016-02-15,15.7,22.3,9.4,60,9.3,7.7,333,0.0,16.9
2016-02-16,15.8,23.3,8.9,55,9.7,7.2,342,0.0,19.1
2016-02-17,18.0,25.6,11.0,54,11.8,7.8,347,0.2,16.44
2016-02-18,20.4,27.0,14.7,61,11.5,7.9,346,1.4,13.77
2016-02-19,22.7,28.8,17.0,66,8.4,5.7,325,0.0,12.42
2016-02-20,21.8,25.9,18.1,75,12.3,7.0,276,14.4,11.21
2016-02-21,19.2,25.4,14.6,65,19.7,14.7,301,0.0,19.79
2016-02-22,18.8,26.1,13.0,52,22.8,15.9,296,0.0,20.34
2016-02-23,19.1,26.9,12.4,54,15.8,10.0,286,0.0,20.51
2016-02-24,18.6,26.7,11.3,58,9.0,6.1,184,0.0,20.39
2016-02-25,19.5,27.3,11.4,59,10.3,8.3,126,0.0,20.32
2016-02-26,20.7,27.4,13.7,59,10.3,6.5,103,0.0,20.32
2016-02-27,20.6,27.3,12.1,60,9.8,5.5,91,0.0,20.38
2016-02-28,21.5,28.0,14.9,61,9.2,6.0,122,0.0,20.4
2016-02-29,21.9,28.0,15.0,62,9.8,6.9,114,0.0,18.38
2016-03-01,22.5,28.6,16.1,62,10.0,4.6,102,0.0,19.76
2016-03-02,23.3,30.5,15.6,62,9.5,5.4,40,0.0,20.36
2016-03-03,23.5,31.4,15.9,60,9.4,6.7,15,0.2,19.36
2016-03-04,23.8,31.9,16.2,51,10.6,8.1,320,0.0,20.51
2016-03-05,22.4,29.8,17.0,59,18.5,12.1,11,12.2,18.03
2016-03-06,20.2,25.9,16.0,75,17.1,9.9,77,2.6,16.71
2016-03-07,21.3,27.7,15.0,69,11.4,6.6,350,0.0,20.88
2016-03-08,21.7,27.6,16.3,66,11.2,8.9,303,0.0,20.29
2016-03-09,21.5,28.0,14.9,62,13.1,8.9,300,0.0,21.64
2016-03-10,22.5,29.7,15.1,62,13.5,8.5,312,0.0,21.54
2016-03-11,23.3,30.9,18.0,65,13.5,9.3,135,2.2,17.65
2016-03-12,21.2,28.4,17.5,77,16.7,10.7,93,22.2,17.23
2016-03-13,21.2,27.2,16.3,71,20.7,11.9,113,0.0,20.07
2016-03-14,20.6,25.1,16.2,77,10.6,7.4,56,0.9,20.62
2016-03-15,20.8,27.3,14.4,66,12.8,7.3,332,0.0,20.71
2016-03-16,20.7,27.6,14.0,56,16.9,11.4,308,0.0,22.58
2016-03-17,22.8,29.8,16.3,56,15.5,9.6,120,0.1,18.96
2016-03-18,23.8,29.3,18.6,59,16.1,9.9,113,0.0,20.83
2016-03-19,23.9,30.7,17.7,60,10.2,6.3,93,0.5,18.8
2016-03-20,24.7,31.4,18.1,56,13.8,7.2,27,0.0,22.37
2016-03-21,23.9,30.5,17.5,45,24.2,15.2,326,0.0,23.89
2016-03-22,22.4,29.8,16.2,36,26.7,19.8,301,0.0,24.98
2016-03-23,23.5,31.9,16.2,39,17.7,13.7,300,0.0,24.8
2016-03-24,25.0,33.4,16.3,47,10.9,6.6,99,0.0,22.4
2016-03-25,26.5,34.7,17.1,50,10.4,7.9,121,0.0,22.8
2016-03-26,25.2,32.3,18.7,53,19.1,13.0,323,0.0,18.32
2016-03-27,24.7,31.7,18.4,45,15.2,11.1,313,0.0,23.8
2016-03-28,24.4,31.7,16.6,41,15.9,9.5,314,0.0,24.91
2016-03-29,25.2,32.0,18.1,42,13.6,9.9,303,0.0,23.46
2016-03-30,26.5,34.4,17.9,45,11.2,6.1,292,0.0,22.24
2016-03-31,28.0,36.3,19.2,40,10.8,6.9,312,0.0,24.33
2016-04-01,29.2,36.5,21.9,39,13.9,10.9,304,0.0,24.59
2016-04-02,29.9,37.6,21.4,41,11.6,7.4,324,0.0,24.04
2016-04-03,31.2,38.5,24.3,44,10.2,6.7,299,1.8,23.26
2016-04-04,30.1,37.1,23.3,34,15.5,8.8,269,0.0,22.86
2016-04-05,29.0,35.9,21.5,37,17.2,11.7,323,0.0,23.45
2016-04-06,28.4,35.1,22.5,30,10.9,7.6,334,0.0,22.01
2016-04-07,27.1,34.8,19.8,37,17.6,11.1,295,0.0,24.4
2016-04-08,27.1,34.8,17.8,38,9.7,6.2,343,0.0,26.05
2016-04-09,28.9,36.3,20.2,27,14.3,8.2,356,0.0,25.6
2016-04-10,29.5,36.3,24.0,29,11.5,8.7,342,0.0,18.05
2016-04-11,28.3,34.9,21.2,33,20.4,15.6,319,0.0,25.27
2016-04-12,27.9,34.5,21.2,33,22.7,17.5,299,0.0,26.51
2016-04-13,29.7,36.7,22.7,30,26.2,17.0,298,0.0,26.48
2016-04-14,30.9,38.5,22.7,29,20.1,12.0,304,0.0,26.18
2016-04-15,31.8,39.8,22.4,31,18.9,9.6,308,0.0,24.73
2016-04-16,32.7,41.0,24.5,30,14.8,10.1,291,0.0,25.46
2016-04-17,33.1,39.7,26.5,26,14.1,7.8,268,0.0,24.21
2016-04-18,32.5,38.5,26.3,32,10.0,7.2,311,0.0,23.73
2016-04-19,31.4,37.8,25.7,37,12.3,6.1,78,0.1,16.84
2016-04-20,31.6,38.8,23.7,26,19.9,12.3,301,0.0,26.4
2016-04-21,31.8,38.9,24.9,23,24.5,16.1,301,0.0,27.21
2016-04-22,31.8,38.6,24.3,25,11.7,7.5,323,0.0,24.76
2016-04-23,29.6,36.7,22.6,24,17.2,11.7,319,0.0,27.68
2016-04-24,28.8,37.1,19.2,21,17.9,10.2,335,0.0,27.89
2016-04-25,30.0,38.1,21.0,19,13.1,9.3,334,0.0,27.89
2016-04-26,30.6,38.5,21.5,23,10.7,6.9,349,0.2,25.43
2016-04-27,31.0,39.7,22.0,22,16.9,8.4,296,0.0,25.88
2016-04-28,31.4,39.6,22.1,19,17.1,10.5,319,0.0,28.02
2016-04-29,31.3,39.4,22.3,19,18.6,9.8,309,0.0,27.15
2016-04-30,31.2,39.9,21.0,21,12.5,8.3,306,0.0,28.23
2016-05-01,32.8,41.2,23.3,20,18.3,10.7,294,0.0,28.25
2016-05-02,34.4,42.5,24.9,19,12.2,7.1,295,0.4,27.58
2016-05-03,32.1,38.0,27.5,32,16.4,10.3,89,1.6,20.62
2016-05-04,30.9,38.9,24.8,48,20.6,12.9,120,1.0,24.31
2016-05-05,29.3,34.6,24.8,50,20.6,13.0,102,0.1,24.73
2016-05-06,29.2,34.1,23.6,54,9.4,5.5,146,0.0,20.85
2016-05-07,30.8,36.0,24.6,41,11.4,6.6,149,0.0,22.33
2016-05-08,30.8,37.2,25.4,45,14.6,10.3,102,0.0,22.44
2016-05-09,32.1,38.8,26.2,42,21.7,13.3,115,0.5,25.51
2016-05-10,32.2,38.0,26.6,46,23.4,13.1,109,1.0,25.13
2016-05-11,31.7,37.0,26.6,51,17.9,10.8,91,0.2,25.88
2016-05-12,32.5,39.0,25.4,49,14.7,6.7,341,0.0,25.67
2016-05-13,34.5,41.0,27.9,30,16.8,7.3,15,0.0,26.76
2016-05-14,34.9,41.2,27.4,30,9.4,6.9,68,0.0,27.17
2016-05-15,34.9,42.3,26.6,29,12.5,7.3,322,0.0,26.78
2016-05-16,35.2,42.7,26.6,25,17.6,10.0,311,0.0,27.34
2016-05-17,35.1,42.7,26.3,22,18.9,10.6,310,0.0,28.44
2016-05-18,35.3,43.1,25.6,23,13.5,6.9,317,0.0,28.41
2016-05-19,34.8,41.6,27.7,36,22.6,13.7,120,0.3,26.88
2016-05-20,34.6,40.2,29.4,43,24.6,14.5,111,0.3,26.72
2016-05-21,33.9,41.1,27.3,53,21.5,14.7,117,0.0,27.08
2016-05-22,34.6,42.1,28.2,47,19.3,10.3,102,1.8,27.13
2016-05-23,33.6,40.9,26.1,52,19.1,10.1,108,4.5,25.61
2016-05-24,31.7,38.0,26.5,59,17.7,10.6,115,1.8,24.72
2016-05-25,31.6,39.4,25.2,53,17.5,7.9,239,0.6,24.61
2016-05-26,32.9,39.8,25.4,49,13.8,6.7,259,0.0,26.17
2016-05-27,34.8,40.9,28.5,37,20.1,12.0,289,2.0,26.56
2016-05-28,33.9,40.4,28.9,37,22.1,13.4,278,2.3,25.23
2016-05-29,31.2,36.2,26.9,54,18.9,12.7,130,6.9,24.18
2016-05-30,28.8,33.0,24.0,68,16.4,10.5,108,3.4,22.42
2016-05-31,31.7,38.1,25.1,57,13.2,7.7,261,0.2,24.74
2016-06-01,33.8,40.2,27.0,48,14.8,8.2,304,0.0,24.77
2016-06-02,34.9,41.0,28.1,37,16.8,9.6,300,0.0,24.99
2016-06-03,34.2,41.8,26.5,42,15.8,7.2,24,0.5,26.11
2016-06-04,35.3,42.4,27.7,45,14.3,8.5,97,0.0,25.86
2016-06-05,34.4,40.8,29.0,55,21.5,13.1,110,3.3,24.74
2016-06-06,34.1,40.0,29.3,53,19.3,12.7,106,2.6,25.2
2016-06-07,34.1,39.6,29.2,52,18.0,12.4,104,1.1,26.15
2016-06-08,33.9,40.5,28.9,51,14.2,10.6,109,0.7,24.91
2016-06-09,34.4,40.2,28.7,51,15.4,11.2,121,0.2,24.26
2016-06-10,34.4,41.6,29.2,50,21.7,7.8,174,2.6,25.21
2016-06-11,34.2,39.4,28.9,50,16.6,10.1,292,0.1,25.61
2016-06-12,33.3,38.9,27.0,53,14.7,9.6,281,3.6,25.25
2016-06-13,34.4,40.2,29.3,47,22.0,11.4,272,0.7,24.29
2016-06-14,32.3,37.5,26.9,61,16.2,10.1,270,1.8,23.84
2016-06-15,31.7,36.7,28.5,65,15.2,6.6,129,1.5,19.31
2016-06-16,32.4,36.8,28.0,61,20.6,14.6,108,0.0,24.74
2016-06-17,32.6,37.5,27.1,62,17.1,11.2,111,0.2,23.96
2016-06-18,31.4,36.4,26.4,67,15.3,12.4,114,14.8,21.05
2016-06-19,32.3,36.3,28.9,64,15.5,12.5,110,0.3,22.63
2016-06-20,32.8,36.5,29.2,63,18.2,13.3,114,0.0,20.91
2016-06-21,30.8,36.2,27.7,72,15.9,13.1,123,1.8,19.23
2016-06-22,30.9,35.2,26.7,69,12.3,8.0,129,1.4,19.52
2016-06-23,32.8,37.7,27.8,63,10.5,6.5,170,0.0,22.4
2016-06-24,33.8,38.8,28.6,58,12.8,7.8,318,0.6,20.38
2016-06-25,34.2,38.9,29.9,59,17.3,12.6,108,0.0,24.12
2016-06-26,32.3,36.5,27.3,65,15.8,12.0,110,3.1,21.24
2016-06-27,32.1,37.0,27.0,67,14.6,9.5,112,3.3,19.17
2016-06-28,30.1,34.2,26.2,77,14.5,9.6,96,10.4,16.64
2016-06-29,32.0,36.1,27.1,70,13.4,9.2,91,10.5,21.68
2016-06-30,33.1,37.8,27.9,66,14.1,7.0,101,0.4,21.65
2016-07-01,31.8,36.0,27.2,73,16.4,10.8,148,23.3,15.29
2016-07-02,27.7,30.7,26.0,86,13.7,8.4,115,67.9,9.5
2016-07-03,26.9,30.2,25.4,91,13.1,7.8,98,15.1,8.55
2016-07-04,28.8,32.7,25.3,81,6.6,4.2,67,1.2,17.63
2016-07-05,31.0,34.7,26.9,75,9.5,5.5,266,0.3,23.09
2016-07-06,30.0,33.4,27.1,79,12.0,7.4,166,2.6,21.37
2016-07-07,30.3,33.5,26.6,76,13.7,8.7,147,1.5,19.62
2016-07-08,30.8,34.4,27.1,76,10.1,6.1,157,2.5,20.11
2016-07-09,30.5,34.5,27.4,76,11.1,7.8,116,1.3,19.66
2016-07-10,31.1,34.4,27.6,75,8.7,5.6,144,0.0,21.11
2016-07-11,29.3,33.0,26.8,82,13.5,9.4,127,4.3,15.01
2016-07-12,29.0,32.0,26.0,83,15.5,9.8,109,15.6,15.87
2016-07-13,29.4,33.0,26.9,80,13.3,7.8,105,3.9,16.63
2016-07-14,29.0,32.7,27.1,86,6.7,4.3,144,22.2,15.0
2016-07-15,28.0,32.1,25.6,89,14.1,5.8,235,31.3,11.02
2016-07-16,26.5,27.4,25.8,95,8.2,5.3,20,75.4,3.1
2016-07-17,26.0,26.8,25.4,94,14.0,9.1,322,50.8,3.7
2016-07-18,28.2,32.8,25.0,85,16.0,8.1,276,5.7,15.65
2016-07-19,29.6,34.1,25.8,78,18.8,11.6,281,1.9,23.47
2016-07-20,30.8,34.8,27.4,70,17.4,12.0,276,0.0,24.43
2016-07-21,31.2,35.3,28.4,69,14.4,10.4,249,0.5,22.04
2016-07-22,30.9,34.6,26.9,73,12.8,6.0,205,0.6,20.36
2016-07-23,28.8,32.0,26.9,81,12.7,9.7,110,5.0,17.29
2016-07-24,28.8,32.3,25.7,83,10.2,6.0,117,3.1,17.5
2016-07-25,29.2,33.1,25.5,84,8.6,4.8,145,7.4,17.51
2016-07-26,28.0,31.3,26.0,87,15.5,12.2,124,4.2,14.21
2016-07-27,27.2,29.5,25.7,86,20.3,12.1,109,6.5,12.09
2016-07-28,26.7,30.0,24.9,89,12.2,7.1,89,18.9,8.64
2016-07-29,25.8,27.0,24.7,94,8.7,6.5,102,18.7,6.29
2016-07-30,26.6,29.6,24.8,90,11.2,6.4,100,8.3,11.64
2016-07-31,26.8,29.0,24.7,89,8.7,5.9,73,7.6,10.39
2016-08-01,26.9,29.2,25.1,89,16.4,9.9,95,12.5,13.89
2016-08-02,27.5,31.9,24.7,86,13.3,10.8,102,10.6,14.99
2016-08-03,29.2,32.9,25.7,79,15.6,9.8,96,0.0,22.02
2016-08-04,29.6,33.6,27.2,79,13.5,9.6,97,4.8,20.83
2016-08-05,30.1,33.7,27.3,80,10.3,7.8,106,1.1,21.33
2016-08-06,28.6,31.3,27.1,85,17.4,11.9,78,1.0,11.79
2016-08-07,28.9,33.0,26.0,80,14.2,9.8,83,2.7,20.21
2016-08-08,29.0,32.5,26.8,81,17.6,11.3,83,4.7,19.35
2016-08-09,27.8,30.5,25.9,85,18.4,11.1,98,6.3,13.47
2016-08-10,27.3,30.4,25.8,88,14.7,11.1,93,10.5,12.81
2016-08-11,26.8,30.4,25.2,90,10.3,7.5,108,14.1,9.25
2016-08-12,27.2,30.7,25.1,89,8.6,5.0,41,11.9,11.77
2016-08-13,27.8,31.8,25.3,88,5.8,3.5,289,11.4,11.83
2016-08-14,27.7,30.9,25.3,89,12.5,6.5,273,13.9,9.99
2016-08-15,29.0,33.1,25.9,80,15.8,11.1,276,2.6,20.72
2016-08-16,29.4,33.4,26.0,73,17.4,13.5,280,0.8,23.18
2016-08-17,28.1,29.8,26.4,76,17.7,6.8,300,0.2,10.25
2016-08-18,27.7,30.1,25.8,87,7.6,4.7,8,7.1,9.93
2016-08-19,28.9,32.3,25.9,82,10.5,6.1,9,1.3,19.65
2016-08-20,28.6,31.6,26.3,80,22.1,13.6,96,2.9,15.43
2016-08-21,27.9,30.6,25.4,78,16.7,12.0,118,0.0,16.15
2016-08-22,27.9,31.6,24.2,79,16.1,9.7,110,0.0,19.2
2016-08-23,28.4,31.0,25.8,82,11.3,7.5,100,0.1,17.82
2016-08-24,27.3,29.7,26.1,85,19.1,14.1,95,12.8,9.08
2016-08-25,28.4,32.3,25.5,85,11.0,7.4,127,1.3,20.74
2016-08-26,28.9,32.9,26.1,82,11.7,4.6,160,1.5,19.92
2016-08-27,28.4,32.5,25.0,86,14.5,8.4,82,6.5,17.48
2016-08-28,29.0,32.9,26.3,84,12.3,7.5,106,6.3,19.92
2016-08-29,27.5,31.7,25.5,89,12.2,5.3,325,13.7,12.65
2016-08-30,27.1,31.4,24.4,88,7.5,3.3,244,24.3,12.03
2016-08-31,26.8,30.0,25.0,91,9.4,6.1,128,18.5,11.85
2016-09-01,27.0,31.3,24.5,88,8.8,5.9,157,7.3,13.17
2016-09-02,28.2,31.7,25.1,80,17.3,10.7,296,0.4,19.38
2016-09-03,28.2,31.3,25.6,74,21.4,15.5,284,0.2,20.58
2016-09-04,28.2,32.0,24.7,73,16.3,13.7,272,0.0,21.9
2016-09-05,27.9,31.6,24.4,72,17.8,14.6,274,0.1,20.72
2016-09-06,28.2,31.6,25.3,70,21.5,15.6,275,0.0,20.83
2016-09-07,28.3,32.1,24.9,68,16.6,12.9,277,0.0,20.52
2016-09-08,28.4,32.1,25.2,68,16.3,12.1,284,0.1,19.48
2016-09-09,28.8,33.0,25.1,68,16.0,12.4,277,0.0,21.71
2016-09-10,29.0,33.1,25.5,65,17.1,13.3,273,0.0,22.23
2016-09-11,28.9,32.9,25.4,64,15.6,11.5,273,0.0,21.45
2016-09-12,28.8,32.5,25.5,65,16.2,11.3,277,0.0,19.43
2016-09-13,29.0,33.0,25.1,70,9.2,6.5,317,0.0,19.6
2016-09-14,27.9,31.9,24.2,79,9.2,6.5,65,0.1,19.85
2016-09-15,28.7,33.1,25.0,75,8.8,4.7,28,0.0,20.17
2016-09-16,29.1,33.6,25.2,73,11.6,5.7,20,0.0,21.02
2016-09-17,28.7,32.7,24.0,73,7.4,4.3,72,0.0,19.64
2016-09-18,28.7,33.0,24.5,76,11.2,6.6,110,0.0,20.01
2016-09-19,29.0,33.2,24.4,74,6.9,3.8,140,0.0,19.22
2016-09-20,30.0,34.6,25.3,67,7.6,5.3,143,0.0,19.9
2016-09-21,29.6,34.4,26.1,72,15.9,10.2,105,0.0,19.23
2016-09-22,26.9,30.2,23.9,84,19.2,13.1,108,2.0,11.23
2016-09-23,27.4,31.9,22.9,78,9.0,5.0,100,0.0,19.8
2016-09-24,28.1,31.8,24.5,78,9.4,6.0,108,0.2,18.96
2016-09-25,27.6,31.7,23.6,76,9.0,6.0,97,0.0,18.51
2016-09-26,28.2,32.5,24.3,75,10.2,5.7,108,0.2,18.67
2016-09-27,28.5,32.8,24.4,75,10.7,6.1,122,0.0,18.76
2016-09-28,29.1,33.7,24.2,70,9.8,5.7,114,0.0,19.09
2016-09-29,29.0,33.2,24.9,74,9.0,5.7,116,0.1,19.16
2016-09-30,29.1,33.5,24.4,72,8.2,4.3,126,0.0,19.27
2016-10-01,29.7,33.7,25.6,71,10.7,5.7,131,0.0,17.57
2016-10-02,29.7,33.8,26.3,73,9.3,6.2,99,0.3,17.46
2016-10-03,29.3,33.1,25.4,77,12.2,4.9,94,1.7,14.99
2016-10-04,29.1,33.0,25.5,78,7.6,4.0,61,1.7,16.53
2016-10-05,28.0,31.4,24.7,81,8.5,5.3,37,7.7,13.36
2016-10-06,28.2,31.8,24.3,78,7.1,4.4,72,0.0,17.74
2016-10-07,28.5,33.6,24.2,72,11.7,6.3,321,0.0,18.71
2016-10-08,28.3,33.9,23.1,65,15.6,7.7,332,0.0,19.35
2016-10-09,28.0,34.0,21.7,64,10.0,5.7,257,0.0,18.53
2016-10-10,27.3,32.6,22.7,58,10.7,7.0,309,0.0,18.66
2016-10-11,26.6,33.4,19.7,52,14.3,9.3,303,0.0,19.93
2016-10-12,26.4,33.7,19.3,50,15.3,9.5,297,0.0,19.9
2016-10-13,26.0,34.0,18.3,47,14.8,9.2,290,0.0,19.95
2016-10-14,25.3,33.3,17.3,47,11.3,7.3,300,0.0,19.9
2016-10-15,25.3,32.9,17.5,53,11.8,7.3,308,0.0,19.74
2016-10-16,25.5,33.1,17.9,52,10.2,7.6,312,0.0,19.41
2016-10-17,25.7,33.1,18.4,52,12.2,7.4,296,0.0,19.3
2016-10-18,24.8,32.6,17.2,52,11.5,7.2,303,0.0,19.33
2016-10-19,24.9,32.9,17.1,53,10.2,6.7,282,0.0,19.11
2016-10-20,25.5,33.6,18.7,42,14.2,9.4,276,0.0,19.05
2016-10-21,25.9,33.3,19.7,43,15.8,10.9,288,0.0,18.48
2016-10-22,25.9,33.6,19.8,46,17.4,11.3,292,0.0,18.54
2016-10-23,25.3,32.7,18.8,49,20.6,11.5,296,0.0,18.52
2016-10-24,25.2,32.6,18.4,49,17.6,9.7,287,0.0,18.41
2016-10-25,25.3,32.8,19.4,49,16.6,10.4,298,0.0,18.0
2016-10-26,24.9,32.7,17.3,55,13.0,7.2,325,0.0,18.0
2016-10-27,23.9,31.7,16.2,55,13.1,8.8,324,0.0,18.32
2016-10-28,23.7,30.9,16.7,49,11.9,7.7,293,0.0,18.28
2016-10-29,23.8,30.9,17.9,50,8.9,5.7,110,0.0,17.89
2016-10-30,23.3,30.2,16.4,62,9.4,6.4,80,0.0,16.65
2016-10-31,23.6,29.6,18.8,62,9.6,5.6,39,0.0,17.41
2016-11-01,22.7,29.3,15.8,64,9.6,6.0,328,0.0,17.43
2016-11-02,23.1,29.7,16.2,64,9.4,6.2,334,0.0,17.19
2016-11-03,23.1,29.7,15.5,63,8.2,5.7,340,0.0,17.16
2016-11-04,22.6,29.8,15.4,63,10.9,6.7,304,0.0,17.02
2016-11-05,22.5,29.5,15.7,62,15.0,8.4,305,0.0,16.73
2016-11-06,22.3,29.5,15.0,60,10.8,7.1,327,0.0,16.99
2016-11-07,22.1,29.5,15.6,57,16.3,9.5,306,0.0,16.84
2016-11-08,22.4,29.3,17.1,50,17.7,12.9,295,0.0,17.1
2016-11-09,21.7,29.5,15.1,51,13.9,9.5,299,0.0,17.05
2016-11-10,21.0,29.3,13.3,59,10.0,7.1,323,0.0,16.82
2016-11-11,21.0,28.9,13.7,64,9.5,7.4,111,0.0,16.53
2016-11-12,21.6,29.3,14.7,60,10.0,7.6,134,0.0,16.24
2016-11-13,21.9,28.5,15.6,58,8.7,4.9,134,0.0,15.3
2016-11-14,21.9,27.7,17.0,61,8.0,4.7,11,0.0,12.33
2016-11-15,21.3,27.2,16.9,52,9.4,6.7,335,0.0,14.76
2016-11-16,20.1,27.1,14.0,52,12.5,8.7,312,0.0,16.03
2016-11-17,20.0,27.5,14.0,50,18.4,12.5,297,0.0,16.14
2016-11-18,20.1,27.1,14.4,55,14.1,10.4,292,0.0,15.86
2016-11-19,19.6,26.9,13.1,58,9.5,7.0,291,0.0,15.82
2016-11-20,19.7,27.6,13.2,62,10.1,6.4,134,0.0,15.64
2016-11-21,20.4,28.7,13.0,60,10.8,7.1,269,0.0,15.64
2016-11-22,20.6,28.8,13.2,53,14.9,9.9,290,0.0,15.51
2016-11-23,20.7,28.1,14.8,58,12.2,10.5,295,0.0,15.5
2016-11-24,20.0,27.8,13.0,56,15.5,10.2,307,0.0,15.31
2016-11-25,21.3,28.7,15.3,43,23.1,17.8,302,0.0,15.24
2016-11-26,22.0,29.4,16.9,39,22.4,17.4,300,0.0,15.19
2016-11-27,21.5,29.2,15.7,42,20.8,14.8,299,0.0,15.11
2016-11-28,20.9,28.1,16.1,41,16.0,12.6,299,0.0,15.16
2016-11-29,18.7,26.5,11.2,55,9.7,6.2,10,0.0,14.99
2016-11-30,19.1,26.3,12.2,71,9.6,8.1,112,0.0,14.55
2016-12-01,19.9,26.0,14.2,75,9.2,6.0,73,0.0,14.21
2016-12-02,19.2,25.3,13.7,72,9.2,5.8,309,0.0,14.54
2016-12-03,18.2,25.6,11.5,62,8.0,6.6,291,0.0,14.88
2016-12-04,17.7,25.2,10.8,59,9.7,7.5,292,0.0,14.71
2016-12-05,18.0,25.3,11.3,63,10.6,8.1,291,0.0,14.5
2016-12-06,18.1,25.2,11.4,68,9.1,5.8,346,0.0,14.39
2016-12-07,18.2,24.7,11.0,72,6.6,4.8,350,0.0,14.34
2016-12-08,17.8,24.4,10.9,73,7.0,4.2,141,0.0,14.28
2016-12-09,18.2,25.2,11.4,71,8.8,4.4,225,0.0,14.14
2016-12-10,18.6,25.6,11.8,74,9.4,7.8,160,0.0,13.81
2016-12-11,19.2,25.7,12.7,71,9.6,5.7,269,0.0,13.9
2016-12-12,18.7,25.4,12.4,68,9.5,7.0,312,0.0,14.13
2016-12-13,18.1,24.4,12.2,72,12.1,7.3,316,0.0,13.0
2016-12-14,17.3,23.8,12.5,69,12.0,9.3,316,0.0,14.07
2016-12-15,16.3,23.3,10.9,61,18.0,11.4,293,0.0,14.39
2016-12-16,15.3,22.6,8.4,64,9.9,7.6,316,0.0,14.26
2016-12-17,15.2,22.3,9.1,66,11.0,8.0,313,0.0,14.04
2016-12-18,15.0,22.1,9.0,64,10.5,8.4,308,0.0,14.52
2016-12-19,15.3,23.1,8.7,63,15.1,11.1,298,0.0,14.48
2016-12-20,17.2,24.3,12.1,57,21.1,16.7,296,0.0,14.56
2016-12-21,17.3,24.9,11.7,52,18.2,14.8,292,0.0,14.68
2016-12-22,16.4,23.1,9.9,60,11.8,7.5,317,0.0,14.39
2016-12-23,16.7,23.8,10.3,68,5.7,3.2,320,0.0,14.35
2016-12-24,16.1,23.8,9.5,73,12.7,9.6,125,0.0,14.06
2016-12-25,16.2,21.6,11.9,78,13.4,9.1,218,0.0,13.51
2016-12-26,16.1,22.6,11.4,73,13.5,11.5,309,0.0,14.16
2016-12-27,15.7,22.9,9.7,63,12.7,10.2,300,0.0,14.4
2016-12-28,15.8,23.4,8.4,68,9.2,6.3,292,0.0,13.96
2016-12-29,15.8,23.0,9.6,76,10.5,8.7,122,0.0,13.76
2016-12-30,16.0,22.1,11.2,80,11.9,9.1,118,0.0,13.98
2016-12-31,15.6,21.5,10.6,79,13.2,9.3,125,0.0,13.53
2017-01-01,15.7,22.0,11.3,80,13.0,9.1,99,0.0,12.09
2017-01-02,15.5,21.7,10.7,82,10.8,7.0,22,0.0,12.45
2017-01-03,16.1,22.5,10.4,75,9.4,5.2,303,0.0,13.48
2017-01-04,16.6,23.0,10.3,74,9.7,5.8,178,0.0,13.88
2017-01-05,16.7,23.4,10.9,78,9.6,6.6,201,0.0,14.08
2017-01-06,16.8,23.0,12.4,77,18.1,10.8,143,1.8,13.05
2017-01-07,14.6,19.4,11.4,87,16.0,10.7,118,5.4,9.23
2017-01-08,13.6,18.4,10.6,81,11.4,8.0,44,0.0,12.07
2017-01-09,13.0,19.2,8.4,72,12.4,9.5,339,0.0,14.67
2017-01-10,11.0,16.7,6.4,60,17.6,10.9,303,0.0,15.53
2017-01-11,9.7,16.0,4.6,58,17.1,10.7,292,0.0,15.41
2017-01-12,10.1,16.9,4.2,64,11.8,8.9,307,0.0,15.41
2017-01-13,10.5,17.9,5.0,66,12.0,9.2,320,0.0,15.54
2017-01-14,11.3,18.5,4.4,64,10.7,7.5,316,0.0,15.17
2017-01-15,13.8,20.3,8.3,63,10.5,6.7,176,0.0,15.24
2017-01-16,14.5,19.6,10.5,62,15.5,11.6,285,0.2,14.92
2017-01-17,10.7,16.6,6.0,76,12.3,9.7,301,0.0,15.42
2017-01-18,11.5,19.1,5.2,73,11.1,8.8,332,0.0,15.71
2017-01-19,12.9,20.8,7.1,66,16.4,13.5,320,0.0,15.69
2017-01-20,12.0,19.3,6.5,68,14.7,12.3,297,0.0,14.68
2017-01-21,13.2,19.8,7.3,66,12.1,9.5,294,0.1,11.92
2017-01-22,15.7,22.9,9.7,73,9.7,8.0,328,0.0,15.21
2017-01-23,16.3,23.5,10.6,71,12.8,9.2,313,0.0,15.67
2017-01-24,16.9,24.9,10.4,71,10.2,6.7,345,0.0,15.18
2017-01-25,18.4,25.2,13.7,75,22.0,12.9,124,12.8,11.6
2017-01-26,16.3,19.0,13.7,90,19.1,11.8,122,33.3,3.52
2017-01-27,14.7,17.9,12.4,81,19.4,12.9,282,1.8,10.79
2017-01-28,14.2,19.7,10.1,82,13.6,10.0,305,0.0,16.1
2017-01-29,14.9,21.0,11.0,82,16.9,12.4,290,0.0,16.51
2017-01-30,14.8,20.8,10.1,84,8.7,7.3,285,0.0,16.49
2017-01-31,15.6,21.2,11.1,84,12.5,6.9,327,0.0,14.65
2017-02-01,14.7,20.6,9.8,81,11.7,9.0,299,0.0,16.89
2017-02-02,14.7,21.4,9.2,79,11.0,6.3,326,0.0,16.91
2017-02-03,14.7,22.2,9.3,82,10.1,6.9,335,0.0,15.98
2017-02-04,16.8,22.6,11.7,79,22.2,14.6,126,0.0,14.95
2017-02-05,17.7,21.8,14.6,79,23.5,13.0,117,3.2,13.5
2017-02-06,16.2,21.8,11.8,78,16.8,10.7,310,0.1,16.69
2017-02-07,14.3,20.0,9.7,73,16.8,11.4,301,0.0,17.88
2017-02-08,14.8,21.4,9.2,73,10.8,8.2,297,0.0,17.9
2017-02-09,14.7,20.7,9.5,72,17.7,10.9,323,0.0,17.83
2017-02-10,14.5,21.1,9.9,68,18.9,12.4,303,0.0,18.55
2017-02-11,14.0,21.4,8.0,70,11.2,8.1,311,0.0,18.82
2017-02-12,15.0,22.1,8.4,72,10.8,7.6,354,0.0,18.62
2017-02-13,15.8,23.0,9.9,68,12.7,9.3,316,0.0,18.98
2017-02-14,16.4,24.0,10.2,65,14.5,10.5,295,0.0,19.05
2017-02-15,17.6,25.1,11.1,65,13.2,9.7,292,0.0,18.73
2017-02-16,19.9,27.4,13.3,61,18.3,12.7,301,0.0,18.42
2017-02-17,20.1,27.2,15.0,64,16.4,12.0,299,0.0,14.4
2017-02-18,20.6,28.5,14.2,66,15.6,10.2,304,0.0,18.65
2017-02-19,21.5,28.6,15.1,62,16.0,8.9,308,0.0,18.41
2017-02-20,22.4,29.4,16.4,63,15.5,7.6,161,0.0,18.08
2017-02-21,19.4,25.4,14.7,64,18.1,10.3,276,0.0,18.13
2017-02-22,18.9,25.5,12.9,57,11.8,8.9,320,0.0,20.14
2017-02-23,17.9,24.7,11.4,44,22.7,13.8,310,0.0,20.7
2017-02-24,18.3,25.2,12.4,37,27.3,17.7,303,0.0,20.84
2017-02-25,19.3,26.8,13.1,39,24.5,16.9,295,0.0,20.48
2017-02-26,18.8,26.4,12.9,46,20.7,13.2,297,0.0,20.94
2017-02-27,19.4,27.4,12.2,48,16.2,11.2,302,0.0,20.76
2017-02-28,22.0,29.2,15.3,47,9.8,5.6,4,0.0,19.79
2017-03-01,22.2,28.0,18.4,56,11.8,7.3,357,2.9,18.26
2017-03-02,20.3,27.6,14.5,62,14.0,7.4,341,1.3,19.11
2017-03-03,19.7,26.4,13.5,46,16.9,10.3,329,0.0,20.11
2017-03-04,18.4,25.1,12.2,43,17.3,11.4,306,0.0,22.04
2017-03-05,18.8,26.7,12.0,43,20.9,13.4,301,0.0,21.97
2017-03-06,19.4,26.9,12.5,43,19.2,11.9,297,0.0,21.76
2017-03-07,20.5,27.5,13.5,46,14.7,8.0,351,0.0,19.86
2017-03-08,20.5,25.9,16.5,50,21.3,11.3,55,1.2,19.1
2017-03-09,19.1,25.9,14.1,64,14.6,9.6,68,0.3,19.14
2017-03-10,17.1,22.6,13.3,77,17.5,11.1,131,12.1,18.52
2017-03-11,16.1,21.7,12.0,76,19.2,10.0,75,1.3,20.11
2017-03-12,15.9,21.6,10.3,63,17.3,9.6,327,0.0,22.36
2017-03-13,16.2,22.8,10.3,53,17.8,11.7,314,0.0,23.11
2017-03-14,17.5,24.5,9.7,53,12.5,8.2,334,0.0,21.55
2017-03-15,18.9,26.9,11.3,54,15.3,9.7,313,0.0,22.96
2017-03-16,20.3,27.2,13.6,52,15.2,8.3,318,0.0,19.38
2017-03-17,19.8,26.4,13.8,56,21.1,11.4,315,0.0,23.03
2017-03-18,20.5,27.9,13.7,50,11.3,8.8,313,0.0,23.02
2017-03-19,21.5,29.4,15.9,55,19.2,7.8,296,1.3,20.97
2017-03-20,21.8,29.5,15.2,56,19.3,11.7,287,0.0,24.02
2017-03-21,23.5,32.1,16.0,48,16.8,11.9,290,0.0,23.44
2017-03-22,25.5,33.9,18.0,48,18.0,12.3,290,0.0,23.58
2017-03-23,25.8,34.6,17.8,50,23.2,7.8,279,0.2,22.28
2017-03-24,26.0,33.4,19.4,47,16.9,12.2,319,0.0,23.42
2017-03-25,25.4,32.7,17.6,41,20.7,12.8,307,0.0,24.03
2017-03-26,26.7,34.0,19.7,38,23.0,15.1,296,0.0,24.27
2017-03-27,28.4,36.0,21.7,40,26.5,16.9,304,0.0,24.12
2017-03-28,28.9,36.8,21.3,43,19.6,12.0,309,0.0,24.06
2017-03-29,29.7,37.4,22.7,39,20.4,14.2,297,0.0,23.91
2017-03-30,29.8,37.3,22.8,36,20.2,13.6,299,0.0,24.42
2017-03-31,30.0,37.3,22.9,39,12.4,10.8,294,0.0,23.5
2017-04-01,29.8,37.7,22.4,35,25.1,12.9,302,0.0,21.66
2017-04-02,29.4,37.0,22.2,29,20.2,13.4,300,0.0,25.05
2017-04-03,29.1,37.5,21.3,31,20.1,10.6,300,0.0,23.54
2017-04-04,29.0,36.5,21.2,32,16.6,10.5,15,0.0,24.0
2017-04-05,28.3,34.6,23.2,41,30.5,20.4,112,1.1,19.81
2017-04-06,28.7,36.4,21.0,40,23.7,17.5,165,0.0,25.44
2017-04-07,26.4,33.2,19.2,40,18.4,10.2,8,0.0,25.3
2017-04-08,25.5,32.8,17.4,24,14.5,10.2,305,0.0,26.83
2017-04-09,25.6,31.8,19.6,22,24.2,17.4,316,0.0,26.86
2017-04-10,25.9,33.3,18.9,22,31.8,20.5,303,0.0,26.86
2017-04-11,28.1,36.4,20.1,24,29.9,19.1,299,0.0,26.55
2017-04-12,29.5,38.4,21.4,26,25.5,15.6,306,0.0,26.43
2017-04-13,30.3,38.5,20.7,27,12.6,8.8,322,0.0,26.78
2017-04-14,30.9,39.1,23.6,28,11.9,8.6,160,0.0,26.18
2017-04-15,31.3,39.9,22.2,27,18.8,10.2,296,0.0,26.7
2017-04-16,31.0,39.7,23.2,31,15.1,8.7,340,0.0,26.76
2017-04-17,31.9,40.6,24.6,38,16.0,10.7,107,0.0,26.34
2017-04-18,32.7,41.4,23.6,35,16.7,8.8,279,0.0,26.42
2017-04-19,33.7,41.6,25.7,20,15.8,11.2,287,0.0,26.8
2017-04-20,33.7,41.5,24.3,25,22.9,9.7,278,0.0,25.85
2017-04-21,33.3,40.9,25.9,38,18.7,10.8,145,0.0,25.28
2017-04-22,32.5,40.5,27.1,47,21.4,8.6,18,2.0,24.75
2017-04-23,31.4,38.8,24.7,38,21.3,10.8,298,0.0,24.71
2017-04-24,30.4,37.0,24.1,31,27.2,11.6,300,2.1,23.05
2017-04-25,30.5,37.1,23.4,24,22.7,13.3,301,0.0,25.95
2017-04-26,29.9,37.5,22.3,23,24.7,10.3,277,0.0,25.57
2017-04-27,30.6,38.4,22.9,24,16.5,8.4,309,0.0,26.08
2017-04-28,30.4,38.3,22.7,29,18.3,9.5,287,0.3,24.61
2017-04-29,30.8,38.2,23.9,30,13.6,7.1,183,0.0,23.12
2017-04-30,30.0,37.1,23.4,34,25.5,12.1,110,0.1,25.1
2017-05-01,29.9,36.9,22.0,31,13.4,7.4,25,0.0,27.97
2017-05-02,31.9,38.4,24.8,22,10.8,5.7,255,0.0,26.05
2017-05-03,31.6,38.2,26.4,25,15.9,8.9,225,0.0,20.32
2017-05-04,31.6,38.5,25.8,25,25.5,12.9,284,0.0,27.57
2017-05-05,31.7,39.1,23.2,26,17.7,10.4,310,0.0,27.77
2017-05-06,33.2,40.7,24.7,24,17.7,9.2,313,0.0,27.67
2017-05-07,34.5,42.1,25.2,23,21.4,8.6,306,0.0,27.12
2017-05-08,34.2,42.1,26.0,23,16.4,8.1,319,0.0,26.27
2017-05-09,33.7,42.1,25.6,32,21.5,13.4,107,0.0,25.36
2017-05-10,32.3,39.8,26.9,44,21.5,14.5,117,1.8,25.88
2017-05-11,33.6,39.9,27.1,38,18.8,10.6,100,0.0,24.6
2017-05-12,33.1,40.4,26.4,37,24.0,9.1,38,1.4,23.09
2017-05-13,33.6,40.3,26.1,33,20.0,9.4,320,0.1,25.21
2017-05-14,35.0,42.6,26.8,23,19.4,9.9,300,0.0,26.25
2017-05-15,35.2,42.6,27.3,22,16.8,9.6,269,0.0,27.87
2017-05-16,33.8,40.6,27.3,28,22.1,11.8,314,0.7,25.21
2017-05-17,31.1,35.9,25.4,40,14.7,8.0,295,1.0,20.53
2017-05-18,31.5,38.5,25.7,43,18.8,9.5,179,0.4,24.1
2017-05-19,33.1,40.8,26.3,38,23.5,8.3,229,0.0,25.06
2017-05-20,33.1,39.9,25.9,31,16.2,8.0,266,0.0,25.95
2017-05-21,32.4,39.4,25.8,34,16.9,9.5,291,0.0,24.62
2017-05-22,30.7,37.7,24.3,44,17.3,7.1,285,0.9,25.46
2017-05-23,31.5,37.8,25.1,42,17.0,9.4,288,0.1,24.31
2017-05-24,33.0,39.6,25.9,40,16.0,8.8,133,0.2,26.53
2017-05-25,33.5,40.7,27.5,39,16.1,8.0,97,0.0,24.55
2017-05-26,35.4,42.6,27.8,33,19.8,10.5,115,0.0,25.87
2017-05-27,32.9,40.8,28.3,46,21.6,15.7,121,0.2,26.01
2017-05-28,32.4,38.0,27.9,51,24.5,16.8,122,0.3,26.28
2017-05-29,29.9,35.5,25.4,57,21.3,13.8,124,2.4,25.15
2017-05-30,30.0,35.3,24.6,61,15.8,7.3,101,0.5,24.06
2017-05-31,30.9,37.2,26.2,57,18.9,12.4,132,0.2,24.73
2017-06-01,31.4,37.8,26.8,55,18.4,7.4,304,0.0,26.63
2017-06-02,32.6,39.4,24.9,43,15.6,8.9,273,0.0,27.93
2017-06-03,35.2,42.0,27.2,35,19.5,12.2,292,0.0,28.03
2017-06-04,37.3,44.1,29.7,26,23.8,16.4,275,0.0,27.76
2017-06-05,37.9,42.9,34.0,29,28.1,19.3,271,0.0,24.39
2017-06-06,36.8,40.8,32.1,36,29.8,16.4,276,0.3,24.05
2017-06-07,31.7,36.5,26.9,57,25.1,13.0,102,0.6,22.53
2017-06-08,31.4,35.7,27.0,57,19.7,6.4,146,3.8,23.55
2017-06-09,31.0,36.7,26.4,55,15.0,6.4,230,0.3,22.53
2017-06-10,32.2,38.9,26.1,51,14.9,6.4,288,0.6,25.25
2017-06-11,32.1,38.1,25.8,46,13.7,7.0,314,0.2,25.84
2017-06-12,32.8,38.9,25.7,42,21.2,10.6,303,0.0,25.58
2017-06-13,33.7,40.9,27.0,37,19.4,9.8,267,0.1,24.3
2017-06-14,34.4,41.0,27.1,35,19.1,12.2,264,0.4,24.61
2017-06-15,32.9,39.1,27.4,48,15.9,10.6,285,2.2,24.24
2017-06-16,31.0,36.6,24.2,49,11.8,6.6,136,0.4,21.64
2017-06-17,30.5,37.0,24.7,61,18.1,7.2,203,7.0,23.13
2017-06-18,30.8,36.5,25.2,66,21.1,8.7,262,3.1,22.55
2017-06-19,31.4,35.6,26.9,65,19.8,11.7,266,5.5,21.2
2017-06-20,29.7,34.9,25.0,70,12.8,5.6,64,10.2,21.2
2017-06-21,28.7,33.0,24.0,71,18.3,10.0,272,2.4,21.8
2017-06-22,29.1,34.2,25.0,68,16.2,8.3,271,0.0,23.31
2017-06-23,29.3,33.1,25.4,71,17.1,7.5,281,5.5,22.36
2017-06-24,31.6,35.8,26.2,60,8.6,4.5,247,0.0,23.42
2017-06-25,33.1,36.8,29.2,58,12.3,8.2,107,0.2,22.77
2017-06-26,33.5,37.0,29.0,60,15.6,11.5,102,2.3,22.46
2017-06-27,32.9,36.7,28.1,62,18.6,11.6,114,1.1,21.89
2017-06-28,29.4,33.5,26.8,80,19.1,12.7,90,24.1,16.41
2017-06-29,27.8,31.1,25.7,85,21.4,12.6,120,3.6,12.49
2017-06-30,27.8,30.4,25.9,86,14.3,7.8,140,15.1,12.42
2017-07-01,28.6,31.1,26.4,85,10.0,5.8,116,10.5,11.67
2017-07-02,27.9,30.3,25.6,86,15.6,9.3,116,12.4,10.93
2017-07-03,29.2,32.9,26.0,82,12.8,6.1,157,3.5,19.13
2017-07-04,30.8,34.6,27.6,75,24.8,14.9,271,3.8,19.71
2017-07-05,30.8,34.5,27.6,71,18.8,12.3,256,0.4,24.55
2017-07-06,30.1,34.4,27.0,72,15.9,8.5,250,1.0,14.55
2017-07-07,29.9,34.5,25.7,75,12.7,9.2,165,1.7,21.41
2017-07-08,31.0,34.6,26.7,72,15.3,8.0,286,0.1,23.31
2017-07-09,32.2,36.4,28.3,64,22.0,11.0,275,0.0,22.41
2017-07-10,32.0,36.3,29.0,60,21.7,13.5,254,0.4,20.55
2017-07-11,30.4,34.7,27.5,69,13.7,9.8,204,1.4,18.96
2017-07-12,28.2,30.8,26.0,78,16.1,12.1,135,1.1,12.64
2017-07-13,29.2,32.4,26.0,72,21.0,12.9,95,0.6,18.04
2017-07-14,29.7,32.9,27.1,73,18.1,13.5,92,0.6,19.5
2017-07-15,29.5,32.5,27.1,76,16.2,12.7,106,9.6,16.16
2017-07-16,29.8,32.8,27.1,79,15.1,9.4,109,5.1,17.28
2017-07-17,29.7,33.2,27.5,80,19.2,8.3,97,5.8,16.42
2017-07-18,30.2,33.8,27.0,79,11.7,6.6,117,4.3,18.67
2017-07-19,31.5,35.2,27.7,73,11.8,6.3,48,2.0,21.67
2017-07-20,29.4,32.3,25.5,78,16.6,11.0,104,14.0,15.27
2017-07-21,29.7,32.7,27.8,76,19.1,12.2,92,5.7,17.54
2017-07-22,28.4,31.2,26.6,79,23.4,18.3,98,1.8,15.59
2017-07-23,28.0,32.2,25.6,82,23.2,17.9,100,5.3,18.08
2017-07-24,27.6,30.5,25.1,84,21.4,15.1,109,6.3,14.55
2017-07-25,27.7,31.3,25.2,83,19.6,13.8,105,5.6,13.99
2017-07-26,28.7,31.8,25.4,80,17.2,10.5,112,0.7,17.22
2017-07-27,29.4,32.8,26.3,75,19.8,11.9,103,1.9,18.87
2017-07-28,29.1,32.1,27.0,76,22.4,14.2,94,0.9,16.92
2017-07-29,28.9,31.7,26.6,77,24.9,17.1,115,1.8,13.45
2017-07-30,28.5,31.4,26.3,80,13.8,9.2,157,2.3,15.7
2017-07-31,27.3,31.0,25.7,87,12.0,7.2,233,17.6,10.2
2017-08-01,26.8,28.7,25.5,90,18.0,10.5,256,4.8,7.11
2017-08-02,28.2,31.6,26.1,83,15.5,9.8,277,2.6,12.84
2017-08-03,28.9,31.6,26.2,77,21.9,14.0,274,1.0,12.91
2017-08-04,29.1,32.0,26.7,74,16.9,11.0,258,0.7,14.63
2017-08-05,29.8,33.4,27.1,72,15.0,6.9,261,3.8,19.67
2017-08-06,29.5,32.6,27.5,79,10.0,6.9,284,1.3,14.47
2017-08-07,28.4,31.5,25.8,87,11.4,5.4,170,17.7,12.95
2017-08-08,28.6,32.5,25.9,86,8.8,4.9,125,12.5,15.78
2017-08-09,27.9,30.4,25.7,89,9.7,5.4,188,17.3,10.4
2017-08-10,28.8,32.6,25.7,81,20.5,11.6,266,10.2,15.06
2017-08-11,30.2,34.1,27.5,70,23.0,18.5,268,0.2,20.46
2017-08-12,30.0,33.2,27.6,69,31.3,20.6,262,0.3,18.58
2017-08-13,29.8,33.1,26.8,71,20.2,15.4,249,0.5,19.11
2017-08-14,29.7,33.2,26.5,69,13.2,8.1,247,0.2,20.25
2017-08-15,29.8,32.8,27.1,71,15.6,9.4,270,0.6,20.15
2017-08-16,30.4,34.6,27.2,67,18.8,12.6,280,0.0,22.12
2017-08-17,31.1,35.8,27.7,64,20.2,12.8,274,0.0,22.68
2017-08-18,31.1,35.6,27.5,65,14.9,10.8,310,0.0,22.5
2017-08-19,28.2,30.4,27.0,83,16.5,13.4,109,6.3,11.56
2017-08-20,29.6,33.2,26.1,74,17.4,13.1,103,0.4,19.37
2017-08-21,29.2,32.7,26.7,78,19.3,11.8,103,6.2,18.88
2017-08-22,28.8,32.2,26.6,81,12.6,8.3,104,6.0,15.07
2017-08-23,28.0,31.3,26.5,86,15.6,8.3,114,3.8,12.84
2017-08-24,28.6,32.2,25.6,84,8.7,5.9,137,1.7,17.04
2017-08-25,28.1,30.8,26.2,86,11.7,5.6,117,6.7,17.63
2017-08-26,27.6,31.8,25.3,88,7.9,4.9,67,26.7,16.39
2017-08-27,28.6,32.6,25.4,83,12.9,6.3,78,1.8,20.13
2017-08-28,27.4,29.0,25.9,84,22.0,13.6,87,2.0,10.84
2017-08-29,27.9,31.2,25.8,80,19.4,15.0,87,8.0,13.62
2017-08-30,28.2,30.8,26.4,81,21.0,14.9,100,4.4,14.4
2017-08-31,26.4,28.8,24.7,90,14.6,10.0,124,24.2,10.56
2017-09-01,26.5,30.2,24.9,88,17.6,10.0,225,33.7,11.43
2017-09-02,25.7,28.1,25.0,88,16.2,9.8,253,24.7,3.69
2017-09-03,27.5,31.4,24.4,80,10.5,6.4,273,0.5,19.59
2017-09-04,28.6,32.8,25.3,78,16.7,10.3,279,0.0,20.42
2017-09-05,28.5,32.2,25.3,77,13.5,10.1,277,0.1,19.38
2017-09-06,28.7,32.5,25.9,76,12.6,7.3,261,1.5,18.49
2017-09-07,27.4,31.0,24.1,84,12.2,6.6,295,0.4,17.96
2017-09-08,28.2,32.2,24.9,81,11.6,6.2,314,0.3,20.19
2017-09-09,28.7,32.9,24.7,76,13.5,8.2,297,0.0,20.99
2017-09-10,29.8,34.4,25.6,73,13.0,5.9,180,0.0,21.24
2017-09-11,29.7,34.6,26.0,72,16.5,6.9,329,0.0,19.5
2017-09-12,29.4,33.8,25.7,71,14.4,7.2,292,0.0,20.64
2017-09-13,29.8,34.0,25.9,69,11.4,6.5,283,0.0,20.75
2017-09-14,29.5,33.7,26.0,73,9.5,6.1,342,0.0,16.25
2017-09-15,29.3,34.2,25.0,69,13.2,7.8,329,0.0,20.87
2017-09-16,28.7,33.7,25.3,71,14.3,6.0,333,0.0,16.86
2017-09-17,28.7,33.4,25.8,69,17.4,9.8,320,0.0,16.86
2017-09-18,29.1,34.8,24.1,65,17.1,9.5,327,0.0,21.44
2017-09-19,29.5,33.8,24.8,74,9.5,5.8,82,0.1,18.3
2017-09-20,30.0,35.7,25.2,67,11.2,5.2,39,0.0,21.25
2017-09-21,29.1,33.7,25.1,72,15.8,10.7,109,0.0,18.28
2017-09-22,25.6,27.2,23.9,85,19.8,11.7,43,12.4,4.95
2017-09-23,24.3,26.4,22.8,91,19.9,10.6,331,18.0,3.34
2017-09-24,25.3,30.8,21.0,83,17.9,11.3,315,0.0,20.57
2017-09-25,27.5,33.1,22.5,76,16.1,10.0,310,0.0,20.14
2017-09-26,28.3,33.2,23.7,71,12.7,6.5,300,0.0,19.51
2017-09-27,28.4,34.1,23.6,66,9.7,6.4,202,0.0,19.23
2017-09-28,28.6,33.8,23.8,64,10.2,6.2,271,0.0,18.81
2017-09-29,29.0,33.5,24.1,64,14.1,6.8,340,0.0,18.09
2017-09-30,28.8,34.8,23.4,63,13.9,7.6,321,0.0,20.34
2017-10-01,28.4,35.5,21.8,59,11.9,6.7,256,0.0,20.2
2017-10-02,29.0,35.4,22.5,57,10.3,7.0,273,0.0,19.99
2017-10-03,28.1,34.6,21.7,59,15.3,7.9,350,0.0,19.95
2017-10-04,28.1,34.4,22.0,62,14.1,7.7,348,0.0,19.68
2017-10-05,28.1,34.4,22.5,65,13.8,8.5,11,0.0,19.75
2017-10-06,27.9,34.7,22.8,56,13.4,8.9,343,0.0,19.62
2017-10-07,27.7,33.9,20.9,52,13.4,6.8,321,0.0,19.54
2017-10-08,27.4,34.6,21.5,62,8.9,6.4,33,0.0,19.09
2017-10-09,27.9,35.0,22.4,63,13.0,7.7,93,0.0,18.59
2017-10-10,27.9,34.9,21.9,60,10.7,6.9,74,0.0,18.68
2017-10-11,27.9,34.6,22.3,59,13.0,7.2,81,0.0,17.63
2017-10-12,28.2,34.2,22.4,55,11.0,6.8,335,0.0,18.1
2017-10-13,28.1,34.5,22.2,48,11.9,7.3,296,0.0,18.39
2017-10-14,28.0,35.7,21.6,51,13.0,7.5,322,0.0,18.22
2017-10-15,28.0,35.3,21.1,52,10.2,6.6,348,0.0,18.16
2017-10-16,27.9,35.3,20.9,52,11.3,7.5,351,0.0,18.04
2017-10-17,26.5,33.6,19.8,51,14.7,9.3,325,0.0,18.31
2017-10-18,26.2,33.5,20.1,62,16.1,7.8,339,0.0,17.82
2017-10-19,27.3,34.5,20.6,63,11.6,6.6,39,0.0,17.29
2017-10-20,28.0,34.7,21.6,58,11.3,7.1,27,0.0,15.59
2017-10-21,27.1,34.8,20.4,53,14.6,8.5,335,0.0,17.31
2017-10-22,27.0,35.1,19.8,49,14.1,8.3,161,0.0,15.58
2017-10-23,26.5,33.5,19.2,55,13.7,6.7,28,0.0,15.98
2017-10-24,25.5,33.2,19.5,51,16.3,10.2,310,0.0,17.03
2017-10-25,25.1,32.0,17.9,46,10.0,7.0,303,0.0,16.93
2017-10-26,24.7,32.0,18.0,51,12.2,7.2,132,0.0,16.69
2017-10-27,24.0,30.9,17.9,60,10.4,6.4,130,0.0,15.93
2017-10-28,24.7,31.4,19.0,61,10.0,6.8,83,0.0,16.16
2017-10-29,23.9,30.8,17.5,61,9.4,6.5,80,0.0,15.96
2017-10-30,23.4,29.8,17.4,63,9.6,6.4,16,0.0,15.94
2017-10-31,24.0,30.2,17.9,63,8.7,4.8,78,0.0,15.5
2017-11-01,24.4,30.6,19.7,61,10.3,7.8,130,0.0,14.7
2017-11-02,23.9,30.4,18.3,69,10.5,6.5,76,0.0,15.34
2017-11-03,23.4,29.4,18.2,70,9.5,6.6,69,0.0,15.25
2017-11-04,22.9,29.3,17.8,73,9.6,7.4,82,0.0,15.04
2017-11-05,23.9,29.2,18.5,67,8.3,4.8,69,0.0,15.02
2017-11-06,23.7,29.3,17.9,64,9.2,6.3,314,0.0,14.97
2017-11-07,22.9,28.6,17.3,71,9.4,6.2,342,0.0,14.45
2017-11-08,22.9,29.2,16.3,68,10.3,7.1,330,0.0,14.85
2017-11-09,22.2,29.1,16.6,72,11.6,7.8,354,0.0,14.41
2017-11-10,22.1,28.8,15.9,68,11.5,7.8,2,0.0,14.64
2017-11-11,21.3,27.7,15.2,69,10.8,7.5,353,0.0,14.13
2017-11-12,21.0,27.5,14.9,70,11.5,7.5,322,0.0,14.23
2017-11-13,20.9,27.6,16.4,70,8.8,6.4,105,0.0,14.12
2017-11-14,21.1,27.5,15.9,66,17.6,11.9,121,0.0,13.3
2017-11-15,20.8,26.2,16.6,64,11.1,9.1,97,0.0,11.97
2017-11-16,20.0,25.7,15.5,66,13.0,8.6,30,0.2,10.54
2017-11-17,19.9,25.3,15.4,69,13.6,9.4,339,0.1,10.83
2017-11-18,20.2,25.4,16.4,67,13.7,10.7,320,0.1,10.04
2017-11-19,19.0,24.6,15.4,52,15.8,12.7,318,0.0,13.38
2017-11-20,17.0,22.8,12.0,50,15.8,11.6,304,0.0,14.17
2017-11-21,16.5,23.3,11.2,51,16.6,11.8,285,0.0,14.0
2017-11-22,16.7,24.1,10.8,51,18.2,11.8,287,0.0,13.98
2017-11-23,16.6,24.0,11.1,47,14.1,11.6,293,0.0,13.91
2017-11-24,16.9,24.7,10.2,47,12.7,9.9,286,0.0,13.69
2017-11-25,17.0,24.9,11.4,52,11.9,9.7,283,0.0,13.64
2017-11-26,17.0,24.9,10.1,61,11.3,8.4,330,0.0,13.42
2017-11-27,17.3,25.1,11.4,56,16.9,11.1,284,0.0,13.5
2017-11-28,17.4,25.6,10.8,58,11.5,8.8,273,0.0,13.36
2017-11-29,17.8,25.8,11.5,63,10.4,7.3,110,0.0,13.11
2017-11-30,17.4,25.3,11.6,66,11.7,7.0,319,0.0,13.13
2017-12-01,17.1,23.9,9.4,60,9.1,5.8,309,0.0,13.27
2017-12-02,17.3,23.8,11.1,57,10.1,5.2,53,0.0,13.07
2017-12-03,17.4,22.9,11.2,53,7.6,4.4,321,0.0,11.22
2017-12-04,16.6,22.7,9.4,61,9.3,6.4,309,0.0,11.27
2017-12-05,17.3,22.8,13.9,60,10.2,6.4,307,0.0,9.18
2017-12-06,17.5,20.9,14.1,51,13.4,8.4,290,0.0,7.12
2017-12-07,17.4,22.7,14.3,37,14.3,11.3,303,0.1,10.09
2017-12-08,16.7,23.9,11.2,37,16.1,11.8,288,0.0,12.66
2017-12-09,16.7,23.7,10.3,46,11.2,7.2,300,0.0,12.76
2017-12-10,17.0,23.9,10.5,60,10.0,5.4,351,0.0,12.74
2017-12-11,17.2,23.4,11.4,67,11.3,7.0,169,2.1,8.68
2017-12-12,16.5,20.8,13.4,84,10.9,5.6,32,5.6,9.46
2017-12-13,14.3,19.7,11.4,83,8.7,6.2,323,0.0,10.66
2017-12-14,13.6,20.4,9.6,71,11.7,9.0,320,0.0,12.77
2017-12-15,13.0,20.2,7.9,70,17.4,12.5,312,0.0,11.98
2017-12-16,12.7,19.5,7.6,63,19.9,15.1,296,0.0,12.9
2017-12-17,13.7,21.0,8.3,51,20.5,17.0,290,0.0,12.9
2017-12-18,15.6,23.5,10.1,46,20.8,17.8,290,0.0,12.86
2017-12-19,14.7,22.5,9.4,59,14.3,11.2,302,0.0,11.76
2017-12-20,15.3,21.8,10.5,74,9.8,7.6,316,0.0,10.79
2017-12-21,16.2,22.9,11.8,79,12.1,8.0,319,0.0,11.71
2017-12-22,16.3,23.3,11.1,66,20.1,14.9,294,0.0,12.46
2017-12-23,15.7,22.5,10.9,59,18.5,14.0,288,0.0,12.92
2017-12-24,15.6,22.3,10.0,65,10.3,5.4,339,0.0,12.2
2017-12-25,15.1,22.1,9.1,70,14.2,8.8,300,0.0,12.58
2017-12-26,14.4,22.3,8.9,72,12.0,9.8,289,0.0,12.65
2017-12-27,15.2,22.5,8.4,66,10.1,6.9,284,0.0,12.6
2017-12-28,14.9,22.6,8.5,71,10.9,7.9,325,0.0,12.57
2017-12-29,14.1,21.6,8.1,76,10.9,8.1,335,0.0,12.53
2017-12-30,14.1,21.1,8.1,76,10.9,6.7,314,0.0,12.64
2017-12-31,12.9,20.2,7.3,75,11.7,6.8,322,0.0,12.38
2018-01-01,13.1,20.1,6.8,66,10.3,5.9,295,0.0,12.85
2018-01-02,13.4,19.8,6.5,69,9.6,5.8,297,0.0,12.8
2018-01-03,12.2,19.8,6.9,74,10.7,7.7,290,0.0,13.11
2018-01-04,11.8,20.3,5.9,74,10.0,7.0,277,0.0,13.27
2018-01-05,12.3,20.3,6.6,74,10.7,6.8,117,0.0,12.94
2018-01-06,12.0,19.5,5.5,76,10.9,7.4,306,0.0,12.8
2018-01-07,11.9,18.8,6.1,69,17.2,12.0,282,0.0,13.42
2018-01-08,12.1,19.6,6.8,70,13.0,10.8,283,0.0,13.5
2018-01-09,12.1,19.8,5.8,71,13.0,9.6,287,0.0,13.63
2018-01-10,13.3,20.8,7.3,68,18.7,14.3,285,0.0,13.68
2018-01-11,13.9,21.2,8.3,63,18.9,14.7,283,0.0,13.62
2018-01-12,14.8,21.9,8.9,58,15.1,10.9,279,0.0,13.38
2018-01-13,14.0,21.6,6.5,69,11.4,8.1,308,0.0,13.83
2018-01-14,13.5,21.9,7.3,69,11.6,9.8,285,0.0,14.0
2018-01-15,13.9,21.8,7.2,63,17.1,12.0,293,0.0,14.19
2018-01-16,14.6,22.1,9.0,57,17.2,12.1,283,0.0,14.47
2018-01-17,13.6,21.3,7.8,74,13.0,10.3,124,0.0,13.85
2018-01-18,15.1,23.8,8.9,76,11.4,7.4,307,0.0,13.95
2018-01-19,15.6,23.4,9.7,74,12.1,9.1,300,0.0,14.19
2018-01-20,14.5,22.1,8.7,64,16.2,11.9,285,0.0,14.73
2018-01-21,14.1,21.4,7.1,57,10.6,6.8,259,0.0,14.87
2018-01-22,14.1,21.7,7.1,67,10.4,7.8,133,0.0,14.67
2018-01-23,13.4,16.1,10.7,79,15.9,11.9,125,6.0,6.49
2018-01-24,12.7,18.7,8.3,82,13.7,7.6,298,0.8,12.41
2018-01-25,13.1,19.5,8.6,79,16.6,11.6,291,0.0,14.83
2018-01-26,12.5,19.9,7.6,80,13.2,8.5,310,0.0,14.4
2018-01-27,12.1,19.9,7.2,77,11.5,9.0,307,0.0,15.21
2018-01-28,12.8,21.2,6.8,75,12.6,9.1,305,0.0,15.38
2018-01-29,13.8,21.9,7.5,74,13.9,10.6,296,0.0,15.5
2018-01-30,16.3,24.3,10.0,68,22.6,16.7,293,0.0,15.3
2018-01-31,17.6,24.2,12.8,64,23.3,18.4,293,0.0,15.4
2018-02-01,17.4,25.4,11.2,67,13.3,10.9,299,0.0,15.5
2018-02-02,16.8,24.4,11.0,72,10.0,7.8,313,0.0,15.57
2018-02-03,16.3,23.1,10.9,60,13.0,9.1,332,0.0,16.05
2018-02-04,14.4,22.0,8.6,59,14.5,11.0,304,0.0,16.52
2018-02-05,14.8,22.0,6.9,56,10.0,8.0,318,0.0,14.12
2018-02-06,16.0,22.1,11.6,52,17.1,11.5,317,0.0,11.06
2018-02-07,14.4,22.3,8.7,53,16.3,12.4,307,0.0,17.21
2018-02-08,13.8,22.0,6.8,60,11.6,9.2,317,0.0,15.99
2018-02-09,14.4,22.9,7.7,60,13.1,9.1,320,0.0,17.07
2018-02-10,16.7,23.8,8.7,51,11.3,6.2,40,0.0,15.44
2018-02-11,16.2,23.8,9.2,57,17.9,11.4,112,1.6,11.6
2018-02-12,15.8,21.8,12.8,79,22.0,16.6,105,2.9,13.49
2018-02-13,15.4,21.5,10.1,79,14.8,7.8,1,0.0,16.05
2018-02-14,15.5,21.7,10.0,66,22.9,14.8,306,0.0,17.56
2018-02-15,16.8,23.1,11.9,64,21.4,15.6,300,0.0,17.25
2018-02-16,17.7,24.5,11.7,66,17.7,11.8,296,0.0,17.47
2018-02-17,18.0,25.0,12.7,67,16.7,11.7,299,0.0,17.56
2018-02-18,17.6,25.0,11.9,59,12.3,9.7,316,0.0,18.16
2018-02-19,17.4,25.4,10.0,58,9.3,7.6,304,0.0,18.42
2018-02-20,19.4,26.8,11.8,60,11.8,8.2,314,0.0,18.18
2018-02-21,21.4,29.5,15.2,58,12.3,6.9,297,0.0,17.33
2018-02-22,21.7,29.9,14.1,63,10.9,7.8,323,0.0,17.83
2018-02-23,21.9,29.6,15.8,69,10.0,6.3,28,0.0,16.16
2018-02-24,21.1,28.6,17.0,73,12.1,8.5,95,1.9,14.0
2018-02-25,21.0,27.8,16.3,68,17.1,9.8,334,0.3,18.55
2018-02-26,20.5,26.9,15.3,63,23.4,16.8,297,0.0,19.27
2018-02-27,21.5,28.8,15.7,62,17.1,11.4,305,0.0,18.46
2018-02-28,21.6,29.3,15.1,67,14.5,8.2,315,0.0,17.15
2018-03-01,21.4,29.8,15.3,65,13.8,9.0,326,0.0,17.31
2018-03-02,23.1,30.7,17.0,58,13.0,8.8,324,0.0,18.46
2018-03-03,22.6,30.8,16.6,60,11.5,7.7,300,0.0,17.47
2018-03-04,21.5,28.1,17.1,59,17.6,10.6,320,1.2,16.69
2018-03-05,20.4,27.1,14.6,57,17.4,10.0,317,0.0,20.25
2018-03-06,20.3,27.5,14.4,53,20.1,12.5,302,0.0,20.31
2018-03-07,21.1,28.4,14.3,52,18.2,11.6,304,0.0,20.82
2018-03-08,22.3,29.5,16.1,53,9.9,5.2,11,0.0,20.23
2018-03-09,22.9,30.9,15.9,52,12.5,8.8,322,1.1,19.63
2018-03-10,23.1,31.1,16.5,48,17.8,12.4,307,0.0,20.76
2018-03-11,23.3,30.8,17.2,52,13.9,11.6,307,0.0,21.02
2018-03-12,23.7,32.1,16.5,53,15.9,10.8,299,0.0,21.15
2018-03-13,25.4,34.0,17.2,49,14.1,9.0,264,0.0,21.29
2018-03-14,25.8,32.6,20.3,37,13.6,8.7,174,0.0,20.66
2018-03-15,23.8,31.4,18.7,42,18.2,9.8,280,0.0,18.31
2018-03-16,22.7,29.7,16.5,48,20.9,9.7,326,0.0,19.92
2018-03-17,21.9,29.1,15.7,40,19.6,12.3,310,0.0,22.38
2018-03-18,22.7,30.8,16.4,41,17.0,11.3,316,0.0,22.41
2018-03-19,23.6,32.8,14.8,41,13.7,8.5,304,0.0,21.59
2018-03-20,24.3,32.9,16.1,49,10.3,6.5,317,0.2,20.55
2018-03-21,23.6,30.7,18.2,56,22.4,10.7,356,1.6,17.51
2018-03-22,23.0,29.6,17.1,56,13.6,8.3,351,0.3,19.27
2018-03-23,23.0,29.0,17.1,54,13.1,9.4,305,0.0,21.97
2018-03-24,24.3,31.1,17.4,48,15.9,10.8,317,0.0,22.61
2018-03-25,25.0,32.6,18.5,44,21.1,12.8,307,0.0,22.77
2018-03-26,26.0,33.9,18.8,42,20.6,13.6,301,0.0,23.07
2018-03-27,26.3,35.3,18.4,40,13.7,9.8,304,0.0,23.41
2018-03-28,27.9,35.5,20.6,37,15.3,9.4,303,0.0,23.21
2018-03-29,27.2,35.4,19.6,34,23.7,13.4,303,0.0,22.22
2018-03-30,26.8,34.3,20.7,34,23.0,14.4,294,0.0,23.66
2018-03-31,25.7,33.5,18.6,47,15.9,11.9,110,0.0,23.18
2018-04-01,26.5,33.1,20.8,45,15.5,10.7,110,0.0,23.24
2018-04-02,28.0,35.0,20.7,45,13.7,8.5,126,0.0,22.88
2018-04-03,28.7,36.0,22.2,44,24.7,9.0,127,1.7,21.68
2018-04-04,29.2,37.2,21.7,43,15.0,8.3,72,0.0,21.7
2018-04-05,28.6,36.6,21.9,49,16.8,6.4,24,2.1,21.14
2018-04-06,27.9,34.9,22.0,52,12.6,6.9,109,1.1,18.32
2018-04-07,26.9,33.5,20.9,54,16.6,10.6,114,3.4,21.06
2018-04-08,26.7,33.4,21.4,55,18.4,13.0,114,1.3,20.34
2018-04-09,25.6,33.3,21.9,62,17.0,10.3,94,3.5,12.79
2018-04-10,26.7,33.8,21.3,58,20.8,8.6,145,3.1,21.18
2018-04-11,25.3,31.9,21.5,63,22.8,12.8,75,2.5,19.93
2018-04-12,25.4,31.6,19.8,61,12.4,6.1,347,0.2,22.72
2018-04-13,26.2,33.0,19.0,43,12.8,8.5,327,0.0,24.66
2018-04-14,27.2,34.9,19.2,34,16.1,10.4,322,0.0,23.93
2018-04-15,28.8,36.5,20.8,35,13.8,8.8,323,0.0,23.05
2018-04-16,29.2,37.0,23.2,36,17.7,10.5,134,5.4,19.83
2018-04-17,29.4,36.7,22.4,35,14.8,8.9,354,1.3,20.82
2018-04-18,29.4,36.5,22.2,28,25.8,15.5,311,0.0,24.48
2018-04-19,30.0,37.3,23.3,28,18.9,11.5,315,0.0,22.1
2018-04-20,30.3,39.0,21.7,27,26.9,16.2,192,1.1,20.72
2018-04-21,27.0,34.0,19.5,34,16.9,12.4,311,0.0,25.08
2018-04-22,27.5,34.3,20.9,25,21.7,15.0,314,0.0,25.51
2018-04-23,28.3,35.6,20.9,23,20.7,13.6,303,0.0,25.3
2018-04-24,30.1,37.9,21.6,20,19.7,10.1,291,0.0,25.15
2018-04-25,31.8,40.3,22.9,20,15.4,10.2,265,0.0,24.89
2018-04-26,32.5,41.2,23.8,20,13.7,9.1,278,0.0,25.1
2018-04-27,30.9,38.6,25.7,43,19.2,13.5,114,1.2,22.22
2018-04-28,30.7,38.6,25.4,44,21.5,13.3,115,0.9,21.52
2018-04-29,30.8,38.6,23.4,43,26.7,9.8,84,0.4,20.29
2018-04-30,31.0,38.9,24.2,42,18.1,11.3,124,0.7,21.02
2018-05-01,30.5,37.5,24.4,52,25.9,17.7,111,10.5,23.12
2018-05-02,29.8,36.7,23.4,54,28.7,17.1,113,5.9,22.18
2018-05-03,28.7,34.8,23.4,58,23.3,16.1,116,0.0,23.22
2018-05-04,29.0,34.6,24.4,55,24.1,13.5,102,0.0,22.69
2018-05-05,30.3,37.0,24.3,48,16.1,7.7,32,0.0,22.15
2018-05-06,31.0,38.2,25.5,38,19.3,10.4,4,0.0,22.53
2018-05-07,30.5,37.2,23.5,37,20.5,8.6,354,0.0,22.89
2018-05-08,27.2,33.8,22.9,46,18.1,9.1,308,3.5,17.65
2018-05-09,28.1,35.4,20.8,44,21.7,7.2,359,2.2,21.88
2018-05-10,30.2,37.6,22.0,38,14.8,8.3,304,0.0,24.36
2018-05-11,32.5,40.1,24.3,36,15.5,9.2,320,0.0,23.95
2018-05-12,32.3,40.1,27.1,42,30.2,9.6,112,1.1,19.81
2018-05-13,29.6,36.6,24.9,56,29.4,11.7,81,3.8,19.17
2018-05-14,30.0,36.8,22.7,52,13.1,8.0,102,0.0,22.69
2018-05-15,31.2,37.5,24.7,50,14.4,8.4,103,0.0,23.22
2018-05-16,31.9,38.9,25.0,42,20.5,8.1,287,0.4,23.0
2018-05-17,32.7,40.4,25.4,30,18.6,8.2,314,0.0,22.07
2018-05-18,32.5,39.5,26.5,32,9.7,6.9,40,0.0,22.68
2018-05-19,32.1,39.2,25.6,38,16.1,6.5,238,1.5,19.43
2018-05-20,32.9,40.0,25.7,28,14.7,10.2,318,0.0,23.42
2018-05-21,33.7,40.8,26.1,17,16.2,11.7,336,0.0,24.61
2018-05-22,35.5,42.7,28.0,18,15.9,9.8,324,0.0,24.43
2018-05-23,34.5,42.1,28.3,26,22.9,10.2,48,0.1,22.73
2018-05-24,33.8,41.6,27.6,30,14.6,9.2,16,0.0,21.72
2018-05-25,34.6,42.1,25.9,25,16.9,9.3,294,0.0,24.89
2018-05-26,34.9,42.9,27.0,17,13.4,9.2,304,0.0,25.17
2018-05-27,35.3,43.0,26.9,19,16.6,10.8,237,0.0,25.2
2018-05-28,34.8,41.9,27.0,28,14.1,9.2,104,0.0,23.09
2018-05-29,34.0,41.7,27.5,33,19.8,12.6,125,0.0,22.56
2018-05-30,32.8,40.4,27.1,49,27.2,14.3,121,0.7,20.65
2018-05-31,34.3,41.5,27.2,45,18.4,11.1,121,0.0,21.97
2018-06-01,33.9,41.2,29.1,48,27.9,18.0,108,4.8,23.13
2018-06-02,33.0,39.3,27.0,49,20.5,15.6,108,0.0,23.92
2018-06-03,32.9,37.3,28.2,53,18.5,13.3,103,0.0,21.05
2018-06-04,34.9,40.5,29.6,45,21.8,16.0,116,0.0,21.18
2018-06-05,35.3,39.7,30.9,45,24.6,16.1,109,0.7,20.49
2018-06-06,33.4,38.3,29.1,55,21.3,12.3,100,0.8,20.28
2018-06-07,34.1,39.5,28.4,53,17.1,8.3,104,0.0,22.13
2018-06-08,34.8,39.9,30.8,52,22.7,16.1,115,0.0,20.88
2018-06-09,31.5,37.2,27.3,69,22.0,14.0,119,15.2,19.23
2018-06-10,31.5,36.1,26.4,68,11.4,6.6,291,1.9,18.86
2018-06-11,34.0,39.3,28.0,52,19.2,11.1,296,0.0,21.21
2018-06-12,35.5,41.9,28.6,40,23.4,13.5,279,0.0,22.42
2018-06-13,36.4,40.5,31.8,38,25.8,16.8,267,0.0,23.53
2018-06-14,36.0,40.3,31.2,37,27.3,19.8,259,0.0,23.99
2018-06-15,35.5,38.9,32.1,36,28.7,17.8,263,0.0,23.92
2018-06-16,34.9,39.3,31.2,41,21.1,14.1,267,0.0,21.77
2018-06-17,31.7,35.7,28.5,58,18.1,10.4,12,0.2,18.98
2018-06-18,31.1,35.9,26.8,55,16.1,8.2,310,0.6,18.29
2018-06-19,32.6,38.6,26.3,51,16.6,8.5,316,0.0,23.18
2018-06-20,34.9,40.1,28.9,45,12.9,5.7,356,0.0,22.11
2018-06-21,35.4,40.7,29.8,42,14.1,7.4,330,0.0,20.85
2018-06-22,36.5,41.7,31.9,38,17.3,5.8,30,0.0,22.45
2018-06-23,35.9,40.7,30.8,39,21.3,8.5,341,0.0,18.29
2018-06-24,35.6,40.5,30.6,39,15.7,9.2,293,0.0,17.09
2018-06-25,36.3,40.8,31.1,36,18.2,13.2,288,0.0,20.97
2018-06-26,32.9,36.2,29.3,52,18.1,9.3,267,1.8,15.49
2018-06-27,29.2,34.3,25.5,78,14.8,9.0,86,29.8,16.83
2018-06-28,28.6,33.4,25.6,81,23.4,14.5,99,12.6,17.49
2018-06-29,29.4,33.2,25.8,76,26.0,16.6,111,4.3,20.23
2018-06-30,29.6,33.0,26.6,79,15.9,8.5,138,4.9,19.28
2018-07-01,30.7,34.0,27.7,75,17.6,10.8,268,4.7,18.13
2018-07-02,30.6,35.0,25.4,72,20.5,12.0,260,15.2,19.65
2018-07-03,30.6,33.7,28.4,68,13.1,8.6,224,0.7,18.4
2018-07-04,29.1,32.5,27.1,78,16.6,8.9,255,4.8,16.91
2018-07-05,30.8,34.9,26.7,71,11.8,6.0,275,0.0,21.35
2018-07-06,31.1,34.9,26.9,67,14.3,8.2,300,0.0,21.88
2018-07-07,31.7,36.1,27.3,65,13.2,7.8,307,0.0,23.61
2018-07-08,32.9,37.3,27.9,61,11.0,6.3,329,0.0,23.84
2018-07-09,32.9,36.9,29.0,64,19.0,9.6,112,0.1,21.58
2018-07-10,32.8,37.1,28.8,67,16.9,11.8,118,0.3,21.22
2018-07-11,31.8,36.3,28.4,72,16.8,9.6,123,4.5,19.23
2018-07-12,29.6,33.5,26.1,80,15.5,7.9,111,25.5,15.68
2018-07-13,29.1,32.2,26.5,82,15.5,8.3,110,6.6,14.88
2018-07-14,28.5,31.8,25.7,85,14.3,8.6,105,6.4,16.35
2018-07-15,29.4,33.2,26.2,83,13.8,9.4,111,7.4,17.49
2018-07-16,29.1,32.1,27.2,85,14.8,9.3,95,10.9,12.8
2018-07-17,30.4,33.2,27.5,80,16.1,9.3,100,3.5,17.19
2018-07-18,30.1,33.3,28.3,80,16.5,9.8,90,12.2,16.96
2018-07-19,30.1,32.9,27.4,80,18.0,6.5,94,13.3,15.86
2018-07-20,29.4,32.5,27.2,84,8.3,4.2,79,8.3,14.9
2018-07-21,28.4,30.8,26.4,89,11.7,5.5,123,20.9,10.57
2018-07-22,27.4,29.6,25.4,91,10.5,4.9,137,30.6,8.67
2018-07-23,28.8,32.4,26.1,86,12.5,6.5,87,5.1,16.5
2018-07-24,30.0,32.9,26.9,78,10.7,5.0,131,1.5,18.36
2018-07-25,28.8,32.2,27.0,85,9.8,6.6,238,8.2,13.47
2018-07-26,26.9,29.4,25.7,91,14.8,7.1,347,16.3,7.66
2018-07-27,26.8,29.1,25.1,90,13.7,6.6,7,14.2,8.59
2018-07-28,28.1,31.7,24.9,83,22.0,12.6,264,2.8,16.42
2018-07-29,29.0,32.5,25.5,82,15.5,9.2,273,2.4,17.96
2018-07-30,29.2,33.3,26.4,79,16.4,10.4,267,2.4,19.13
2018-07-31,29.7,33.5,26.8,76,16.9,11.9,269,2.5,20.64
2018-08-01,29.9,34.2,26.1,74,19.1,12.5,258,0.4,22.82
2018-08-02,30.5,34.2,27.5,70,18.5,12.0,260,0.2,22.84
2018-08-03,30.4,34.4,27.8,67,20.3,13.1,260,0.0,19.75
2018-08-04,30.4,34.0,27.7,66,17.8,12.4,245,0.0,19.23
2018-08-05,29.1,32.8,27.0,72,13.9,11.8,217,1.3,9.83
2018-08-06,26.8,28.5,25.6,86,12.1,5.7,141,4.6,5.87
2018-08-07,26.6,29.1,25.1,91,8.9,4.9,74,19.4,8.65
2018-08-08,27.9,31.5,25.0,86,13.6,8.4,99,9.4,15.17
2018-08-09,29.2,32.6,26.4,82,14.1,8.6,103,2.9,19.0
2018-08-10,29.5,32.8,26.2,83,11.7,5.7,253,2.9,18.41
2018-08-11,29.8,33.6,26.0,78,20.4,13.7,269,2.7,17.72
2018-08-12,28.8,30.4,27.1,79,13.6,9.2,250,2.1,14.77
2018-08-13,29.1,32.5,26.6,77,9.3,5.2,145,2.5,19.57
2018-08-14,29.3,32.8,26.4,79,10.5,6.3,179,1.0,19.35
2018-08-15,29.0,33.1,26.2,84,13.6,7.4,120,7.4,16.52
2018-08-16,29.1,32.4,26.5,85,9.5,6.9,76,3.4,18.67
2018-08-17,29.4,31.9,26.9,83,14.2,10.1,99,3.4,17.41
2018-08-18,29.2,32.4,26.9,84,12.3,7.2,104,6.4,17.35
2018-08-19,28.9,31.2,26.8,87,10.7,6.0,257,4.9,13.9
2018-08-20,29.2,32.8,26.7,86,13.8,5.3,112,3.6,16.06
2018-08-21,29.5,33.1,26.0,85,9.9,6.6,107,2.5,20.32
2018-08-22,29.3,33.1,26.8,84,10.7,5.7,123,10.1,17.05
2018-08-23,28.3,31.8,26.2,88,13.0,7.6,267,12.4,15.88
2018-08-24,28.6,32.7,25.5,83,15.8,10.1,256,9.1,16.48
2018-08-25,28.5,32.8,26.3,79,20.5,12.5,260,1.8,18.89
2018-08-26,28.6,32.5,25.9,80,14.9,8.4,290,1.7,18.89
2018-08-27,27.5,30.6,25.9,89,10.0,4.2,14,6.0,10.4
2018-08-28,27.6,31.0,25.6,88,13.7,7.4,85,14.0,13.16
2018-08-29,28.0,30.8,25.8,89,12.1,5.9,106,4.6,13.08
2018-08-30,29.0,32.5,25.7,85,10.0,6.2,208,3.5,17.3
2018-08-31,29.5,33.8,26.4,81,12.0,8.8,210,1.2,19.0
2018-09-01,28.3,31.8,26.2,86,10.8,5.1,161,1.3,15.82
2018-09-02,26.7,29.4,24.5,90,9.3,4.7,49,32.7,10.75
2018-09-03,26.7,30.4,24.8,90,6.6,4.2,120,8.2,13.33
2018-09-04,26.7,28.9,25.2,91,11.5,4.8,297,9.0,11.16
2018-09-05,27.7,31.4,25.2,85,15.6,8.4,281,0.9,16.7
2018-09-06,28.0,31.6,25.3,83,14.4,6.4,276,7.9,17.67
2018-09-07,27.9,30.9,25.9,88,13.6,6.8,98,8.6,14.74
2018-09-08,27.4,31.2,25.2,86,23.5,13.1,87,8.0,13.82
2018-09-09,27.0,29.7,24.4,83,22.3,14.1,114,0.2,14.05
2018-09-10,27.5,31.3,24.2,83,9.8,7.0,160,2.4,16.42
2018-09-11,27.8,30.8,25.2,84,11.2,8.4,244,3.0,16.67
2018-09-12,28.5,32.7,25.9,76,18.4,14.8,264,0.4,19.29
2018-09-13,28.5,32.2,25.6,71,19.4,13.6,257,0.0,20.38
2018-09-14,27.8,31.6,24.3,71,14.4,9.4,264,0.0,19.72
2018-09-15,27.9,32.3,23.8,70,12.4,8.6,271,0.0,21.45
2018-09-16,28.0,32.4,23.4,68,16.5,9.0,281,0.0,20.91
2018-09-17,28.1,32.1,24.0,71,14.3,7.8,302,0.0,20.8
2018-09-18,27.6,33.1,22.9,69,16.3,8.9,308,0.0,20.96
2018-09-19,27.7,33.4,22.5,69,15.1,8.8,318,0.0,21.83
2018-09-20,28.4,33.3,22.7,70,10.0,5.4,46,0.0,21.17
2018-09-21,27.2,31.4,23.9,78,18.2,13.2,98,6.2,17.46
2018-09-22,24.9,28.1,22.6,88,27.8,17.1,91,50.6,7.01
2018-09-23,25.4,29.0,23.6,89,27.2,20.6,107,15.6,12.78
2018-09-24,24.6,26.5,23.2,92,24.9,15.6,146,12.8,6.7
2018-09-25,25.2,29.1,22.6,85,19.7,13.2,297,0.3,14.98
2018-09-26,26.0,30.7,22.1,81,11.0,8.5,291,0.0,19.3
2018-09-27,27.0,31.6,22.0,77,8.4,5.5,316,0.0,20.17
2018-09-28,27.7,32.2,22.6,74,9.5,5.0,264,0.6,19.26
2018-09-29,27.2,32.6,22.2,74,8.5,5.5,292,0.0,19.85
2018-09-30,26.6,31.8,22.2,73,14.9,10.0,301,0.0,20.09
2018-10-01,26.6,32.5,22.0,72,10.3,8.9,295,0.0,20.1
2018-10-02,27.5,33.3,21.7,68,11.8,6.9,284,0.0,19.81
2018-10-03,26.9,32.8,21.7,65,9.2,5.5,269,0.0,18.49
2018-10-04,26.4,32.6,22.0,71,9.7,5.0,326,1.0,17.26
2018-10-05,26.4,32.7,21.0,72,8.5,5.2,329,0.0,19.25
2018-10-06,25.8,32.2,20.3,64,12.0,8.3,303,0.0,19.03
2018-10-07,25.3,31.8,20.0,67,10.8,7.1,332,0.0,19.26
2018-10-08,26.1,32.4,20.0,67,8.7,4.3,104,0.0,19.11
2018-10-09,26.2,31.9,21.7,72,15.3,9.1,123,0.0,18.75
2018-10-10,25.3,31.7,21.9,78,15.9,11.9,104,0.2,17.94
2018-10-11,24.1,28.5,20.4,80,20.6,10.2,92,1.3,16.33
2018-10-12,23.7,29.9,18.3,71,11.3,6.5,30,0.0,18.57
2018-10-13,23.2,29.1,18.4,66,12.3,7.9,329,0.0,18.55
2018-10-14,23.2,30.2,17.0,61,16.0,9.9,297,0.0,18.76
2018-10-15,24.4,31.6,17.7,58,10.1,6.7,337,0.0,17.97
2018-10-16,24.8,30.8,18.9,68,10.1,7.3,117,0.0,15.02
2018-10-17,25.0,32.5,19.1,68,10.2,7.1,119,0.0,17.77
2018-10-18,24.8,31.4,19.2,71,21.0,9.3,106,0.4,15.44
2018-10-19,25.3,31.7,18.5,60,11.3,6.4,329,0.0,16.62
2018-10-20,24.4,31.3,18.4,56,9.7,7.0,357,0.0,16.82
2018-10-21,23.4,30.1,18.4,54,12.0,8.8,349,0.0,16.17
2018-10-22,22.5,29.7,16.1,49,14.3,9.6,294,0.0,17.56
2018-10-23,23.0,30.1,16.4,48,12.0,7.7,296,0.0,17.22
2018-10-24,23.4,30.1,17.6,57,11.4,6.0,94,0.0,16.67
2018-10-25,23.2,30.2,16.1,59,10.6,6.7,67,0.0,16.68
2018-10-26,22.7,30.2,16.6,63,10.5,7.3,12,0.0,16.1
2018-10-27,23.3,29.7,18.0,61,11.6,7.3,345,0.0,15.85
2018-10-28,23.0,29.9,16.2,63,13.0,8.2,328,0.0,16.42
2018-10-29,22.8,29.5,16.0,64,11.2,7.5,308,0.0,16.33
2018-10-30,23.7,29.2,18.2,63,8.4,4.5,50,0.0,15.98
2018-10-31,23.8,29.3,18.2,63,9.5,4.8,76,0.0,15.97
2018-11-01,23.2,29.0,18.1,65,8.9,4.8,119,0.0,14.21
2018-11-02,23.5,30.0,17.5,67,10.9,7.1,126,0.1,14.95
2018-11-03,23.5,28.3,19.8,64,20.5,15.5,101,0.0,12.66
2018-11-04,22.3,27.4,17.3,61,15.5,8.9,11,0.0,15.14
2018-11-05,20.2,25.5,15.0,62,12.3,9.4,294,0.0,15.37
2018-11-06,20.0,26.1,15.3,50,17.5,13.2,292,0.0,15.62
2018-11-07,19.1,26.1,12.6,40,11.5,9.1,277,0.0,15.77
2018-11-08,20.1,26.4,13.5,49,9.3,4.3,345,0.0,15.2
2018-11-09,20.4,26.7,12.8,60,9.2,5.6,328,0.0,14.88
2018-11-10,20.8,27.5,14.0,63,9.8,4.7,59,0.0,14.62
2018-11-11,21.8,28.0,14.4,61,9.4,4.8,96,0.0,14.37
2018-11-12,21.5,27.9,14.9,68,9.6,6.0,83,0.0,14.07
2018-11-13,22.1,28.1,17.1,69,9.5,6.7,104,0.1,12.69
2018-11-14,21.5,26.0,17.9,72,18.7,7.3,86,1.1,10.11
2018-11-15,20.7,26.7,16.3,72,19.2,9.4,346,0.6,13.82
2018-11-16,19.1,25.3,14.4,61,20.4,14.5,291,0.0,14.24
2018-11-17,18.5,25.1,14.0,64,12.8,10.4,286,0.0,14.04
2018-11-18,19.8,26.8,14.3,64,10.0,7.0,148,0.0,13.61
2018-11-19,20.8,26.6,16.8,63,13.8,10.6,124,0.0,11.45
2018-11-20,20.5,27.2,15.6,72,12.2,7.1,328,0.0,13.71
2018-11-21,19.7,26.7,14.6,62,14.8,10.0,281,0.0,13.79
2018-11-22,19.6,26.6,12.5,58,9.2,5.9,301,0.0,12.77
2018-11-23,19.3,26.3,12.8,57,19.6,12.9,301,0.0,13.63
2018-11-24,19.3,26.0,14.4,53,21.3,14.9,287,0.0,13.63
2018-11-25,17.8,25.2,12.0,60,10.9,8.1,311,0.0,13.55
2018-11-26,18.5,25.6,11.0,66,14.1,8.6,324,0.0,13.38
2018-11-27,19.5,25.3,11.8,69,10.2,6.7,116,0.0,11.76
2018-11-28,19.6,25.2,14.6,72,8.1,5.1,127,0.0,11.13
2018-11-29,18.6,25.5,13.5,72,11.2,8.5,290,0.0,12.86
2018-11-30,18.3,25.8,12.6,69,14.6,9.6,290,0.0,12.99
2018-12-01,17.4,24.8,12.2,67,13.0,9.0,278,0.0,13.11
2018-12-02,17.8,24.3,11.1,58,9.4,5.3,353,0.0,12.97
2018-12-03,17.7,23.9,10.3,61,8.9,5.0,308,0.0,12.89
2018-12-04,17.3,23.4,12.7,66,10.3,6.0,332,0.0,12.38
2018-12-05,16.7,22.9,9.9,69,9.8,6.5,314,0.0,12.58
2018-12-06,17.0,23.0,12.4,67,10.5,5.7,337,0.0,12.54
2018-12-07,15.9,22.9,10.7,70,14.1,9.7,313,0.0,12.69
2018-12-08,15.4,23.0,9.5,70,11.0,7.3,336,0.0,12.66
2018-12-09,15.9,22.5,11.1,67,11.2,6.0,6,0.0,12.57
2018-12-10,15.5,22.2,10.0,72,11.3,8.0,116,0.1,11.92
2018-12-11,15.5,21.6,9.4,68,9.6,6.1,109,0.0,11.98
2018-12-12,14.6,18.3,11.5,76,15.3,8.7,81,0.8,8.0
2018-12-13,14.3,19.6,10.2,75,9.7,7.6,342,0.1,11.46
2018-12-14,14.0,20.2,9.4,70,11.2,8.6,307,0.0,12.55
2018-12-15,13.8,20.8,8.7,68,14.8,10.8,298,0.0,12.66
2018-12-16,13.4,20.8,8.0,67,10.7,8.7,309,0.0,12.89
2018-12-17,13.0,20.7,7.4,69,12.9,8.4,312,0.0,11.16
2018-12-18,12.9,20.4,7.1,66,14.0,10.3,301,0.0,12.94
2018-12-19,12.8,20.3,6.8,68,11.3,9.1,281,0.0,12.84
2018-12-20,12.4,20.3,5.9,68,10.8,7.3,288,0.0,13.02
2018-12-21,12.1,20.0,6.2,69,10.5,8.8,280,0.0,12.93
2018-12-22,11.9,19.6,5.9,70,11.1,6.5,198,0.0,12.97
2018-12-23,12.3,19.8,6.1,70,10.8,7.9,125,0.0,12.71
2018-12-24,13.2,20.4,6.1,66,10.6,7.3,307,0.0,12.64
2018-12-25,12.2,19.6,6.1,66,15.8,11.0,296,0.0,12.97
2018-12-26,11.9,19.0,5.6,63,10.4,8.0,280,0.0,13.04
2018-12-27,12.1,18.8,5.2,63,11.4,6.6,289,0.0,12.69
2018-12-28,11.5,18.3,6.2,67,19.1,12.6,291,0.0,12.93
2018-12-29,11.2,19.2,5.0,64,13.8,9.9,283,0.0,13.12
2018-12-30,13.2,19.6,4.8,61,7.3,4.8,320,0.0,12.75
2018-12-31,12.3,20.7,5.4,70,12.3,9.2,297,0.0,12.9
2019-01-01,12.7,20.2,5.9,71,10.2,7.1,285,0.0,12.81
2019-01-02,14.1,21.1,7.6,71,10.5,6.9,114,0.0,12.62
2019-01-03,13.4,20.7,7.5,70,14.9,9.9,303,0.0,12.91
2019-01-04,12.6,18.8,7.1,70,12.4,7.5,284,0.0,9.51
2019-01-05,13.4,20.5,7.9,69,18.1,11.9,113,0.0,12.64
2019-01-06,13.0,18.2,9.2,77,16.6,8.7,36,2.3,9.82
2019-01-07,12.4,19.0,7.7,77,10.5,8.3,317,0.0,13.05
2019-01-08,12.2,18.3,7.5,75,14.6,10.2,291,0.0,11.93
2019-01-09,12.6,19.3,8.0,69,18.0,12.8,292,0.0,13.43
2019-01-10,12.7,19.4,6.1,66,11.4,8.7,294,0.0,13.58
2019-01-11,12.9,19.4,6.2,68,10.8,6.9,110,0.0,13.2
2019-01-12,13.9,19.8,8.5,67,10.2,5.9,148,0.0,13.12
2019-01-13,14.5,20.9,9.4,72,13.2,7.5,357,0.0,12.97
2019-01-14,12.5,18.1,8.0,58,20.9,15.0,302,0.0,14.32
2019-01-15,11.5,18.7,6.5,56,17.1,13.2,291,0.0,13.82
2019-01-16,11.7,18.9,6.5,67,9.4,6.6,155,0.0,12.47
2019-01-17,12.7,20.0,7.6,71,9.7,7.5,332,0.0,14.08
2019-01-18,12.0,20.3,5.7,72,10.8,8.7,301,0.0,14.28
2019-01-19,14.4,22.7,7.1,67,9.7,7.1,288,0.0,13.83
2019-01-20,17.8,24.8,11.8,67,9.0,5.0,166,0.0,12.18
2019-01-21,16.2,20.8,13.0,80,23.2,14.8,123,6.5,8.43
2019-01-22,14.8,19.5,11.7,86,24.8,14.2,136,16.9,10.39
2019-01-23,13.2,18.5,8.4,84,9.2,6.4,23,0.1,12.37
2019-01-24,13.7,19.6,9.7,81,13.0,8.1,338,0.3,12.89
2019-01-25,12.1,17.0,8.8,79,11.4,8.3,328,0.1,13.2
2019-01-26,11.3,17.2,7.0,66,12.9,10.3,317,0.0,15.28
2019-01-27,10.1,16.2,5.3,66,17.6,11.7,305,0.0,13.87
2019-01-28,10.6,17.1,6.0,61,17.8,12.8,306,0.0,15.62
2019-01-29,11.1,18.2,5.8,60,15.6,12.5,300,0.0,15.69
2019-01-30,11.5,18.5,6.2,68,11.4,9.4,317,0.0,13.59
2019-01-31,13.0,18.6,7.4,69,17.9,11.4,121,0.6,12.27
2019-02-01,14.2,19.3,10.8,74,18.0,9.2,93,0.2,12.18
2019-02-02,12.9,19.4,7.8,80,12.5,10.2,296,0.0,15.71
2019-02-03,12.6,19.9,7.6,81,11.9,8.7,280,0.0,15.99
2019-02-04,14.2,20.8,7.5,73,9.0,6.6,282,0.0,16.24
2019-02-05,15.9,22.0,9.7,75,11.0,7.0,118,0.0,13.2
2019-02-06,17.1,23.1,13.6,84,19.6,12.2,135,9.1,13.27
2019-02-07,15.7,20.1,12.1,89,27.2,20.9,141,12.7,7.59
2019-02-08,12.7,18.6,7.9,71,14.3,9.1,314,0.0,15.55
2019-02-09,12.5,18.8,8.1,68,17.1,13.0,295,0.0,17.07
2019-02-10,12.4,18.3,6.7,72,10.2,7.4,304,0.5,13.94
2019-02-11,13.2,19.3,7.6,73,10.2,6.5,311,0.0,14.46
2019-02-12,15.2,21.3,10.5,75,9.3,5.2,352,0.0,15.18
2019-02-13,16.5,23.5,10.3,73,10.3,7.0,132,0.4,16.23
2019-02-14,16.3,20.4,13.6,83,22.9,14.8,132,4.0,7.09
2019-02-15,15.9,20.7,12.7,85,14.2,6.9,82,4.5,12.26
2019-02-16,14.4,19.3,10.4,85,15.3,8.2,309,0.1,11.02
2019-02-17,14.6,20.7,10.6,79,16.3,11.7,302,0.0,17.1
2019-02-18,16.3,22.5,9.8,71,20.7,11.2,123,0.1,15.62
2019-02-19,16.9,22.1,12.4,77,12.6,6.3,50,0.0,14.05
2019-02-20,17.0,20.5,14.8,82,18.4,12.5,99,2.6,6.74
2019-02-21,19.3,25.4,14.1,75,17.6,11.2,121,0.0,15.61
2019-02-22,17.9,22.7,13.2,72,20.1,15.2,314,0.4,17.92
2019-02-23,15.1,21.5,10.5,64,20.2,14.6,308,0.0,19.01
2019-02-24,15.4,22.0,10.8,66,12.3,9.1,319,0.2,18.98
2019-02-25,15.5,22.3,10.0,65,11.9,7.6,89,0.0,16.86
2019-02-26,15.6,21.4,11.9,67,17.1,11.7,121,2.8,13.01
2019-02-27,13.5,17.6,9.8,79,12.2,7.5,358,11.2,15.85
2019-02-28,13.1,19.3,7.3,70,16.8,9.4,312,0.0,19.25
2019-03-01,13.9,21.1,7.2,66,12.0,9.5,319,0.0,19.81
2019-03-02,15.0,20.9,11.4,73,12.6,6.0,79,6.8,8.67
2019-03-03,15.9,21.6,11.1,80,13.8,8.8,100,4.1,15.79
2019-03-04,16.9,22.5,11.8,80,12.9,7.9,326,0.2,17.44
2019-03-05,16.1,21.9,11.7,71,14.3,10.5,303,0.0,19.09
2019-03-06,16.7,23.3,10.9,63,19.7,10.7,299,0.0,20.18
2019-03-07,17.1,23.9,10.3,62,11.3,8.2,321,0.0,20.61
2019-03-08,18.6,24.2,11.8,58,13.4,7.9,357,0.0,16.38
2019-03-09,18.2,25.2,12.6,65,17.9,11.6,338,0.0,19.63
2019-03-10,17.7,24.7,11.3,54,12.0,9.3,319,0.0,21.55
2019-03-11,20.0,26.4,14.5,55,24.2,14.6,120,1.7,16.52
2019-03-12,19.6,26.6,13.0,57,16.4,10.9,359,0.0,18.95
2019-03-13,18.3,23.2,13.2,63,10.1,6.9,352,0.0,9.76
2019-03-14,17.2,24.2,12.1,72,23.7,11.1,345,0.3,14.79
2019-03-15,17.9,25.1,11.8,65,15.5,11.0,330,0.0,21.87
2019-03-16,18.1,25.3,12.2,57,12.5,10.5,312,0.0,21.79
2019-03-17,20.1,26.6,12.9,49,13.0,9.1,297,0.0,21.85
2019-03-18,20.7,27.2,12.3,49,12.1,7.0,296,0.0,21.99
2019-03-19,21.7,29.5,13.9,50,12.7,8.7,283,0.0,21.93
2019-03-20,23.3,30.7,18.3,47,20.4,14.4,122,0.0,19.45
2019-03-21,22.8,30.3,15.2,49,15.5,10.5,9,0.0,19.97
2019-03-22,22.0,29.1,16.0,40,21.0,13.2,316,0.0,22.82
2019-03-23,22.4,30.0,15.7,38,23.9,15.7,311,0.0,22.79
2019-03-24,24.1,31.3,18.4,45,17.0,12.9,323,0.0,22.0
2019-03-25,21.7,28.4,17.3,62,17.2,11.5,332,0.5,17.17
2019-03-26,22.3,29.9,15.4,57,17.9,11.2,300,0.0,22.95
2019-03-27,23.6,31.1,15.3,52,13.5,9.5,299,0.0,22.2
2019-03-28,26.0,33.8,18.4,52,12.1,8.2,306,0.0,22.36
2019-03-29,27.9,35.8,19.0,50,12.8,7.0,325,0.0,22.27
2019-03-30,27.0,35.9,20.2,54,19.6,7.4,350,0.0,18.4
2019-03-31,26.5,34.4,19.4,41,22.5,14.1,312,0.0,23.53
2019-04-01,25.5,33.5,18.4,33,21.3,13.7,302,0.0,23.97
2019-04-02,25.5,33.5,18.4,39,13.6,8.6,332,0.0,24.04
2019-04-03,26.3,35.0,18.1,39,13.0,9.4,308,0.0,23.64
2019-04-04,28.0,36.4,18.8,40,11.2,8.2,79,0.0,23.42
2019-04-05,29.4,37.8,21.6,41,20.2,7.1,278,0.0,22.4
2019-04-06,28.8,37.7,21.3,47,31.2,9.3,47,0.0,21.78
2019-04-07,28.2,35.1,21.7,54,15.4,10.1,110,0.0,19.42
2019-04-08,26.9,35.3,21.3,54,22.9,11.2,107,0.2,22.18
2019-04-09,28.4,36.7,20.2,47,14.2,8.1,65,0.0,23.0
2019-04-10,29.2,37.5,21.6,43,17.2,7.9,356,0.0,22.64
2019-04-11,30.4,37.9,23.8,36,12.5,8.3,350,0.0,22.12
2019-04-12,29.6,37.3,22.5,36,17.7,10.0,345,0.0,21.83
2019-04-13,29.9,36.8,22.6,38,18.3,12.0,341,0.0,21.46
2019-04-14,30.6,37.6,23.9,34,19.6,14.0,336,0.0,23.5
2019-04-15,31.1,38.6,24.0,31,16.8,11.5,320,0.0,22.78
2019-04-16,26.2,31.1,22.4,49,19.5,12.6,159,0.5,13.41
2019-04-17,21.8,25.9,18.9,73,19.8,11.6,150,4.6,14.56
2019-04-18,22.5,27.9,16.4,67,9.4,5.6,7,0.1,22.31
2019-04-19,24.5,29.9,18.5,53,12.3,9.0,291,0.1,22.07
2019-04-20,26.4,32.8,19.6,47,12.8,7.3,282,0.0,22.31
2019-04-21,28.7,35.4,20.0,39,18.4,9.3,291,0.0,22.69
2019-04-22,30.1,37.3,21.8,40,16.4,9.4,335,0.0,24.38
2019-04-23,32.1,39.1,23.9,34,18.5,8.5,334,0.0,23.58
2019-04-24,32.7,40.2,25.3,35,18.6,10.9,98,0.0,23.03
2019-04-25,33.0,39.3,27.0,36,18.4,11.1,92,0.0,21.15
2019-04-26,33.0,40.0,25.2,33,19.6,12.6,325,0.0,23.4
2019-04-27,33.5,40.2,26.8,22,29.4,18.9,321,0.0,24.78
2019-04-28,33.3,40.8,26.2,20,24.9,15.8,316,0.0,25.12
2019-04-29,33.6,40.7,25.8,19,14.7,10.5,314,0.0,24.72
2019-04-30,34.2,41.6,25.5,20,22.9,12.0,147,0.0,22.42
2019-05-01,33.0,40.7,24.5,25,12.4,8.9,85,0.0,23.83
2019-05-02,31.5,37.7,26.7,33,21.7,13.4,45,0.5,19.26
2019-05-03,31.0,37.5,24.7,33,18.1,9.7,62,0.0,21.46
2019-05-04,31.1,38.0,24.1,22,22.5,13.8,319,0.0,24.92
2019-05-05,31.1,38.7,23.1,19,24.2,14.1,301,0.0,25.23
2019-05-06,32.2,40.1,23.5,21,21.4,10.8,299,0.0,24.97
2019-05-07,32.3,40.0,23.3,20,22.1,13.3,284,0.0,23.22
2019-05-08,34.0,41.6,26.0,18,23.8,13.5,276,0.0,24.72
2019-05-09,34.2,41.1,27.0,19,23.9,17.1,272,0.0,24.12
2019-05-10,34.6,40.3,29.5,20,24.8,16.8,287,0.0,22.26
2019-05-11,32.3,38.6,24.9,29,24.9,13.1,322,0.0,21.68
2019-05-12,31.9,38.5,24.9,30,17.7,10.8,292,0.0,22.96
2019-05-13,32.4,38.5,24.7,30,25.5,8.3,290,0.0,21.14
2019-05-14,30.1,35.6,24.3,42,14.0,8.0,319,0.0,22.55
2019-05-15,30.3,36.9,24.8,45,18.7,7.3,122,0.1,19.77
2019-05-16,30.2,36.7,24.9,46,19.0,8.9,324,0.0,21.41
2019-05-17,28.3,34.9,24.4,57,13.8,7.2,310,2.7,19.42
2019-05-18,27.4,33.4,21.3,60,18.4,11.9,300,0.2,21.88
2019-05-19,30.1,36.5,23.6,43,15.0,10.8,293,0.0,24.18
2019-05-20,31.9,38.7,24.0,34,16.1,11.1,289,0.0,22.96
2019-05-21,32.6,39.3,25.6,31,15.2,10.6,282,0.0,22.02
2019-05-22,32.8,39.2,27.1,35,18.9,9.9,265,0.0,21.12
2019-05-23,33.1,39.2,26.4,37,19.9,8.3,288,0.0,19.55
2019-05-24,30.8,35.3,26.4,45,22.3,12.4,343,0.0,22.38
2019-05-25,31.1,36.5,25.1,39,23.7,15.3,307,0.0,22.23
2019-05-26,31.6,38.2,24.7,34,17.0,11.5,302,0.0,24.61
2019-05-27,33.7,40.7,26.2,27,18.4,12.0,303,0.0,23.8
2019-05-28,33.5,40.7,26.0,20,18.9,12.4,301,0.0,25.06
2019-05-29,34.7,41.9,26.4,20,15.1,10.5,300,0.0,24.17
2019-05-30,35.6,43.4,27.1,21,16.3,9.0,292,0.0,24.37
2019-05-31,36.8,44.1,28.3,20,15.7,10.8,295,0.0,24.15
2019-06-01,35.6,43.6,28.9,29,18.7,10.3,105,0.0,23.59
2019-06-02,35.5,42.8,29.0,40,22.3,13.8,109,0.0,23.19
2019-06-03,34.6,41.4,29.9,46,23.8,15.5,120,0.0,22.69
2019-06-04,34.8,41.7,29.6,42,20.4,14.4,120,0.0,22.91
2019-06-05,35.5,41.5,28.6,39,15.5,9.4,133,0.3,21.11
2019-06-06,35.6,42.8,30.2,37,24.2,11.2,95,0.5,21.46
2019-06-07,34.1,41.4,27.0,42,14.0,8.6,75,0.0,22.66
2019-06-08,35.5,41.7,27.9,33,15.3,8.1,283,0.0,23.19
2019-06-09,36.9,43.5,28.1,24,15.4,8.1,336,0.0,24.53
2019-06-10,37.2,44.0,28.2,23,14.3,7.9,270,0.0,23.49
2019-06-11,37.4,43.7,29.7,23,15.2,10.4,283,0.0,22.04
2019-06-12,34.6,39.7,30.1,44,18.2,11.6,130,2.2,20.43
2019-06-13,35.4,41.1,29.2,38,17.0,12.2,233,0.0,21.49
2019-06-14,36.0,42.1,30.6,29,19.3,15.2,288,0.0,23.54
2019-06-15,36.5,42.4,29.7,22,20.2,14.5,281,0.0,21.06
2019-06-16,33.8,38.8,28.9,43,25.9,20.4,279,0.0,20.84
2019-06-17,33.5,38.8,28.7,47,29.2,19.0,278,0.0,20.83
2019-06-18,30.5,36.1,24.7,55,16.2,8.7,289,0.5,20.22
2019-06-19,31.0,36.6,26.0,53,17.9,7.5,204,0.0,21.18
2019-06-20,31.8,37.7,24.7,48,13.9,7.1,198,0.0,22.45
2019-06-21,33.3,38.9,27.7,47,10.9,6.3,204,1.2,21.37
2019-06-22,34.7,40.3,28.1,38,21.1,8.9,356,0.0,23.22
2019-06-23,34.0,38.8,29.1,49,23.7,14.3,115,0.0,22.17
2019-06-24,31.5,37.0,27.0,60,18.4,10.5,108,0.6,19.99
2019-06-25,32.1,36.2,27.8,62,9.8,5.4,53,4.8,18.31
2019-06-26,34.8,39.7,29.5,48,17.9,8.6,334,0.6,21.75
2019-06-27,34.6,40.3,28.9,40,20.7,11.8,301,0.0,22.11
2019-06-28,35.5,42.1,28.7,38,21.8,13.3,286,0.0,22.91
2019-06-29,36.3,41.6,30.6,36,19.9,12.9,283,0.0,20.87
2019-06-30,36.8,42.9,30.6,35,18.9,11.7,303,0.0,22.64
2019-07-01,36.0,41.5,30.0,42,11.8,6.8,14,0.0,22.61
2019-07-02,35.7,40.2,31.1,46,16.8,9.1,90,0.0,21.09
2019-07-03,33.7,36.7,30.3,56,16.3,11.5,123,1.6,18.94
2019-07-04,33.0,39.1,29.6,60,16.9,10.4,134,6.6,19.09
2019-07-05,31.0,34.9,27.9,72,10.5,5.9,125,3.7,16.87
2019-07-06,31.0,34.9,27.3,69,14.0,7.9,111,0.3,19.28
2019-07-07,31.1,35.8,26.7,69,11.0,4.6,105,2.1,20.96
2019-07-08,31.9,36.4,28.3,68,13.4,5.3,223,4.0,19.71
2019-07-09,30.7,35.0,27.0,72,11.9,8.7,216,4.9,19.69
2019-07-10,31.0,34.9,27.0,74,15.0,9.1,237,7.1,19.45
2019-07-11,33.4,38.4,29.1,57,26.6,15.2,248,0.0,21.52
2019-07-12,33.4,38.2,29.9,51,18.8,13.6,263,0.5,20.21
2019-07-13,34.1,38.5,29.7,47,28.9,19.6,263,0.0,22.95
2019-07-14,32.9,36.8,29.3,52,27.4,15.9,261,0.0,18.42
2019-07-15,29.7,36.8,25.7,72,16.7,10.0,203,4.4,17.73
2019-07-16,26.6,29.1,24.6,89,13.8,9.2,101,20.6,9.48
2019-07-17,27.2,30.8,24.7,85,11.0,6.8,116,14.8,12.93
2019-07-18,27.5,32.2,24.7,82,8.5,5.0,187,12.8,15.75
2019-07-19,29.4,33.3,25.3,79,8.0,4.6,156,6.7,20.59
2019-07-20,30.0,33.9,25.9,80,12.3,6.7,113,12.5,20.38
2019-07-21,29.7,33.1,27.2,81,13.0,7.8,120,11.1,18.26
2019-07-22,30.4,34.2,27.5,80,11.2,6.3,108,6.1,18.89
2019-07-23,31.6,35.5,28.0,77,11.0,6.2,184,4.6,20.01
2019-07-24,31.5,36.7,28.0,74,17.8,9.2,263,6.8,21.39
2019-07-25,27.6,29.9,26.0,86,10.8,6.6,230,10.9,9.58
2019-07-26,27.2,29.9,25.5,87,19.3,10.4,81,26.9,14.41
2019-07-27,26.6,30.1,25.2,90,18.2,13.5,107,6.0,9.73
2019-07-28,28.1,31.8,25.5,86,18.5,14.2,107,7.3,16.67
2019-07-29,29.2,33.0,26.1,79,19.6,14.4,104,1.3,20.51
2019-07-30,28.9,32.1,26.2,78,18.1,12.4,102,0.8,18.52
2019-07-31,29.0,31.8,27.0,78,14.3,9.7,95,0.5,14.3
2019-08-01,29.3,32.2,26.8,82,13.6,9.2,120,2.1,19.13
2019-08-02,28.7,31.5,26.1,85,10.5,7.1,111,12.9,17.2
2019-08-03,28.3,30.8,26.4,88,12.8,8.2,98,6.8,14.97
2019-08-04,28.9,32.6,26.2,87,7.3,4.3,97,4.2,18.28
2019-08-05,29.2,32.9,26.5,86,9.7,5.7,139,18.5,18.98
2019-08-06,27.9,31.0,26.0,89,12.4,8.6,121,20.7,12.63
2019-08-07,28.2,30.9,25.7,88,12.4,5.6,84,7.0,12.56
2019-08-08,30.1,33.8,27.2,78,14.4,9.2,96,0.5,19.63
2019-08-09,29.3,31.4,27.6,75,28.5,21.4,95,0.8,16.72
2019-08-10,28.8,32.2,26.0,80,24.5,18.8,117,1.7,19.32
2019-08-11,29.5,32.8,26.4,79,11.3,7.9,158,0.3,20.27
2019-08-12,29.3,32.2,26.9,80,13.3,9.3,280,7.6,17.14
2019-08-13,29.1,33.2,26.9,84,19.2,9.0,296,20.1,16.57
2019-08-14,28.3,31.6,25.5,88,8.6,4.0,95,2.8,16.24
2019-08-15,29.0,31.9,27.0,82,22.0,14.0,78,11.2,16.53
2019-08-16,27.9,30.9,26.1,84,23.6,17.3,89,9.4,17.54
2019-08-17,26.1,27.7,25.3,90,28.3,20.7,126,8.4,7.91
2019-08-18,26.8,30.7,24.4,87,15.8,10.1,234,31.0,13.03
2019-08-19,28.0,31.7,24.2,84,8.9,5.0,295,1.3,21.06
2019-08-20,28.5,32.7,25.2,82,16.6,9.6,324,0.8,21.36
2019-08-21,29.3,33.9,24.6,78,15.8,9.9,306,0.0,23.14
2019-08-22,28.6,32.1,25.5,84,9.7,6.3,8,0.8,19.44
2019-08-23,29.2,32.9,25.6,82,5.5,3.5,235,4.0,20.25
2019-08-24,29.1,33.6,26.2,83,14.0,5.8,126,3.9,18.0
2019-08-25,27.5,30.4,26.1,88,13.0,8.2,104,12.9,12.95
2019-08-26,28.8,32.3,25.6,83,17.0,8.6,96,0.6,20.67
2019-08-27,29.8,33.4,26.1,80,9.7,6.3,103,0.1,20.56
2019-08-28,30.4,34.0,26.9,78,12.9,8.4,99,0.4,21.64
2019-08-29,30.1,33.6,27.3,80,12.7,9.1,125,1.0,19.32
2019-08-30,30.1,33.5,26.5,81,9.8,5.1,155,0.9,19.87
2019-08-31,30.5,33.0,26.8,78,10.7,5.4,131,6.4,18.62
2019-09-01,28.6,31.6,26.4,86,13.8,10.0,105,4.7,14.71
2019-09-02,29.5,33.2,25.8,83,9.4,4.2,99,1.3,18.01
2019-09-03,30.2,33.5,26.7,80,10.4,5.1,263,5.5,19.22
2019-09-04,29.0,32.2,25.5,85,12.6,8.9,119,7.8,17.28
2019-09-05,29.4,32.6,26.6,82,11.9,7.8,114,0.6,18.8
2019-09-06,29.7,32.9,26.9,81,12.1,7.8,116,0.4,19.02
2019-09-07,28.8,32.0,26.5,85,13.7,9.1,120,2.1,15.94
2019-09-08,29.1,33.2,26.1,83,12.6,6.3,96,0.2,19.05
2019-09-09,30.1,34.2,25.7,78,9.0,4.9,29,0.1,20.43
2019-09-10,30.6,35.2,26.6,74,9.4,5.5,72,0.0,21.14
2019-09-11,31.2,35.7,26.5,73,10.2,5.8,145,0.4,20.16
2019-09-12,30.2,33.8,27.5,79,18.4,13.4,124,0.6,17.68
2019-09-13,29.8,33.6,26.4,77,16.1,10.8,115,0.6,18.99
2019-09-14,28.7,32.2,26.0,79,15.9,12.1,97,0.7,15.57
2019-09-15,28.1,31.6,25.5,83,12.3,8.3,98,5.2,15.43
2019-09-16,29.3,33.3,25.2,81,10.4,5.4,89,0.4,18.3
2019-09-17,29.2,32.1,26.0,80,13.0,7.8,145,2.0,18.26
2019-09-18,28.5,31.9,25.9,80,19.3,11.2,116,3.0,16.16
2019-09-19,26.9,30.3,24.7,80,16.6,12.7,109,1.0,17.32
2019-09-20,27.0,30.9,23.1,83,15.9,7.0,112,7.7,17.16
2019-09-21,27.8,31.6,24.6,80,11.9,6.1,134,0.7,16.44
2019-09-22,27.1,29.9,25.1,83,15.9,8.7,125,13.9,15.25
2019-09-23,26.7,31.1,23.5,81,12.8,8.0,103,2.0,16.38
2019-09-24,27.0,31.6,23.4,80,17.8,8.6,110,2.9,17.26
2019-09-25,27.2,31.1,24.1,81,19.2,11.3,102,3.6,16.31
2019-09-26,27.6,30.5,25.1,76,20.2,15.9,99,1.9,14.42
2019-09-27,26.6,30.3,24.3,78,19.5,13.0,80,0.5,12.1
2019-09-28,25.5,29.3,22.8,83,22.3,12.8,81,4.6,13.03
2019-09-29,25.0,27.3,23.1,84,14.7,11.7,98,2.0,10.37
2019-09-30,25.3,29.7,22.6,83,11.4,7.9,122,6.0,14.69
2019-10-01,25.1,28.7,22.3,85,12.6,7.5,106,4.5,13.4
2019-10-02,26.5,30.9,22.2,80,7.9,5.3,94,0.2,16.52
2019-10-03,27.5,32.4,22.9,73,11.5,4.5,153,0.0,17.92
2019-10-04,26.1,29.7,23.1,72,17.3,8.2,321,4.9,15.73
2019-10-05,26.1,31.9,21.9,66,16.7,10.4,319,0.0,19.27
2019-10-06,26.4,32.2,21.1,62,13.2,8.2,328,0.0,19.21
2019-10-07,26.3,31.5,22.1,62,17.4,10.9,308,0.0,16.16
2019-10-08,26.4,31.7,21.0,57,9.8,7.0,300,0.0,18.93
2019-10-09,25.5,30.0,20.3,61,9.6,6.3,173,0.0,16.07
2019-10-10,26.4,31.0,20.7,59,9.7,5.9,109,0.0,15.29
2019-10-11,26.6,32.1,20.5,54,10.7,5.7,324,0.0,17.16
2019-10-12,27.3,33.2,22.1,57,10.7,6.6,5,0.0,17.78
2019-10-13,27.7,33.4,22.9,52,13.7,6.8,329,0.0,17.29
2019-10-14,27.0,33.5,20.7,58,13.2,7.5,12,0.0,17.77
2019-10-15,27.1,33.3,21.2,62,9.7,6.2,72,0.0,16.15
2019-10-16,27.6,33.3,21.6,58,10.2,6.3,122,0.0,16.31
2019-10-17,27.0,32.1,22.1,61,10.2,7.4,154,0.0,15.75
2019-10-18,26.4,31.5,22.6,65,12.3,8.9,137,2.7,15.08
2019-10-19,25.5,30.8,21.1,67,10.1,5.8,240,2.5,15.47
2019-10-20,25.7,32.6,20.3,49,13.8,9.3,314,0.0,17.59
2019-10-21,25.0,31.8,18.9,51,20.5,10.8,313,0.0,17.46
2019-10-22,24.4,31.5,19.1,48,19.1,12.0,293,0.0,17.41
2019-10-23,24.4,31.6,17.7,54,12.5,8.5,311,0.0,17.2
2019-10-24,24.2,30.9,18.0,65,9.4,6.7,65,0.0,16.86
2019-10-25,24.4,29.9,19.7,63,9.9,7.2,120,0.0,15.56
2019-10-26,24.5,30.1,18.9,61,8.9,6.2,154,0.0,16.2
2019-10-27,24.5,31.5,18.5,58,13.2,9.2,311,0.0,16.6
2019-10-28,24.1,30.4,18.3,59,9.5,7.5,296,0.0,15.76
2019-10-29,24.4,29.4,19.5,65,7.1,5.6,293,0.0,11.6
2019-10-30,25.4,31.0,21.3,64,13.8,7.7,297,0.0,12.73
2019-10-31,24.3,30.9,18.3,66,12.7,7.9,310,0.0,15.69
2019-11-01,24.8,31.2,18.9,65,11.4,6.7,341,0.0,15.49
2019-11-02,24.4,30.4,19.8,69,18.9,9.3,332,0.2,13.71
2019-11-03,23.8,28.8,19.2,71,13.1,9.1,301,0.0,13.64
2019-11-04,23.7,29.0,19.1,63,19.7,12.6,302,0.0,14.71
2019-11-05,22.9,29.2,18.2,57,19.4,12.5,287,0.0,15.39
2019-11-06,23.3,29.8,16.9,59,11.2,7.8,183,0.0,13.63
2019-11-07,22.1,26.0,19.4,71,15.2,9.7,94,1.4,10.03
2019-11-08,21.9,26.8,17.2,74,11.4,7.1,17,0.8,12.02
2019-11-09,21.8,28.5,17.1,60,15.8,11.2,317,0.0,14.84
2019-11-10,20.8,27.5,15.5,60,13.4,9.5,319,0.0,14.51
2019-11-11,20.3,26.8,15.3,59,13.8,8.4,317,0.0,14.05
2019-11-12,19.6,27.4,12.8,62,11.9,8.2,318,0.0,14.59
2019-11-13,20.7,27.2,14.6,67,8.6,7.0,343,0.0,13.15
2019-11-14,21.4,27.6,17.3,69,12.4,6.6,355,0.0,12.11
2019-11-15,21.0,27.0,16.8,72,12.1,9.0,327,0.0,11.8
2019-11-16,21.9,28.6,16.9,64,21.4,14.0,313,0.0,13.66
2019-11-17,21.7,27.9,17.4,61,23.7,18.4,300,0.0,13.94
2019-11-18,19.9,25.8,15.3,64,16.9,12.6,283,0.0,13.92
2019-11-19,19.4,25.9,14.1,66,11.5,9.3,283,0.0,13.88
2019-11-20,19.1,25.9,13.0,65,10.6,5.8,10,0.0,13.43
2019-11-21,19.6,26.2,13.5,67,10.1,7.1,55,0.0,12.55
2019-11-22,20.6,27.0,14.3,65,9.8,6.6,337,0.0,13.1
2019-11-23,20.6,26.0,15.9,62,17.6,10.6,301,0.0,10.51
2019-11-24,20.7,26.0,16.0,64,13.6,11.1,308,0.0,10.16
2019-11-25,20.0,25.5,14.7,67,9.2,6.6,1,0.0,11.78
2019-11-26,20.1,25.0,16.1,67,17.6,9.5,30,0.9,9.78
2019-11-27,19.7,25.2,15.2,68,12.0,7.1,47,0.0,9.86
2019-11-28,18.3,22.7,16.2,83,18.5,13.4,85,22.1,8.48
2019-11-29,17.7,22.9,13.2,82,8.3,6.1,356,0.0,11.77
2019-11-30,17.0,22.2,13.3,78,12.0,8.8,304,0.0,12.81
2019-12-01,15.5,21.8,11.5,74,11.3,8.5,287,0.0,13.17
2019-12-02,15.4,21.9,11.1,70,14.3,9.8,288,0.0,13.14
2019-12-03,15.1,22.4,10.2,66,14.3,10.8,283,0.0,13.2
2019-12-04,15.3,21.8,9.5,72,9.3,6.4,317,0.0,12.9
2019-12-05,15.4,21.3,10.4,74,9.9,6.6,19,0.0,12.55
2019-12-06,15.4,21.8,10.1,82,9.2,6.5,324,0.0,11.92
2019-12-07,16.0,22.4,10.0,79,8.9,5.7,329,0.0,12.73
2019-12-08,15.7,22.5,10.1,79,10.2,6.9,346,0.0,12.62
2019-12-09,15.3,21.8,9.2,73,11.2,6.2,322,0.0,12.64
2019-12-10,15.1,21.4,8.5,70,10.8,7.4,313,0.0,12.61
2019-12-11,15.7,21.4,8.9,71,9.2,6.1,92,0.0,11.17
2019-12-12,15.6,18.4,13.5,78,23.7,13.3,113,5.9,5.35
2019-12-13,15.1,19.5,11.4,87,20.3,12.3,156,3.7,8.74
2019-12-14,13.0,17.7,9.8,85,8.6,5.0,8,0.0,8.28
2019-12-15,13.2,18.5,9.3,80,10.5,8.1,311,0.0,12.1
2019-12-16,12.4,18.3,9.1,80,13.0,10.2,300,0.0,12.42
2019-12-17,11.8,18.2,8.1,80,13.3,10.1,293,0.0,12.49
2019-12-18,11.9,18.0,7.9,78,14.0,9.4,287,0.0,12.37
2019-12-19,11.5,17.2,5.8,80,8.8,5.4,352,0.0,10.94
2019-12-20,13.0,18.0,8.5,79,7.5,5.1,338,0.0,11.91
2019-12-21,13.4,16.2,10.3,81,8.9,6.2,306,0.2,4.42
2019-12-22,12.5,18.5,8.2,84,13.3,10.1,310,0.0,12.62
2019-12-23,11.8,18.6,8.2,82,14.4,10.5,297,0.0,12.83
2019-12-24,9.6,15.3,5.8,90,9.4,6.2,21,0.0,9.9
2019-12-25,8.7,15.3,5.2,87,12.4,9.7,309,0.0,10.84
2019-12-26,8.4,14.9,4.3,84,14.8,11.2,305,0.0,12.59
2019-12-27,7.3,13.6,3.3,88,9.7,7.2,308,0.0,10.92
2019-12-28,6.7,13.1,3.0,90,8.6,6.5,345,0.0,10.74
2019-12-29,7.3,13.1,3.8,86,10.2,5.2,342,0.0,11.82
2019-12-30,6.9,12.8,3.3,89,10.2,6.8,95,0.0,10.03
2019-12-31,7.6,12.9,2.0,78,10.2,6.8,126,0.0,12.43
2020-01-01,10.0,17.7,2.9,79,12.0,8.1,70,0.0,11.5
2020-01-02,12.9,19.5,6.8,79,12.4,8.6,79,0.0,11.8
2020-01-03,14.0,19.0,8.3,78,9.8,6.5,49,0.1,11.83
2020-01-04,13.4,18.9,8.8,82,9.7,5.4,18,0.5,10.64
2020-01-05,13.3,19.8,7.9,74,12.9,9.1,309,0.0,12.14
2020-01-06,13.5,17.1,10.3,76,11.6,6.7,25,0.0,6.14
2020-01-07,14.0,17.8,11.1,83,13.0,9.8,109,2.1,6.4
2020-01-08,12.8,15.3,10.3,92,14.5,9.2,17,17.5,5.0
2020-01-09,10.5,16.0,7.1,78,16.1,12.0,314,0.0,13.38
2020-01-10,10.1,16.6,5.8,77,16.1,11.7,306,0.0,13.68
2020-01-11,10.3,16.9,5.5,77,11.3,9.3,303,0.0,12.9
2020-01-12,11.8,19.7,6.0,78,10.9,8.4,310,0.0,13.32
2020-01-13,14.6,20.6,9.2,83,19.3,10.5,138,16.6,10.48
2020-01-14,14.0,18.3,10.5,86,11.7,8.6,326,0.3,9.5
2020-01-15,12.4,18.6,7.4,83,12.2,8.6,333,0.0,13.55
2020-01-16,12.4,15.8,9.4,90,10.0,7.7,351,11.1,7.4
2020-01-17,13.0,17.9,10.2,88,11.0,7.6,344,0.6,10.49
2020-01-18,12.5,17.2,8.9,89,10.9,6.3,356,0.2,10.39
2020-01-19,11.7,17.6,7.8,82,12.7,9.3,299,0.0,14.22
2020-01-20,12.1,17.5,7.2,84,12.5,8.2,296,0.0,11.75
2020-01-21,12.9,18.2,9.3,86,9.5,5.8,79,0.0,13.47
2020-01-22,12.5,18.8,7.4,82,15.1,10.1,307,0.0,14.17
2020-01-23,12.5,17.8,8.5,66,23.2,17.9,298,0.0,14.97
2020-01-24,12.8,19.2,8.4,60,22.6,17.7,290,0.0,15.01
2020-01-25,11.8,18.2,5.3,74,9.8,7.7,309,0.0,14.14
2020-01-26,13.6,20.2,7.1,79,10.5,7.0,318,0.0,14.16
2020-01-27,14.0,20.0,8.6,77,16.7,8.2,59,0.4,9.11
2020-01-28,14.2,19.3,11.0,83,20.7,13.2,102,16.0,10.13
2020-01-29,13.3,18.5,10.3,82,10.2,6.6,349,0.5,13.7
2020-01-30,12.6,18.2,8.5,77,17.8,11.2,312,0.0,15.2
2020-01-31,12.1,17.5,7.4,74,12.7,9.3,308,0.0,15.55
2020-02-01,12.3,18.3,7.6,74,12.5,7.7,342,0.0,15.47
2020-02-02,11.7,18.1,6.8,76,14.4,10.1,299,0.0,16.13
2020-02-03,12.0,18.8,6.5,74,11.8,8.3,304,0.0,16.26
2020-02-04,13.0,19.6,7.2,74,10.4,8.1,103,0.0,15.5
2020-02-05,12.9,19.0,8.3,74,16.0,10.3,321,0.0,15.84
2020-02-06,11.7,17.5,6.9,75,11.2,8.2,311,0.0,16.2
2020-02-07,12.7,18.3,8.1,71,12.0,6.7,347,0.1,14.76
2020-02-08,12.4,19.1,7.0,75,10.7,8.5,300,0.0,16.67
2020-02-09,12.8,19.8,7.0,75,10.2,8.0,311,0.0,16.97
2020-02-10,13.2,20.1,7.4,73,11.1,9.1,314,0.0,17.22
2020-02-11,13.5,20.6,7.2,73,11.2,8.6,325,0.0,17.25
2020-02-12,15.9,23.8,9.1,68,19.5,13.2,292,0.0,16.83
2020-02-13,19.2,26.6,13.0,57,20.6,18.9,291,0.0,17.02
2020-02-14,18.5,24.0,13.8,51,29.0,21.6,301,0.0,17.77
2020-02-15,17.5,24.7,12.2,47,21.3,16.4,290,0.0,18.04
2020-02-16,17.1,25.0,11.0,60,12.2,10.2,307,0.0,18.19
2020-02-17,17.5,25.5,9.1,56,17.7,10.8,291,0.0,18.38
2020-02-18,17.0,25.4,10.3,48,20.2,13.4,284,0.0,18.63
2020-02-19,18.2,25.2,10.0,54,21.5,14.9,122,0.0,16.49
2020-02-20,20.0,26.3,15.0,62,25.4,20.1,118,2.1,16.62
2020-02-21,16.2,18.9,13.6,84,25.2,18.2,78,13.4,10.09
2020-02-22,17.8,21.5,13.9,79,11.9,8.8,66,0.7,12.32
2020-02-23,17.5,23.2,13.2,82,17.8,7.2,5,2.6,15.54
2020-02-24,17.6,23.5,12.3,78,11.8,8.0,320,0.1,17.16
2020-02-25,18.0,24.4,13.1,74,16.3,9.2,315,0.0,18.12
2020-02-26,18.6,25.0,12.7,74,11.2,6.6,347,0.0,18.09
2020-02-27,19.1,25.4,13.4,76,12.1,8.1,108,0.0,17.36
2020-02-28,20.3,25.6,16.0,74,19.3,15.8,119,0.0,14.77
2020-02-29,18.7,21.9,16.1,82,22.3,14.8,126,9.1,11.78
2020-03-01,19.1,24.9,15.1,80,14.8,8.6,102,0.0,18.02
2020-03-02,19.7,25.4,14.8,78,9.4,6.2,0,0.2,17.62
2020-03-03,19.6,26.0,13.6,70,10.5,7.8,352,0.0,18.63
2020-03-04,19.2,24.9,13.9,72,17.2,8.6,123,1.0,16.88
2020-03-05,18.2,24.5,14.5,79,27.8,13.9,103,13.0,15.31
2020-03-06,16.4,21.3,13.7,86,30.4,18.2,127,23.3,8.95
2020-03-07,15.9,20.4,12.8,85,18.9,10.7,134,1.7,11.46
2020-03-08,16.5,22.7,11.6,79,16.4,7.2,312,0.0,19.27
2020-03-09,17.0,23.6,11.8,67,20.3,14.0,304,0.0,21.51
2020-03-10,17.1,23.7,10.1,68,11.0,6.4,283,0.0,20.62
2020-03-11,18.7,23.9,14.9,74,20.9,14.3,119,2.6,14.93
2020-03-12,19.6,25.7,14.3,67,21.1,13.2,121,0.0,19.18
2020-03-13,18.7,24.7,13.7,65,23.2,8.3,321,10.0,21.18
2020-03-14,16.4,20.7,13.5,82,20.4,10.2,21,4.2,15.42
2020-03-15,16.3,21.3,11.2,78,10.7,5.5,355,0.1,18.17
2020-03-16,18.0,23.9,12.8,75,12.0,9.6,323,0.0,19.53
2020-03-17,18.9,25.6,13.5,71,14.1,10.7,320,0.0,22.05
2020-03-18,20.4,27.1,14.3,67,14.8,11.0,313,0.0,21.46
2020-03-19,20.8,27.4,15.2,71,12.5,7.7,331,0.2,20.82
2020-03-20,21.2,29.0,16.0,69,16.7,8.1,109,0.4,18.93
2020-03-21,21.7,28.4,15.2,70,9.2,5.3,56,1.6,20.92
2020-03-22,22.0,28.6,15.5,68,13.8,8.1,347,0.0,21.99
2020-03-23,22.5,29.2,16.2,61,9.4,5.6,8,0.0,22.31
2020-03-24,23.6,30.2,18.2,64,10.8,7.4,139,0.7,17.44
2020-03-25,23.8,30.3,17.8,62,21.8,10.1,339,0.0,20.43
2020-03-26,23.5,29.7,18.8,61,19.6,12.7,307,0.0,14.88
2020-03-27,21.4,25.2,19.2,74,16.2,10.7,214,6.0,9.62
2020-03-28,21.3,27.3,16.1,69,17.3,10.5,321,0.1,22.99
2020-03-29,21.9,28.2,16.4,59,22.5,14.5,316,0.0,22.42
2020-03-30,21.9,28.8,15.8,55,19.2,12.1,311,0.0,23.32
2020-03-31,22.7,30.1,16.1,56,20.1,11.4,327,0.1,20.86
2020-04-01,23.9,31.1,17.6,56,13.0,7.4,357,0.0,22.21
2020-04-02,23.3,29.5,17.8,53,20.9,14.7,318,0.0,22.4
2020-04-03,22.4,29.4,16.1,44,19.1,12.0,311,0.0,24.22
2020-04-04,23.2,31.0,15.5,48,17.2,11.8,322,0.0,23.95
2020-04-05,24.0,31.6,17.0,53,15.5,9.0,345,0.0,21.85
2020-04-06,26.2,33.4,18.4,46,18.0,10.0,348,0.0,23.3
2020-04-07,25.0,32.8,18.4,46,19.6,13.7,330,0.4,22.61
2020-04-08,24.9,31.5,18.7,46,16.7,11.9,331,0.0,23.61
2020-04-09,24.4,31.5,17.5,46,15.8,10.6,317,0.0,24.21
2020-04-10,25.7,34.0,18.0,47,17.2,8.4,335,0.0,23.06
2020-04-11,27.7,35.1,19.2,42,13.8,8.1,348,0.0,23.28
2020-04-12,28.0,34.9,20.8,42,15.0,11.3,311,0.0,24.16
2020-04-13,29.3,37.0,20.8,41,20.6,10.9,309,0.0,23.03
2020-04-14,30.1,37.9,22.8,41,22.0,8.7,80,0.0,21.85
2020-04-15,30.4,37.6,25.1,38,20.6,10.2,121,0.0,20.36
2020-04-16,30.3,37.8,23.1,36,16.9,10.2,323,0.0,22.0
2020-04-17,29.6,34.7,25.2,34,20.4,12.7,14,0.0,17.64
2020-04-18,29.0,35.5,23.5,38,25.1,13.8,59,0.0,20.95
2020-04-19,27.9,33.9,22.3,43,14.4,9.8,330,0.0,21.41
2020-04-20,26.8,33.9,21.6,45,14.5,7.6,290,0.4,15.92
2020-04-21,26.1,32.2,19.6,51,14.8,8.4,14,0.0,23.39
2020-04-22,27.5,34.1,20.0,41,13.8,7.8,349,0.0,24.32
2020-04-23,28.9,35.5,24.3,38,20.2,10.1,219,0.0,18.42
2020-04-24,28.9,35.4,21.7,41,11.4,7.0,76,0.0,22.3
2020-04-25,28.5,33.7,23.6,43,17.1,8.1,141,0.5,20.6
2020-04-26,26.9,31.8,23.4,58,29.5,14.5,120,1.0,19.11
2020-04-27,25.4,30.4,20.8,69,21.1,16.4,110,2.8,18.97
2020-04-28,26.4,32.3,21.6,64,14.8,9.0,92,0.2,21.06
2020-04-29,28.6,34.7,21.1,55,12.6,7.2,150,0.0,22.06
2020-04-30,29.4,36.1,24.1,51,23.2,10.8,106,0.2,20.87
2020-05-01,30.5,38.4,22.4,54,17.3,10.7,83,0.0,22.33
2020-05-02,29.3,36.6,24.3,57,29.5,18.4,111,0.9,22.41
2020-05-03,27.7,34.7,23.5,64,25.5,13.7,107,21.8,13.69
2020-05-04,27.2,32.9,21.0,66,14.6,7.0,54,0.0,23.5
2020-05-05,28.8,34.4,23.1,50,25.6,7.7,342,0.0,20.23
2020-05-06,28.6,35.2,21.7,45,18.8,7.5,123,0.0,21.12
2020-05-07,28.6,35.8,22.1,44,17.7,10.3,76,0.0,23.7
2020-05-08,30.7,38.1,23.1,40,13.7,9.4,132,0.0,23.8
2020-05-09,31.6,39.5,25.2,41,14.7,9.9,119,0.0,23.07
2020-05-10,29.6,36.3,24.5,54,17.7,13.2,117,0.8,19.89
2020-05-11,29.1,35.8,22.8,57,15.3,11.2,125,0.3,21.51
2020-05-12,29.4,35.5,23.1,55,17.0,10.0,91,0.0,22.89
2020-05-13,29.7,35.5,25.8,55,14.9,7.7,354,0.3,17.96
2020-05-14,30.5,36.8,24.1,53,13.2,7.3,63,0.0,20.6
2020-05-15,31.4,38.2,24.7,41,20.4,12.2,323,0.0,23.17
2020-05-16,31.5,38.1,24.6,33,18.4,12.4,314,0.0,24.23
2020-05-17,31.8,38.7,24.1,32,16.0,8.8,310,0.0,20.46
2020-05-18,31.4,38.7,23.8,30,17.2,10.2,338,0.0,23.46
2020-05-19,32.1,38.6,24.7,22,14.3,7.8,347,0.0,22.24
2020-05-20,30.8,37.7,23.3,26,21.2,12.7,318,0.0,24.89
2020-05-21,32.2,40.2,24.0,26,22.7,13.7,303,0.0,25.03
2020-05-22,34.0,42.1,25.3,26,11.8,6.4,325,0.0,24.43
2020-05-23,34.6,41.7,27.7,28,18.1,8.8,99,0.0,21.04
2020-05-24,35.6,42.3,27.7,25,23.7,12.6,314,0.0,22.63
2020-05-25,35.7,43.2,27.8,22,23.1,12.8,303,0.0,24.61
2020-05-26,36.9,44.2,29.6,19,19.7,11.0,298,0.0,23.09
2020-05-27,36.5,43.7,28.9,21,17.1,9.9,347,0.0,22.8
2020-05-28,33.0,38.2,28.6,41,29.8,19.6,114,0.1,18.38
2020-05-29,30.1,35.1,25.9,58,27.5,20.7,115,4.2,16.91
2020-05-30,28.2,32.7,23.5,61,20.0,12.1,129,5.4,16.34
2020-05-31,26.8,32.6,22.9,69,16.2,7.6,114,0.2,20.79
2020-06-01,27.8,33.3,21.6,67,9.6,6.5,33,0.0,23.12
2020-06-02,29.0,34.4,24.0,62,14.1,6.5,274,0.0,20.8
2020-06-03,29.9,35.8,24.2,58,11.3,6.2,7,0.0,22.73
2020-06-04,29.6,34.4,24.9,57,11.8,7.1,133,0.0,17.06
2020-06-05,29.0,34.4,24.8,60,12.2,8.2,160,0.0,22.43
2020-06-06,29.5,34.4,24.4,58,13.1,7.6,132,0.0,20.94
2020-06-07,30.6,36.2,26.7,59,15.0,8.4,144,1.2,21.03
2020-06-08,30.8,35.5,25.6,60,13.2,6.9,353,0.1,21.56
2020-06-09,33.0,37.9,26.7,51,12.3,6.5,315,0.0,22.02
2020-06-10,33.7,38.4,28.3,52,19.4,7.5,325,0.0,20.56
2020-06-11,33.5,37.6,27.7,53,11.6,6.4,60,0.0,21.87
2020-06-12,33.8,38.5,28.9,52,16.6,9.0,115,0.0,21.02
2020-06-13,33.6,38.5,29.6,55,15.3,9.0,103,0.0,21.59
2020-06-14,33.6,38.5,29.2,56,12.1,8.6,84,0.0,21.39
2020-06-15,34.3,40.1,29.2,47,18.2,8.7,313,0.0,22.21
2020-06-16,33.8,39.2,28.5,48,14.3,9.4,146,0.1,21.48
2020-06-17,33.9,39.9,29.0,52,17.6,11.5,113,0.0,23.04
2020-06-18,34.6,41.2,28.1,50,18.4,10.1,113,0.0,23.66
2020-06-19,34.9,40.3,30.0,53,19.3,11.2,120,0.0,20.67
2020-06-20,33.7,39.2,29.5,54,19.9,12.0,139,1.2,20.77
2020-06-21,33.4,38.6,28.7,54,13.8,9.0,105,0.0,22.47
2020-06-22,31.9,36.5,27.6,61,10.9,7.2,84,1.0,20.89
2020-06-23,31.5,35.1,28.4,64,21.0,14.3,106,2.0,19.74
2020-06-24,30.3,33.1,28.3,72,15.1,11.7,108,3.1,17.18
2020-06-25,31.9,37.1,26.7,66,10.2,5.5,311,0.0,22.8
2020-06-26,32.4,36.4,27.9,65,18.8,10.0,282,1.4,18.54
2020-06-27,33.7,38.3,29.5,57,29.5,13.6,277,0.1,18.8
2020-06-28,35.0,38.9,30.3,51,26.2,13.9,270,0.2,19.17
2020-06-29,34.4,39.7,29.7,54,24.6,12.8,75,0.5,21.38
2020-06-30,32.2,36.4,27.2,63,17.1,12.2,111,0.0,22.43
2020-07-01,33.4,38.2,28.6,59,14.2,8.4,111,0.0,22.26
2020-07-02,35.1,40.6,29.9,53,15.7,8.2,180,0.1,21.98
2020-07-03,35.0,41.2,31.0,56,22.9,12.4,120,0.0,23.14
2020-07-04,33.1,37.7,28.7,64,21.4,14.5,111,0.0,21.54
2020-07-05,29.9,34.6,24.9,70,18.1,11.6,69,4.1,19.01
2020-07-06,30.6,34.7,26.5,70,16.3,10.8,106,0.3,21.03
2020-07-07,29.3,32.9,27.1,74,23.8,15.1,104,1.5,16.45
2020-07-08,28.8,32.8,25.6,82,19.0,12.5,136,5.4,14.21
2020-07-09,30.2,33.6,26.8,78,12.8,8.2,215,2.2,15.85
2020-07-10,32.7,37.8,28.7,63,17.0,10.6,283,1.6,20.07
2020-07-11,31.9,36.4,26.0,64,19.2,12.0,258,0.9,20.93
2020-07-12,31.7,35.5,28.8,66,14.7,7.9,254,0.5,19.91
2020-07-13,31.9,36.2,27.3,65,15.3,8.3,280,0.1,20.49
2020-07-14,33.2,38.6,28.9,60,13.6,7.5,259,0.0,22.03
2020-07-15,31.9,36.4,28.0,68,18.3,14.9,102,0.1,22.37
2020-07-16,30.7,33.6,28.2,73,21.1,14.2,101,4.6,18.44
2020-07-17,31.1,34.9,28.2,74,17.7,11.5,111,10.8,18.12
2020-07-18,31.6,35.8,27.3,74,15.1,10.5,108,2.5,18.8
2020-07-19,30.5,34.6,27.1,80,17.2,9.5,261,14.1,15.81
2020-07-20,29.3,33.3,26.3,79,17.4,11.3,270,15.3,19.31
2020-07-21,28.2,32.4,25.1,82,11.9,7.3,169,13.5,18.38
2020-07-22,27.2,30.3,25.3,86,15.6,8.3,275,14.4,15.15
2020-07-23,28.5,32.8,24.4,79,8.4,6.3,307,0.2,21.81
2020-07-24,28.8,32.4,26.1,78,13.1,8.4,106,1.6,19.36
2020-07-25,28.8,32.3,25.8,82,14.2,10.1,109,1.9,19.63
2020-07-26,29.9,34.1,25.6,80,11.3,6.2,102,2.6,21.57
2020-07-27,31.0,34.3,27.8,75,16.3,9.9,271,2.7,20.2
2020-07-28,31.8,35.5,29.1,67,19.6,13.3,260,0.4,20.49
2020-07-29,30.5,33.9,27.8,72,18.4,10.3,164,0.1,14.81
2020-07-30,28.9,31.9,25.8,79,12.8,7.8,151,3.9,16.89
2020-07-31,29.2,33.1,25.4,84,9.5,6.8,109,8.5,18.9
2020-08-01,29.4,32.8,26.8,84,8.4,5.6,139,5.6,17.68
2020-08-02,31.1,35.2,27.5,75,15.3,8.8,287,0.2,21.2
2020-08-03,31.7,35.9,28.5,72,15.5,8.7,264,1.3,18.58
2020-08-04,31.7,36.9,27.3,73,11.7,8.3,322,0.9,22.21
2020-08-05,30.5,33.7,28.1,79,19.3,10.7,89,2.1,17.91
2020-08-06,30.9,34.8,27.6,71,34.1,23.0,96,0.1,21.45
2020-08-07,29.9,33.6,27.2,76,26.4,16.6,109,0.9,20.47
2020-08-08,30.8,34.5,27.4,78,8.9,3.9,180,3.3,20.62
2020-08-09,29.8,33.3,26.9,83,12.9,5.6,91,22.8,16.88
2020-08-10,28.8,31.1,26.5,87,13.8,9.1,117,2.4,13.61
2020-08-11,28.9,31.8,26.5,87,11.7,6.2,220,15.8,12.51
2020-08-12,29.8,33.8,26.3,83,15.5,11.1,265,3.4,18.79
2020-08-13,26.6,27.5,25.8,95,12.8,8.1,60,84.6,4.21
2020-08-14,27.6,30.9,25.6,89,19.4,12.6,100,5.0,15.69
2020-08-15,28.9,32.3,25.9,86,14.6,11.0,115,2.6,19.06
2020-08-16,28.7,31.9,26.0,87,14.2,9.3,116,6.2,16.03
2020-08-17,29.1,32.8,26.7,86,14.2,9.1,128,2.1,17.55
2020-08-18,29.8,32.3,27.6,84,10.6,5.3,204,9.7,16.66
2020-08-19,27.1,29.1,26.1,92,9.4,7.0,168,16.7,6.87
2020-08-20,26.5,29.1,24.5,93,14.3,8.1,90,8.8,8.04
2020-08-21,28.6,32.2,25.9,79,18.9,13.3,91,0.2,21.69
2020-08-22,28.6,32.6,26.1,75,26.6,18.1,90,0.1,19.7
2020-08-23,28.1,31.4,25.8,81,25.0,17.3,90,2.0,17.92
2020-08-24,27.7,30.6,25.5,82,23.8,15.5,118,0.8,14.76
2020-08-25,28.5,31.8,25.6,80,16.5,10.7,142,0.9,19.69
2020-08-26,29.0,32.2,26.1,79,12.2,7.5,247,0.9,19.14
2020-08-27,28.7,31.5,26.6,80,12.5,6.7,300,1.1,17.17
2020-08-28,28.5,33.0,26.0,84,13.2,5.6,40,2.8,18.89
2020-08-29,28.5,32.5,25.4,83,14.2,7.2,100,1.8,19.68
2020-08-30,27.9,30.4,26.3,79,29.3,20.2,95,2.4,17.84
2020-08-31,27.9,31.5,25.2,77,21.3,16.2,143,1.5,15.95
2020-09-01,28.5,32.4,25.2,75,11.5,9.5,183,1.3,19.24
2020-09-02,28.8,32.4,25.5,76,11.2,6.6,253,0.8,17.25
2020-09-03,28.5,31.5,26.2,83,17.4,10.4,109,5.4,15.86
2020-09-04,28.9,32.3,26.2,81,15.5,10.0,124,2.5,18.85
2020-09-05,28.3,33.1,25.8,85,9.0,4.9,216,9.6,18.15
2020-09-06,28.2,31.3,25.9,86,9.2,5.5,289,5.3,16.56
2020-09-07,28.7,32.1,25.9,83,7.9,4.5,317,4.5,17.55
2020-09-08,29.3,32.9,26.1,79,8.2,5.4,297,0.4,18.99
2020-09-09,29.8,34.1,25.9,74,14.2,6.9,307,0.0,21.43
2020-09-10,29.8,34.3,26.0,72,15.0,8.6,291,0.0,20.83
2020-09-11,30.2,34.9,25.9,69,12.4,6.8,308,0.0,21.1
2020-09-12,30.2,34.7,25.5,70,10.1,6.2,19,0.0,21.09
2020-09-13,30.0,33.6,25.9,73,10.1,6.0,23,0.0,19.35
2020-09-14,29.8,33.7,26.5,77,10.7,5.3,65,0.6,18.73
2020-09-15,30.8,35.2,26.1,69,15.0,5.3,331,0.0,21.15
2020-09-16,31.4,36.3,26.8,65,13.3,7.0,292,0.0,20.27
2020-09-17,31.7,36.6,27.2,61,18.5,10.3,295,0.0,20.62
2020-09-18,32.1,37.3,27.4,58,15.6,9.8,286,0.0,19.84
2020-09-19,31.4,36.2,26.9,63,12.8,6.1,352,0.0,20.32
2020-09-20,30.7,36.0,26.4,67,16.7,8.5,355,0.0,21.18
2020-09-21,30.8,35.6,25.2,62,10.5,7.0,353,0.0,20.57
2020-09-22,30.2,33.5,26.7,73,16.2,8.3,100,5.7,17.68
2020-09-23,29.5,32.7,26.1,73,13.5,8.5,106,2.3,17.52
2020-09-24,29.6,35.4,25.5,70,16.9,7.5,29,0.0,20.55
2020-09-25,30.6,36.6,25.8,59,19.6,11.5,277,0.0,20.39
2020-09-26,29.2,34.6,24.3,56,18.1,9.7,277,0.0,17.49
2020-09-27,28.9,34.7,24.2,58,12.9,8.9,296,0.0,19.76
2020-09-28,28.5,34.8,23.5,57,19.3,10.1,307,0.0,20.69
2020-09-29,28.0,34.5,22.4,55,20.7,10.8,302,0.0,20.54
2020-09-30,27.9,34.5,22.0,51,20.7,12.2,300,0.0,20.56
2020-10-01,28.3,35.2,22.1,52,18.6,10.5,299,0.0,20.34
2020-10-02,27.9,34.7,21.7,59,13.3,8.0,295,0.0,20.3
2020-10-03,27.3,33.7,21.1,56,14.0,8.5,309,0.0,20.35
2020-10-04,26.4,33.5,18.3,52,14.5,8.6,304,0.0,20.32
2020-10-05,26.7,34.0,20.1,50,19.2,10.9,303,0.0,20.16
2020-10-06,26.7,34.1,19.4,52,18.0,10.6,310,0.0,20.07
2020-10-07,26.8,34.5,20.2,57,14.0,7.3,307,0.0,19.67
2020-10-08,26.9,34.0,19.4,56,13.5,7.0,308,0.0,19.68
2020-10-09,27.0,33.5,19.5,56,10.3,5.7,318,0.0,19.39
2020-10-10,27.3,33.7,20.5,55,13.2,6.9,298,0.0,18.93
2020-10-11,27.5,33.7,20.5,53,14.5,7.3,315,0.0,18.98
2020-10-12,27.3,33.2,20.2,60,10.6,6.3,39,0.0,18.54
2020-10-13,27.4,34.0,21.4,62,11.0,8.1,91,0.0,17.79
2020-10-14,27.6,33.1,22.5,66,12.7,7.1,61,0.0,15.85
2020-10-15,27.3,33.5,21.8,56,13.0,7.9,28,0.0,18.11
2020-10-16,25.6,32.9,18.5,47,10.5,6.8,352,0.0,18.36
2020-10-17,27.0,33.2,21.4,43,9.3,5.8,19,0.0,17.92
2020-10-18,26.1,33.2,19.3,39,12.7,8.9,305,0.0,17.91
2020-10-19,25.3,32.4,19.3,36,13.7,9.1,301,0.0,17.87
2020-10-20,24.9,33.0,17.3,36,14.7,8.9,330,0.0,18.24
2020-10-21,25.4,33.4,17.2,42,11.2,7.3,72,0.0,16.17
2020-10-22,26.2,32.5,20.3,42,10.9,6.5,51,0.0,14.63
2020-10-23,25.4,32.5,17.7,44,11.7,7.3,11,0.0,17.51
2020-10-24,24.9,32.4,18.7,43,12.2,7.7,314,0.0,17.51
2020-10-25,25.6,32.9,18.2,42,10.9,6.6,24,0.0,17.24
2020-10-26,25.1,32.2,18.5,42,11.3,7.2,341,0.0,15.72
2020-10-27,23.1,30.8,16.8,35,15.6,11.0,301,0.0,17.14
2020-10-28,23.1,30.2,15.3,39,10.4,7.0,317,0.0,16.98
2020-10-29,23.9,30.2,16.7,45,10.6,5.5,20,0.0,16.71
2020-10-30,22.4,30.1,14.5,46,14.2,9.0,302,0.0,16.57
2020-10-31,21.9,30.1,15.1,40,16.5,10.7,304,0.0,16.57
2020-11-01,21.4,29.0,14.3,30,16.3,10.7,287,0.0,16.73
2020-11-02,21.9,29.4,13.7,29,17.7,10.1,290,0.0,16.5
2020-11-03,21.9,29.7,12.8,32,12.0,7.3,266,0.0,16.34
2020-11-04,21.4,29.0,13.8,39,13.4,9.2,270,0.0,15.8
2020-11-05,22.6,30.1,14.6,40,10.2,8.0,283,0.0,15.84
2020-11-06,21.9,30.3,13.4,41,10.9,8.6,282,0.0,15.72
2020-11-07,21.4,29.5,14.2,42,15.1,10.3,284,0.0,15.6
2020-11-08,21.5,29.2,12.6,45,8.9,5.6,299,0.0,15.5
2020-11-09,20.9,28.7,12.7,52,11.1,7.1,355,0.0,15.31
2020-11-10,21.1,27.7,15.3,57,10.5,6.0,79,0.0,14.85
2020-11-11,20.6,27.7,14.5,62,10.8,7.7,83,0.0,14.69
2020-11-12,21.0,27.3,13.9,58,11.3,5.9,57,0.0,14.34
2020-11-13,21.0,27.2,13.4,53,8.1,5.1,293,0.0,14.53
2020-11-14,20.4,27.9,14.2,55,9.1,6.1,321,0.0,14.32
2020-11-15,21.1,29.0,15.8,61,20.1,14.2,131,4.2,12.6
2020-11-16,19.5,25.1,16.2,79,16.9,9.7,68,8.2,12.66
2020-11-17,18.7,24.1,14.5,74,11.7,8.3,316,0.0,13.69
2020-11-18,17.8,23.8,13.5,68,8.5,7.0,323,0.0,13.99
2020-11-19,17.2,23.2,12.7,63,9.5,6.7,351,0.0,12.64
2020-11-20,16.5,23.6,11.3,58,16.3,11.2,313,0.0,14.24
2020-11-21,16.3,22.6,11.6,52,21.9,14.1,297,0.0,14.17
2020-11-22,15.8,22.6,10.0,53,13.0,9.9,289,0.0,13.96
2020-11-23,15.8,23.1,9.0,58,11.3,5.8,33,0.0,13.71
2020-11-24,16.1,23.0,9.8,62,11.2,7.2,100,0.0,12.28
2020-11-25,17.0,22.1,13.7,64,14.5,9.0,78,0.0,9.95
2020-11-26,17.3,22.5,13.5,69,12.3,7.7,1,0.7,11.7
2020-11-27,17.3,24.1,12.3,67,15.2,12.2,307,0.0,13.57
2020-11-28,16.4,23.8,11.2,63,14.9,11.4,288,0.0,13.64
2020-11-29,15.6,23.4,9.8,64,11.4,8.7,288,0.0,13.73
2020-11-30,16.2,24.0,10.0,65,10.7,7.5,293,0.0,13.24
2020-12-01,16.6,24.5,10.1,69,11.2,7.7,297,0.0,13.15
2020-12-02,17.7,25.6,11.0,67,15.0,10.1,282,0.0,13.2
2020-12-03,18.5,25.5,11.6,64,9.4,6.3,286,0.0,13.03
2020-12-04,18.6,26.8,11.4,64,11.1,7.5,125,0.0,12.9
2020-12-05,18.9,26.5,13.1,68,11.9,10.2,118,0.0,12.74
2020-12-06,19.0,26.7,13.6,71,10.4,6.9,123,0.0,12.75
2020-12-07,18.4,26.0,13.0,74,12.1,9.4,291,0.0,12.66
2020-12-08,18.2,25.6,11.7,73,10.0,6.8,339,0.0,12.63
2020-12-09,19.4,26.0,12.5,67,9.7,5.7,338,0.0,12.54
2020-12-10,18.7,26.3,13.1,68,9.5,7.7,333,0.0,12.25
2020-12-11,18.9,25.4,13.0,70,9.5,6.8,107,0.2,9.54
2020-12-12,17.9,22.9,14.7,82,11.0,6.3,39,0.9,10.57
2020-12-13,15.1,21.0,10.7,68,16.9,11.0,312,0.0,12.96
2020-12-14,12.6,19.8,8.4,71,13.6,9.7,319,0.0,13.21
2020-12-15,11.3,18.5,6.4,72,11.3,8.7,330,0.0,12.99
2020-12-16,11.5,18.8,6.8,70,15.0,10.5,314,0.0,12.9
2020-12-17,10.2,16.4,5.3,65,17.1,13.9,301,0.0,13.24
2020-12-18,11.0,17.9,5.9,58,18.2,14.0,293,0.0,13.12
2020-12-19,12.2,19.7,6.3,59,17.3,13.1,290,0.0,13.06
2020-12-20,13.4,20.9,7.1,61,15.3,12.4,292,0.0,12.18
2020-12-21,13.2,19.6,7.9,70,11.3,9.0,297,0.0,10.21
2020-12-22,14.1,21.0,7.9,71,9.5,6.9,294,0.0,12.52
2020-12-23,14.0,21.2,6.2,72,10.2,6.4,302,0.0,12.91
2020-12-24,13.8,21.8,6.8,67,11.5,8.6,319,0.0,12.94
2020-12-25,13.3,20.9,6.4,65,14.5,9.3,308,0.0,13.06
2020-12-26,12.8,20.1,6.6,71,13.0,9.7,300,0.0,12.78
2020-12-27,14.9,22.0,9.3,64,21.9,10.0,152,0.2,12.78
2020-12-28,12.0,17.8,6.8,53,14.8,10.7,341,0.0,13.32
2020-12-29,10.3,16.5,5.5,67,16.8,11.3,317,0.0,13.3
2020-12-30,9.7,16.6,5.1,76,12.8,10.3,310,0.0,13.31
2020-12-31,9.7,17.1,4.9,79,11.2,9.1,292,0.0,12.83
2021-01-01,10.5,18.1,3.5,75,9.1,5.7,103,0.0,12.36
2021-01-02,13.7,18.5,9.7,72,12.9,9.6,108,4.5,8.96
2021-01-03,16.0,21.0,12.3,83,23.4,15.1,121,8.1,10.55
2021-01-04,16.6,22.3,13.0,88,14.2,9.9,96,5.6,8.67
2021-01-05,17.5,21.8,14.0,84,14.2,10.7,94,2.8,7.77
2021-01-06,17.5,21.8,14.8,86,13.3,8.0,117,2.7,8.89
2021-01-07,14.9,19.5,11.1,85,12.6,9.1,296,0.0,10.83
2021-01-08,13.4,19.1,9.0,85,9.8,6.3,342,0.0,10.2
2021-01-09,14.9,20.0,11.1,81,16.8,12.1,318,0.0,11.1
2021-01-10,12.3,17.7,8.7,74,15.6,14.0,305,0.0,13.81
2021-01-11,11.6,17.9,7.3,80,19.9,14.1,301,0.0,13.95
2021-01-12,11.4,18.2,6.8,77,17.6,11.3,284,0.0,14.01
2021-01-13,10.9,18.6,6.0,77,15.9,10.7,288,0.0,14.29
2021-01-14,11.3,18.8,4.8,79,10.3,6.7,83,0.0,13.64
2021-01-15,12.3,19.5,8.0,82,10.9,4.9,52,0.0,13.64
2021-01-16,10.3,17.1,5.3,86,11.2,7.8,310,0.0,13.02
2021-01-17,11.4,19.0,6.7,83,16.2,11.4,104,0.0,12.68
2021-01-18,13.4,18.2,10.4,86,13.6,10.5,89,3.0,8.07
2021-01-19,14.6,21.0,10.1,85,13.3,10.0,295,0.0,14.02
2021-01-20,14.2,20.1,10.1,83,17.9,14.9,284,0.0,14.63
2021-01-21,13.7,20.5,9.3,76,18.9,14.4,281,0.0,15.04
2021-01-22,13.4,21.2,7.4,76,13.5,9.7,113,0.0,14.78
2021-01-23,14.2,21.0,8.9,77,16.5,13.1,129,0.0,14.49
2021-01-24,13.1,19.2,9.0,79,14.5,9.8,304,0.0,14.58
2021-01-25,11.5,18.3,6.5,79,10.1,8.3,304,0.0,15.25
2021-01-26,11.7,18.3,7.2,77,13.8,9.6,290,0.0,15.39
2021-01-27,11.7,18.8,6.6,73,15.6,10.5,294,0.0,15.7
2021-01-28,10.8,18.1,5.6,75,11.9,8.6,316,0.0,15.76
2021-01-29,11.7,18.7,6.0,72,16.9,10.8,288,0.0,15.86
2021-01-30,12.0,19.1,6.5,67,15.9,12.0,283,0.0,16.15
2021-01-31,12.5,20.5,5.3,66,10.6,7.6,284,0.0,16.2
2021-02-01,14.3,22.6,7.1,72,11.6,7.4,12,0.0,15.96
2021-02-02,15.1,23.5,7.6,72,9.1,6.5,320,0.0,16.17
2021-02-03,17.2,23.9,12.0,72,14.8,12.4,122,0.1,15.4
2021-02-04,15.6,21.6,10.6,80,18.4,9.9,52,11.0,12.11
2021-02-05,13.4,19.7,8.5,83,12.6,8.8,327,0.0,15.07
2021-02-06,13.9,20.1,8.8,73,16.8,11.6,308,0.0,16.66
2021-02-07,14.7,21.3,9.6,70,19.4,12.8,296,0.0,16.79
2021-02-08,15.0,22.4,8.6,75,13.1,8.3,296,0.0,16.83
2021-02-09,16.6,24.1,10.2,71,12.2,9.2,284,0.0,16.9
2021-02-10,17.7,25.3,11.8,72,10.2,7.3,33,0.0,17.07
2021-02-11,17.0,24.0,11.3,75,11.1,7.5,329,0.0,17.26
2021-02-12,17.2,24.6,11.2,77,10.9,7.0,312,0.0,16.64
2021-02-13,16.9,24.1,11.7,78,11.0,6.1,340,0.0,16.04
2021-02-14,18.2,25.6,12.3,71,10.9,5.9,20,0.0,17.51
2021-02-15,18.9,27.0,12.1,68,10.7,6.7,347,0.0,16.6
2021-02-16,18.8,26.9,12.2,70,11.5,7.1,8,0.0,17.64
2021-02-17,18.1,25.7,11.7,71,9.2,7.4,330,0.0,18.15
2021-02-18,18.3,25.6,11.5,71,10.8,6.9,345,0.0,18.06
2021-02-19,17.9,25.5,11.1,74,13.3,7.9,317,0.0,18.24
2021-02-20,18.0,25.9,11.8,69,13.0,8.9,305,0.0,18.37
2021-02-21,18.7,25.9,11.7,66,15.5,10.6,295,0.0,18.74
2021-02-22,19.5,27.4,12.7,66,17.3,10.7,288,0.0,18.47
2021-02-23,21.5,29.6,13.1,56,10.5,8.1,281,0.0,18.71
2021-02-24,22.0,30.1,13.6,58,12.1,8.2,293,0.0,19.02
2021-02-25,22.5,30.3,13.7,59,15.0,9.5,291,0.0,19.0
2021-02-26,23.2,30.9,15.5,56,17.9,11.1,272,0.0,18.94
2021-02-27,24.1,30.4,19.0,42,15.5,10.7,285,0.0,19.34
2021-02-28,22.2,29.9,16.9,49,15.7,8.8,349,0.0,18.69
2021-03-01,20.4,27.5,14.3,46,21.4,12.7,317,0.0,20.26
2021-03-02,20.7,27.6,14.7,40,25.7,17.8,300,0.0,20.41
2021-03-03,22.3,29.4,15.1,39,18.8,12.4,301,0.0,20.29
2021-03-04,23.7,31.4,15.2,44,10.6,5.6,8,0.0,20.21
2021-03-05,22.6,30.1,15.9,45,24.1,15.1,308,0.0,20.73
2021-03-06,22.6,30.6,15.3,43,17.8,12.4,300,0.0,20.7
2021-03-07,24.8,33.2,15.4,42,18.0,10.8,117,0.0,20.3
2021-03-08,24.7,31.1,19.2,50,23.4,14.9,103,0.0,20.07
2021-03-09,24.7,32.2,18.5,59,11.6,7.2,100,0.2,17.59
2021-03-10,23.9,31.0,18.4,61,13.4,8.0,344,0.1,18.38
2021-03-11,24.8,32.6,16.6,53,10.9,7.9,57,0.0,21.15
2021-03-12,23.4,30.5,18.0,54,17.6,10.5,108,0.7,15.48
2021-03-13,23.3,30.3,16.2,61,11.8,6.8,324,0.0,20.67
2021-03-14,23.2,30.1,16.4,50,17.1,10.5,307,0.0,21.54
2021-03-15,24.1,31.7,17.6,51,17.3,11.4,300,0.0,21.08
2021-03-16,24.4,32.3,17.3,47,18.8,11.4,304,0.0,21.9
2021-03-17,25.1,32.9,17.6,42,11.6,9.5,318,0.0,21.22
2021-03-18,24.8,33.1,17.5,47,17.7,7.8,294,0.0,19.5
2021-03-19,24.7,32.3,19.5,51,17.9,8.4,276,0.0,18.08
2021-03-20,24.9,32.6,17.6,44,20.1,11.5,300,0.0,22.03
2021-03-21,25.8,33.7,18.0,42,21.1,9.7,316,0.0,21.32
2021-03-22,25.0,33.3,18.9,48,21.9,11.6,74,0.0,18.51
2021-03-23,24.7,32.3,20.2,49,30.6,11.1,112,0.5,18.62
2021-03-24,24.4,31.2,16.9,44,17.6,9.8,317,0.0,21.41
2021-03-25,23.5,30.6,16.7,40,23.3,16.2,302,0.0,23.26
2021-03-26,23.6,30.9,16.2,46,21.2,13.8,297,0.0,23.2
2021-03-27,25.6,32.9,17.8,45,12.0,7.8,301,0.0,22.81
2021-03-28,27.9,35.4,18.6,43,10.4,7.2,279,0.0,23.01
2021-03-29,29.3,37.7,21.6,37,13.7,8.7,126,0.0,23.35
2021-03-30,30.2,36.7,23.3,30,35.5,19.2,284,0.0,24.12
2021-03-31,27.6,34.2,21.9,23,27.9,20.7,301,0.0,24.41
2021-04-01,26.1,33.7,19.1,16,29.2,21.3,300,0.0,24.78
2021-04-02,25.3,33.2,17.3,17,15.5,12.2,307,0.0,24.53
2021-04-03,25.2,33.8,16.9,19,13.3,8.8,336,0.0,24.54
2021-04-04,26.6,35.1,17.1,22,16.8,10.9,309,0.0,24.29
2021-04-05,29.4,38.0,19.5,26,18.1,10.4,78,0.0,22.71
2021-04-06,30.1,37.7,22.6,29,16.5,10.0,97,0.0,23.22
2021-04-07,28.7,35.6,21.5,31,19.9,11.5,321,0.0,23.16
2021-04-08,27.1,34.0,20.5,25,15.9,11.5,307,0.0,24.74
2021-04-09,26.9,35.3,18.6,21,16.7,11.1,336,0.0,24.7
2021-04-10,28.2,36.2,19.4,18,20.0,11.3,314,0.0,24.85
2021-04-11,29.1,37.3,20.2,20,15.6,10.1,311,0.0,24.66
2021-04-12,29.9,38.0,20.8,19,17.2,9.5,320,0.0,22.55
2021-04-13,30.3,37.9,22.0,22,19.8,12.3,296,0.0,22.58
2021-04-14,30.6,38.8,22.0,22,27.2,13.5,290,0.0,21.54
2021-04-15,31.0,38.8,23.0,19,19.6,10.8,289,0.0,23.16
2021-04-16,29.4,38.8,22.6,33,31.0,10.7,257,2.6,20.43
2021-04-17,27.5,34.2,19.7,44,17.7,10.1,307,0.0,22.23
2021-04-18,28.9,35.3,21.3,29,17.2,8.4,323,0.0,23.81
2021-04-19,29.5,37.1,21.4,29,19.0,11.2,312,0.0,24.31
2021-04-20,27.7,33.9,22.4,29,29.0,15.4,16,0.0,15.53
2021-04-21,26.2,31.9,19.0,41,23.0,13.5,267,0.0,22.87
2021-04-22,26.5,33.0,19.8,43,20.4,8.7,73,0.0,24.42
2021-04-23,27.7,34.3,22.5,35,24.5,17.5,110,0.0,18.54
2021-04-24,26.5,33.6,18.9,36,18.6,13.0,330,0.0,25.28
2021-04-25,28.7,36.7,21.1,27,20.9,13.8,317,0.0,25.28
2021-04-26,30.0,38.8,20.9,24,13.6,9.3,299,0.0,25.32
2021-04-27,32.8,41.0,23.4,22,19.2,9.7,306,0.0,24.47
2021-04-28,33.8,41.5,24.3,19,17.7,10.8,298,0.0,23.46
2021-04-29,33.3,40.7,25.5,21,23.8,11.1,319,0.0,21.21
2021-04-30,32.2,39.7,24.7,28,14.8,9.3,72,0.0,21.78
2021-05-01,32.2,39.4,24.9,30,24.1,9.1,139,0.0,19.8
2021-05-02,31.9,38.9,26.1,30,21.4,7.9,140,0.0,19.29
2021-05-03,31.7,37.0,25.3,31,16.9,8.3,290,0.0,20.47
2021-05-04,32.8,40.0,26.1,30,20.9,9.7,112,0.0,20.87
2021-05-05,31.5,38.6,26.1,39,23.2,12.8,94,0.3,20.35
2021-05-06,29.3,38.7,24.0,53,22.0,14.4,86,6.1,20.03
2021-05-07,28.3,36.2,21.7,56,24.0,8.3,68,4.1,22.15
2021-05-08,31.1,37.4,23.6,39,11.4,7.3,40,0.0,22.31
2021-05-09,31.0,37.9,25.2,40,22.3,8.4,125,0.0,21.13
2021-05-10,30.5,36.2,25.0,42,16.1,10.1,111,0.4,19.6
2021-05-11,31.3,38.4,25.1,41,28.5,11.3,111,0.1,21.7
2021-05-12,29.8,35.4,24.3,45,18.7,11.6,100,0.4,20.94
2021-05-13,27.3,31.7,22.3,58,24.5,13.3,91,1.5,18.88
2021-05-14,29.6,36.5,22.7,47,14.0,8.8,71,0.0,20.91
2021-05-15,30.2,35.7,24.7,41,13.8,6.8,67,0.0,19.26
2021-05-16,31.6,38.6,23.8,37,11.2,7.2,52,0.0,23.97
2021-05-17,32.3,37.3,26.6,35,18.0,7.2,199,0.0,11.8
2021-05-18,27.1,29.9,24.6,54,21.2,10.5,193,1.1,6.19
2021-05-19,21.7,24.3,20.8,87,21.8,13.7,64,98.7,3.02
2021-05-20,24.2,29.3,20.4,77,21.6,15.2,1,31.5,18.49
2021-05-21,26.1,31.6,20.8,76,14.4,9.8,112,2.3,19.68
2021-05-22,28.5,33.4,23.8,66,11.2,6.6,171,0.0,22.91
2021-05-23,28.4,33.9,22.8,56,17.3,10.1,278,0.0,23.27
2021-05-24,28.8,35.2,22.8,42,23.2,15.6,298,0.0,24.65
2021-05-25,30.1,37.1,24.9,35,20.4,14.8,321,0.0,24.99
2021-05-26,30.2,37.3,23.4,36,11.8,8.2,309,0.0,24.78
2021-05-27,30.2,37.7,23.0,44,11.8,6.8,48,0.0,24.8
2021-05-28,30.4,36.7,24.5,59,20.2,13.2,137,0.0,24.15
2021-05-29,31.1,37.1,26.2,55,21.5,16.9,135,0.0,23.79
2021-05-30,30.3,36.0,25.3,63,18.8,11.8,130,0.7,23.51
2021-05-31,31.6,36.8,26.3,59,12.0,8.2,140,0.1,20.53
2021-06-01,29.0,34.3,22.5,66,19.9,8.7,116,0.5,20.75
2021-06-02,29.3,34.8,23.5,64,10.7,6.1,314,5.4,23.11
2021-06-03,30.3,35.3,25.2,59,10.2,5.9,68,0.0,22.91
2021-06-04,30.4,36.0,25.2,62,10.0,6.0,32,0.0,20.79
2021-06-05,30.9,36.3,25.8,59,16.3,9.0,121,0.1,22.59
2021-06-06,31.9,37.5,25.9,52,13.1,8.1,276,0.0,23.14
2021-06-07,32.7,39.1,26.7,50,17.7,7.8,338,0.0,22.43
2021-06-08,35.0,40.9,29.0,39,26.2,15.6,276,0.0,22.02
2021-06-09,36.0,41.4,31.3,38,20.8,16.0,272,0.0,21.91
2021-06-10,33.0,38.1,29.8,58,22.3,15.8,106,0.0,21.38
2021-06-11,32.1,37.3,27.4,59,19.1,12.5,100,0.0,19.98
2021-06-12,32.4,37.8,28.7,59,21.7,16.0,114,0.0,21.49
2021-06-13,30.7,36.7,25.5,67,17.2,8.1,106,7.2,22.41
2021-06-14,31.3,36.5,26.2,61,12.5,7.9,100,0.0,22.49
2021-06-15,30.6,36.8,26.3,64,23.8,9.0,237,4.2,19.17
2021-06-16,29.4,35.3,25.6,72,13.2,8.6,95,2.3,17.87
2021-06-17,30.0,34.9,26.2,68,14.3,9.2,76,0.1,21.0
2021-06-18,29.3,33.7,25.8,70,15.6,12.0,93,0.7,20.75
2021-06-19,28.4,33.3,25.1,72,17.6,11.6,58,0.2,19.98
2021-06-20,28.9,33.3,25.2,73,12.7,8.8,63,1.1,18.46
2021-06-21,30.7,36.1,25.2,64,12.6,8.7,38,0.1,21.37
2021-06-22,33.5,39.2,28.4,48,17.5,8.7,289,0.0,21.19
2021-06-23,34.4,40.2,28.8,43,16.9,7.7,95,0.0,21.54
2021-06-24,32.5,38.5,28.2,58,19.9,10.6,123,0.0,21.19
2021-06-25,32.5,39.7,28.4,59,16.2,8.8,218,1.6,21.71
2021-06-26,32.0,37.8,26.6,57,12.2,5.9,91,0.0,20.34
2021-06-27,33.4,38.6,28.7,54,13.1,9.1,114,0.0,21.25
2021-06-28,34.3,39.9,28.6,49,10.3,7.2,90,0.0,22.8
2021-06-29,36.1,42.3,29.4,38,19.9,11.5,274,0.0,24.37
2021-06-30,36.9,43.3,30.2,30,33.9,18.5,274,0.0,23.04
2021-07-01,37.0,41.8,32.2,33,26.7,16.6,255,0.0,22.47
2021-07-02,35.5,41.2,31.2,42,22.4,14.8,261,0.1,21.6
2021-07-03,33.3,39.0,29.3,50,24.7,10.9,255,0.0,17.3
2021-07-04,34.2,40.3,28.6,48,12.7,7.9,266,0.0,21.95
2021-07-05,34.7,39.4,29.3,46,13.0,8.3,309,0.0,21.06
2021-07-06,35.2,39.9,29.6,45,15.3,11.9,292,0.0,20.73
2021-07-07,36.2,41.4,31.4,40,21.3,11.2,283,0.0,21.52
2021-07-08,36.0,40.3,32.3,39,21.2,13.2,297,0.0,20.83
2021-07-09,33.2,38.5,28.2,58,20.3,13.4,96,0.2,20.81
2021-07-10,33.6,38.1,29.7,58,15.8,10.7,107,1.2,21.42
2021-07-11,32.1,36.4,28.9,64,26.0,17.5,108,2.0,19.07
2021-07-12,30.5,34.0,28.0,69,23.1,18.6,112,4.9,17.46
2021-07-13,30.0,34.1,27.3,76,15.5,11.7,91,5.3,14.17
2021-07-14,29.3,33.5,27.4,81,15.6,11.1,65,9.4,14.46
2021-07-15,30.7,34.7,27.5,75,14.6,11.7,80,2.5,18.76
2021-07-16,31.0,34.7,27.5,74,13.7,10.9,93,3.8,19.92
2021-07-17,32.7,36.8,28.5,67,12.7,7.4,138,0.7,21.82
2021-07-18,30.2,34.4,27.3,81,18.4,8.8,197,24.9,12.78
2021-07-19,26.3,27.0,25.8,96,12.1,6.8,151,122.7,1.7
2021-07-20,27.8,30.6,25.8,88,10.9,3.9,149,27.3,14.32
2021-07-21,28.8,32.6,25.8,85,11.6,6.7,80,5.3,19.55
2021-07-22,28.0,30.5,25.7,87,13.7,9.1,85,5.1,17.14
2021-07-23,28.9,31.6,25.9,85,14.2,9.1,111,5.8,19.12
2021-07-24,30.2,33.9,26.8,82,12.5,5.9,112,0.7,21.12
2021-07-25,30.9,34.3,27.4,78,12.1,7.8,116,0.0,21.95
2021-07-26,29.0,30.7,27.9,85,12.5,8.3,115,4.9,8.32
2021-07-27,28.2,31.4,26.9,89,15.6,8.1,264,14.1,13.77
2021-07-28,27.1,29.0,26.1,90,14.3,8.2,285,18.7,6.87
2021-07-29,27.4,29.8,25.5,88,10.7,6.0,295,8.2,12.83
2021-07-30,27.3,30.3,25.6,89,14.4,7.4,91,11.0,11.78
2021-07-31,28.2,31.6,25.3,87,15.8,9.3,91,3.3,15.24
2021-08-01,29.1,32.1,26.6,83,11.9,6.2,217,0.9,17.45
2021-08-02,27.7,30.1,25.8,88,11.7,5.9,79,25.7,10.69
2021-08-03,28.6,31.9,26.2,85,17.6,11.0,54,8.2,18.1
2021-08-04,28.7,32.2,26.0,78,18.7,11.8,77,0.0,19.75
2021-08-05,29.1,32.9,25.8,79,7.9,5.7,83,0.3,21.71
2021-08-06,29.7,33.3,26.2,81,7.8,4.6,68,2.0,19.45
2021-08-07,28.8,31.7,27.2,87,8.0,3.9,97,8.5,14.36
2021-08-08,28.3,31.4,26.4,89,8.6,4.5,105,17.1,14.67
2021-08-09,28.2,30.7,26.2,87,8.6,5.3,117,3.2,12.08
2021-08-10,29.9,34.5,26.4,77,20.3,10.2,265,0.7,20.33
2021-08-11,30.5,34.7,27.8,64,22.3,15.9,261,0.0,23.67
2021-08-12,30.2,34.5,26.7,66,19.1,12.8,258,0.0,23.41
2021-08-13,30.6,35.1,27.0,65,18.9,12.5,252,0.0,22.25
2021-08-14,30.6,34.9,27.2,64,22.7,14.0,259,0.0,22.61
2021-08-15,30.4,34.8,26.8,64,16.0,10.3,263,0.0,22.9
2021-08-16,30.4,35.1,26.7,66,11.8,7.9,271,0.0,22.6
2021-08-17,31.2,35.4,26.9,66,13.4,7.5,318,0.0,22.82
2021-08-18,31.2,35.3,26.6,66,11.0,6.2,347,0.0,22.89
2021-08-19,30.8,34.2,27.3,74,13.4,7.0,73,0.5,19.82
2021-08-20,27.8,29.3,26.4,86,17.9,12.0,101,2.0,8.64
2021-08-21,26.7,29.0,24.9,91,16.3,11.7,103,30.3,11.16
2021-08-22,27.6,31.1,24.9,88,14.5,9.4,116,9.8,15.59
2021-08-23,28.5,31.6,25.9,87,12.3,5.8,189,5.9,16.31
2021-08-24,29.0,32.0,26.5,87,9.2,4.7,196,2.1,15.35
2021-08-25,30.4,34.3,27.9,68,26.6,15.2,269,0.0,23.46
2021-08-26,29.7,33.8,27.3,67,22.7,14.7,265,0.0,23.53
2021-08-27,29.6,34.0,25.8,67,16.2,10.2,223,0.0,22.13
2021-08-28,29.4,33.4,26.6,74,11.3,7.1,144,0.0,21.14
2021-08-29,28.6,32.3,25.9,85,13.2,7.8,112,1.3,18.34
2021-08-30,27.4,30.8,25.2,86,13.9,10.8,97,1.2,16.65
2021-08-31,27.0,31.0,24.7,87,16.4,11.3,97,5.3,16.44
2021-09-01,26.4,29.8,24.2,90,13.1,9.2,73,10.7,13.84
2021-09-02,27.8,31.7,24.6,87,8.0,6.0,91,1.2,18.07
2021-09-03,27.1,30.9,25.3,89,13.8,6.8,131,11.3,15.39
2021-09-04,27.3,30.6,24.9,88,10.0,4.6,155,14.7,14.36
2021-09-05,28.2,31.8,25.4,86,9.9,4.7,190,3.8,18.32
2021-09-06,29.0,32.2,26.1,84,9.7,4.9,142,4.1,17.65
2021-09-07,28.0,30.5,25.7,88,16.2,11.1,85,7.6,13.63
2021-09-08,28.0,30.7,26.1,80,24.8,17.3,100,2.3,17.53
2021-09-09,27.7,30.9,24.9,84,20.3,11.5,95,4.4,18.07
2021-09-10,26.8,30.1,24.9,88,19.4,14.4,95,16.6,14.82
2021-09-11,25.9,28.7,23.9,91,25.5,17.0,103,15.3,10.14
2021-09-12,26.5,29.2,24.5,91,13.3,8.5,95,6.4,7.68
2021-09-13,27.6,31.5,25.5,88,9.2,6.3,67,7.8,14.75
2021-09-14,27.9,31.2,25.7,84,16.0,9.8,47,0.3,9.89
2021-09-15,28.4,32.2,25.6,77,19.2,10.6,82,0.0,20.47
2021-09-16,27.9,32.7,25.2,77,21.6,13.3,34,4.1,18.6
2021-09-17,26.8,29.1,23.5,75,26.6,15.9,48,1.5,11.36
2021-09-18,27.4,30.8,24.2,80,18.1,12.6,78,0.1,15.78
2021-09-19,28.1,31.6,25.1,81,13.5,9.5,111,0.3,18.85
2021-09-20,28.3,32.1,24.9,81,14.0,7.7,124,0.7,18.46
2021-09-21,28.0,31.2,26.0,83,13.4,8.5,124,1.7,16.3
2021-09-22,26.4,29.8,24.5,90,14.4,10.2,116,17.3,13.59
2021-09-23,26.6,29.4,24.5,88,14.8,9.6,93,6.4,14.82
2021-09-24,27.0,30.7,24.6,85,11.7,8.6,71,2.1,16.34
2021-09-25,27.2,30.8,24.5,86,9.9,6.9,63,2.1,17.2
2021-09-26,26.8,30.5,24.1,85,14.9,9.3,85,1.5,14.68
2021-09-27,28.1,31.9,24.5,81,8.2,5.7,72,0.2,18.06
2021-09-28,28.1,32.0,25.6,82,15.8,10.3,88,1.7,16.23
2021-09-29,28.2,31.5,25.2,80,16.0,11.8,102,0.2,17.92
2021-09-30,28.2,31.5,25.3,82,9.0,6.5,112,0.7,17.65
2021-10-01,28.6,32.2,25.2,82,6.6,3.8,226,0.2,17.3
2021-10-02,28.9,33.0,25.6,77,12.7,7.6,283,0.2,18.27
2021-10-03,29.1,33.4,25.7,74,16.8,10.1,275,0.0,17.68
2021-10-04,28.9,32.8,25.8,70,11.4,7.2,249,0.1,17.02
2021-10-05,28.4,32.2,24.6,77,8.8,5.1,80,2.3,16.92
2021-10-06,28.4,32.4,25.5,75,11.0,5.9,326,0.1,17.4
2021-10-07,27.3,32.4,23.2,71,11.7,8.4,299,0.0,19.19
2021-10-08,27.9,33.2,23.3,66,12.5,8.7,284,0.0,19.06
2021-10-09,28.5,34.1,23.1,61,12.6,8.5,275,0.0,18.98
2021-10-10,28.3,34.9,22.1,63,9.2,7.1,245,0.0,18.68
2021-10-11,28.0,34.7,22.2,61,10.2,7.5,213,0.0,18.73
2021-10-12,27.9,34.5,22.7,58,10.8,7.5,283,0.0,18.55
2021-10-13,26.4,32.8,21.3,54,19.3,10.8,309,0.0,18.55
2021-10-14,25.2,32.0,19.6,54,17.6,11.1,300,0.0,18.33
2021-10-15,25.8,33.1,19.6,53,12.1,9.5,303,0.0,17.89
2021-10-16,27.0,33.5,20.9,62,9.7,6.5,38,0.0,17.23
2021-10-17,26.4,31.0,23.0,77,18.1,10.7,77,3.3,12.14
2021-10-18,22.4,23.7,20.9,93,15.2,10.4,27,27.4,3.78
2021-10-19,23.8,28.9,19.3,80,18.2,12.6,301,0.0,16.82
2021-10-20,24.4,30.8,20.0,70,14.6,10.5,277,0.0,17.1
2021-10-21,23.3,29.6,18.2,61,21.8,13.4,271,0.0,17.46
2021-10-22,23.9,30.3,20.2,61,18.8,13.4,267,0.0,16.91
2021-10-23,23.9,29.7,19.5,65,11.5,7.8,174,0.0,16.18
2021-10-24,22.8,27.3,19.0,70,17.3,8.9,140,0.2,13.17
2021-10-25,22.0,27.3,17.3,78,10.2,6.9,340,0.0,15.4
2021-10-26,20.9,26.7,16.8,71,13.4,9.8,306,0.0,16.34
2021-10-27,20.9,27.3,15.6,64,15.2,10.2,306,0.0,16.09
2021-10-28,20.6,27.4,15.4,64,12.8,10.1,304,0.0,16.15
2021-10-29,21.0,28.3,14.8,63,9.0,7.2,318,0.0,15.96
2021-10-30,21.4,28.4,15.8,56,18.2,11.6,298,0.0,16.02
2021-10-31,22.2,28.9,16.3,51,15.2,10.3,274,0.0,15.74
2021-11-01,22.1,28.9,16.2,54,12.2,8.1,141,0.0,15.52
2021-11-02,21.5,27.8,16.4,65,14.7,10.5,140,0.0,15.0
2021-11-03,21.7,28.6,15.6,62,12.9,7.5,173,0.0,14.69
2021-11-04,21.2,27.6,15.2,64,9.4,6.1,287,0.0,15.07
2021-11-05,20.6,27.4,14.8,63,10.1,8.1,302,0.0,14.67
2021-11-06,20.9,28.4,14.6,57,19.9,12.0,289,0.0,14.88
2021-11-07,21.2,28.4,15.6,60,13.6,10.9,284,0.0,14.75
2021-11-08,21.0,28.7,14.7,60,13.1,9.5,294,0.0,14.79
2021-11-09,20.9,28.2,15.3,60,12.3,9.7,298,0.0,14.65
2021-11-10,20.7,28.8,13.8,61,12.4,8.6,285,0.0,14.49
2021-11-11,20.4,28.3,13.5,61,12.0,7.6,299,0.0,14.45
2021-11-12,20.2,28.0,14.5,60,12.8,8.7,305,0.0,14.35
2021-11-13,19.4,27.0,12.6,58,12.9,8.3,296,0.0,14.27
2021-11-14,18.6,26.3,11.7,54,10.3,7.2,286,0.0,14.27
2021-11-15,18.5,25.8,12.3,53,11.8,8.2,298,0.0,14.02
2021-11-16,17.9,25.3,11.3,57,11.0,7.5,294,0.0,14.05
2021-11-17,17.7,24.7,10.9,65,9.7,6.4,340,0.0,13.77
2021-11-18,19.1,24.6,12.0,66,6.3,3.3,338,0.0,13.54
2021-11-19,18.7,24.8,11.8,64,8.2,6.4,303,0.0,13.58
2021-11-20,19.3,25.1,15.6,58,9.1,6.1,289,0.0,10.36
2021-11-21,19.0,25.9,13.5,58,13.9,10.2,302,0.0,13.45
2021-11-22,18.8,26.0,12.9,51,21.6,15.8,289,0.0,13.76
2021-11-23,18.3,25.6,12.3,55,15.6,12.4,272,0.0,13.49
2021-11-24,18.6,26.0,11.4,58,10.2,6.6,118,0.0,13.3
2021-11-25,17.9,25.1,12.0,70,8.7,6.7,149,0.0,12.85
2021-11-26,18.4,25.2,11.8,69,9.3,6.3,151,0.0,12.82
2021-11-27,18.8,25.2,13.0,72,10.6,7.9,122,0.0,12.59
2021-11-28,18.9,25.1,13.6,74,9.8,7.2,84,0.0,12.32
2021-11-29,18.1,24.9,11.4,64,15.0,9.8,301,0.0,12.82
2021-11-30,18.0,24.8,12.5,65,14.7,11.5,294,0.0,12.06
2021-12-01,17.1,21.9,13.5,73,8.9,6.3,326,0.0,6.64
2021-12-02,16.4,19.7,14.1,81,11.3,7.2,296,3.9,3.33
2021-12-03,17.2,22.6,12.8,80,9.2,6.4,292,0.0,11.07
2021-12-04,17.4,24.0,11.7,73,9.8,7.2,280,0.0,12.1
2021-12-05,19.0,24.3,13.4,70,9.1,5.8,133,0.5,10.5
2021-12-06,18.2,23.2,14.3,79,12.9,7.7,332,1.6,11.37
2021-12-07,16.7,22.8,12.6,71,16.3,11.0,307,0.0,12.34
2021-12-08,15.5,22.1,11.1,68,12.2,9.6,288,0.0,12.39
2021-12-09,15.1,22.0,9.3,70,8.0,6.6,294,0.0,12.16
2021-12-10,15.4,22.1,10.0,68,11.9,9.1,286,0.0,12.17
2021-12-11,14.6,21.7,9.5,65,13.6,10.0,273,0.0,12.39
2021-12-12,14.5,21.0,8.9,65,8.0,5.2,249,0.0,11.87
2021-12-13,14.6,19.3,8.2,66,7.1,4.1,152,0.0,8.8
2021-12-14,14.9,20.7,8.8,71,9.4,6.3,74,0.0,10.17
2021-12-15,14.0,20.6,9.2,67,11.3,8.4,339,0.0,12.21
2021-12-16,13.6,18.1,9.9,70,16.2,8.9,338,0.0,8.87
2021-12-17,12.3,17.9,8.0,57,18.3,14.2,315,0.0,12.6
2021-12-18,11.2,17.8,6.3,65,22.0,16.2,297,0.0,12.4
2021-12-19,11.1,17.5,6.1,63,17.5,14.0,293,0.0,12.51
2021-12-20,11.6,18.1,5.9,67,13.3,9.7,294,0.0,12.38
2021-12-21,12.1,19.5,5.2,71,10.6,7.3,307,0.0,12.12
2021-12-22,13.3,20.1,5.9,67,10.5,6.4,318,0.0,12.1
2021-12-23,14.2,21.1,8.4,72,9.9,7.4,132,0.0,11.52
2021-12-24,14.5,21.4,9.7,75,10.4,7.3,126,0.0,11.74
2021-12-25,15.5,21.1,10.6,72,10.1,5.0,90,0.0,11.97
2021-12-26,15.0,18.4,10.8,80,14.0,7.5,99,4.6,5.04
2021-12-27,14.9,19.7,10.7,72,13.2,6.9,50,3.2,11.37
2021-12-28,13.9,19.5,10.5,78,8.3,5.5,32,1.7,7.79
2021-12-29,13.0,19.1,8.4,72,14.8,7.3,308,0.0,11.12
2021-12-30,10.7,17.9,5.2,67,11.5,8.5,333,0.0,11.4
2021-12-31,10.5,17.8,5.0,71,10.2,8.0,294,0.0,12.41
2022-01-01,10.9,18.1,5.7,76,9.7,7.7,285,0.0,12.43
2022-01-02,11.9,18.8,6.8,77,9.1,7.3,295,0.0,11.64
2022-01-03,12.6,20.2,7.4,75,10.4,8.1,285,0.0,12.4
2022-01-04,14.5,22.0,8.1,71,9.3,6.6,288,0.2,10.87
2022-01-05,13.3,15.0,11.6,86,20.5,10.8,124,9.6,2.18
2022-01-06,14.6,18.6,12.0,83,20.4,12.0,134,0.9,6.68
2022-01-07,15.6,19.9,12.7,86,19.7,14.2,132,1.9,6.45
2022-01-08,15.4,17.1,14.1,90,21.8,15.3,123,16.2,5.05
2022-01-09,14.1,17.1,10.4,89,14.0,7.7,298,3.6,5.7
2022-01-10,11.5,16.9,8.0,82,11.8,8.6,303,0.0,12.89
2022-01-11,11.5,17.4,7.3,79,13.1,9.5,301,0.0,12.84
2022-01-12,11.3,17.1,7.6,80,10.1,8.3,279,0.0,10.92
2022-01-13,12.3,17.4,7.2,75,6.4,4.2,285,0.0,11.7
2022-01-14,10.7,16.6,6.2,81,11.2,5.7,323,0.0,11.42
2022-01-15,9.9,16.8,5.8,87,9.8,6.8,315,0.0,13.22
2022-01-16,10.2,15.8,5.9,86,8.6,6.1,291,0.0,12.18
2022-01-17,9.7,14.1,4.7,85,6.7,4.2,293,0.0,9.42
2022-01-18,9.6,16.1,5.4,88,11.5,8.3,285,0.0,12.0
2022-01-19,11.0,17.7,6.6,89,10.1,6.2,304,0.7,12.05
2022-01-20,13.1,17.7,9.3,85,7.6,5.5,129,0.9,11.88
2022-01-21,12.2,18.4,7.2,85,11.3,6.8,127,0.0,13.22
2022-01-22,13.2,16.1,11.9,85,31.8,19.7,120,22.8,4.79
2022-01-23,12.7,16.7,9.2,86,12.1,8.2,159,3.5,7.88
2022-01-24,10.7,16.2,7.1,83,12.6,8.3,307,0.6,12.57
2022-01-25,10.3,16.4,6.2,80,13.6,8.6,292,0.0,12.27
2022-01-26,10.7,16.8,6.3,81,16.6,10.1,290,0.0,13.07
2022-01-27,11.5,17.8,7.0,73,21.1,13.2,288,0.0,14.85
2022-01-28,11.6,17.9,7.1,71,21.3,13.8,283,0.0,15.14
2022-01-29,12.4,19.5,6.8,73,12.9,9.2,283,0.0,15.06
2022-01-30,13.7,20.3,8.9,72,20.3,14.7,287,0.0,15.29
2022-01-31,13.6,20.9,8.2,80,9.8,5.5,133,0.0,15.22
2022-02-01,13.9,20.8,8.7,85,14.1,8.8,299,0.0,14.41
2022-02-02,14.2,20.5,9.0,78,20.4,10.4,229,0.0,15.55
2022-02-03,12.7,15.1,10.3,85,32.2,19.4,111,16.6,6.87
2022-02-04,11.5,16.5,8.2,84,19.1,13.2,305,0.2,11.1
2022-02-05,10.9,16.7,5.7,83,10.2,6.6,340,0.0,13.76
2022-02-06,13.7,20.5,7.4,75,10.0,5.8,137,0.0,16.18
2022-02-07,15.2,22.3,8.3,78,11.2,7.8,152,0.0,15.87
2022-02-08,16.1,22.1,10.7,81,9.7,5.3,118,1.4,14.95
2022-02-09,14.4,18.6,10.3,83,13.9,8.5,51,3.6,11.55
2022-02-10,13.8,20.1,8.0,75,19.9,10.7,296,0.0,16.08
2022-02-11,14.2,20.2,9.9,65,23.0,15.6,289,0.0,17.1
2022-02-12,14.3,21.1,9.4,67,17.7,12.9,285,0.0,17.44
2022-02-13,14.7,22.4,8.4,70,11.2,6.9,289,0.0,17.26
2022-02-14,15.5,23.1,9.2,70,10.7,7.8,143,0.0,17.33
2022-02-15,16.5,23.2,11.0,65,11.3,6.6,266,0.0,17.11
2022-02-16,16.2,23.7,10.0,69,13.0,8.0,305,0.0,17.2
2022-02-17,17.3,24.2,10.6,64,13.1,8.3,324,0.0,17.39
2022-02-18,17.3,25.0,10.0,61,15.5,7.8,317,0.0,17.33
2022-02-19,16.6,24.0,10.4,61,18.2,11.9,303,0.0,18.12
2022-02-20,17.2,23.7,12.5,57,24.8,16.0,291,0.0,18.3
2022-02-21,17.5,24.5,11.2,54,13.3,9.1,277,0.0,18.8
2022-02-22,18.6,25.4,12.5,56,30.2,20.7,122,0.0,18.24
2022-02-23,18.6,23.8,14.2,68,27.4,14.2,115,0.0,17.49
2022-02-24,18.2,25.0,12.3,72,12.7,7.0,340,0.0,17.14
2022-02-25,18.6,25.0,12.6,68,17.9,8.1,98,0.0,17.53
2022-02-26,17.8,23.5,14.3,69,25.3,17.6,92,1.5,18.26
2022-02-27,17.1,23.4,12.3,64,14.2,10.5,348,0.0,18.86
2022-02-28,16.4,23.0,10.9,63,15.4,12.1,304,0.0,19.78
2022-03-01,17.1,24.4,10.7,65,10.5,8.5,306,0.0,19.43
2022-03-02,18.5,25.6,11.3,62,9.6,6.4,302,0.0,19.56
2022-03-03,19.5,26.9,13.0,63,9.4,6.3,12,1.6,17.49
2022-03-04,18.8,25.1,13.3,70,16.7,13.6,307,0.0,19.26
2022-03-05,18.9,25.7,13.1,65,19.2,15.0,295,0.0,20.1
2022-03-06,19.6,26.3,13.9,63,11.3,7.6,270,0.0,18.2
2022-03-07,20.9,28.0,14.2,60,10.8,7.1,100,0.0,19.71
2022-03-08,21.5,29.6,14.2,57,14.3,9.9,320,0.0,20.31
2022-03-09,22.1,30.1,15.4,51,17.4,11.0,303,0.0,20.3
2022-03-10,22.2,29.0,16.4,51,19.6,12.3,303,0.0,20.17
2022-03-11,22.0,28.9,15.8,57,18.9,12.8,293,0.0,20.9
2022-03-12,22.2,30.0,15.3,54,16.3,12.0,293,0.0,21.29
2022-03-13,23.5,31.5,16.9,59,16.7,11.1,295,0.0,20.83
2022-03-14,24.2,31.9,16.1,64,12.9,8.3,302,0.0,20.94
2022-03-15,26.1,33.4,18.8,64,15.6,9.9,292,0.0,20.93
2022-03-16,27.0,34.6,19.9,58,24.5,15.7,287,0.0,21.38
2022-03-17,26.5,33.2,20.1,64,11.6,7.8,352,0.0,21.39
2022-03-18,27.3,34.0,21.8,66,13.8,9.1,131,0.0,21.13
2022-03-19,27.8,34.6,20.4,60,9.8,7.1,157,0.0,21.25
2022-03-20,28.1,36.1,21.8,48,13.4,9.4,186,0.0,21.8
2022-03-21,27.8,35.9,20.1,45,17.0,10.1,316,0.0,21.63
2022-03-22,27.8,34.9,20.7,43,25.0,17.3,302,0.0,22.52
2022-03-23,27.5,35.3,18.9,38,16.3,9.9,277,0.0,21.87
2022-03-24,27.4,34.4,20.7,37,21.3,12.0,277,0.0,22.46
2022-03-25,26.8,34.5,19.4,31,21.1,12.5,301,0.0,22.67
2022-03-26,27.2,34.7,19.7,30,30.5,17.5,292,0.0,23.11
2022-03-27,28.0,36.2,20.1,28,20.6,14.4,286,0.0,23.31
2022-03-28,28.9,37.6,20.2,28,18.1,9.1,295,0.0,23.24
2022-03-29,29.1,38.4,19.1,27,19.2,11.7,286,0.0,23.34
2022-03-30,29.4,38.3,20.6,28,12.9,7.4,313,0.0,23.18
2022-03-31,29.5,38.7,21.3,38,15.0,8.3,124,0.0,23.02
2022-04-01,28.9,35.9,21.5,26,20.4,13.9,292,0.0,24.03
2022-04-02,28.9,37.4,19.9,24,11.6,8.6,268,0.0,23.8
2022-04-03,30.1,38.8,21.9,19,14.2,9.9,266,0.0,24.3
2022-04-04,29.1,37.9,21.8,18,17.3,12.8,279,0.0,24.19
2022-04-05,29.4,38.2,20.8,20,17.9,10.7,295,0.0,24.29
2022-04-06,30.2,38.7,20.9,19,19.1,12.2,293,0.0,24.1
2022-04-07,31.0,39.3,21.4,18,18.3,11.2,293,0.0,24.08
2022-04-08,32.1,40.8,23.0,16,17.3,11.1,296,0.0,24.21
2022-04-09,32.9,41.6,22.4,16,18.3,10.4,283,0.0,23.64
2022-04-10,33.3,41.0,24.2,16,22.7,15.1,290,0.0,24.27
2022-04-11,32.9,41.4,24.5,18,17.1,11.0,271,0.0,23.88
2022-04-12,32.3,39.8,26.0,20,17.0,10.0,255,0.0,21.5
2022-04-13,32.5,38.9,23.8,20,17.5,10.2,249,0.0,23.98
2022-04-14,31.8,39.3,25.2,18,19.0,13.4,291,0.0,24.12
2022-04-15,31.1,38.9,24.0,20,19.7,10.5,321,0.0,23.4
2022-04-16,31.7,39.5,23.1,19,21.4,8.5,313,0.0,24.19
2022-04-17,32.0,40.6,24.0,19,15.7,9.3,190,0.0,24.61
2022-04-18,32.7,41.3,24.1,21,15.1,8.1,344,0.0,24.07
2022-04-19,34.1,41.8,25.2,17,24.0,15.1,284,0.0,23.91
2022-04-20,33.9,40.8,27.2,17,24.0,15.8,291,0.0,23.9
2022-04-21,31.5,36.7,26.3,23,26.9,13.3,300,0.0,15.53
2022-04-22,30.9,38.3,22.6,28,18.5,10.2,298,0.0,23.8
2022-04-23,31.6,39.2,23.8,20,16.3,9.7,312,0.0,24.61
2022-04-24,32.1,39.7,24.3,19,29.0,15.9,297,0.0,24.56
2022-04-25,33.0,40.5,25.1,20,19.6,13.0,285,0.0,23.94
2022-04-26,33.0,40.6,25.1,20,22.9,12.1,301,0.0,23.96
2022-04-27,33.2,41.2,23.9,17,19.4,11.0,290,0.0,24.77
2022-04-28,34.9,43.0,26.1,16,15.6,10.8,281,0.0,24.42
2022-04-29,35.8,43.5,27.1,14,22.3,14.7,288,0.0,24.34
2022-04-30,35.7,43.3,28.3,14,20.4,12.1,276,0.0,24.32
2022-05-01,33.0,41.4,26.4,31,27.5,15.5,110,0.0,22.17
2022-05-02,32.6,40.9,26.1,37,22.3,15.2,110,0.0,22.53
2022-05-03,32.8,39.4,26.8,42,22.2,11.3,103,0.1,21.86
2022-05-04,31.0,39.2,26.1,47,28.0,11.0,80,0.2,21.24
2022-05-05,30.6,38.2,23.5,47,14.9,7.8,334,0.0,23.36
2022-05-06,32.3,39.3,25.7,33,14.8,7.1,262,0.0,22.8
2022-05-07,32.8,39.9,26.1,30,17.8,8.2,7,0.0,23.01
2022-05-08,33.0,41.2,25.5,34,18.8,12.0,141,0.0,23.72
2022-05-09,33.3,40.2,27.4,44,19.9,14.7,114,0.0,22.1
2022-05-10,33.4,39.7,28.2,45,16.8,11.8,114,0.0,21.72
2022-05-11,34.1,41.2,27.8,44,20.7,11.6,104,0.0,22.22
2022-05-12,35.1,42.7,28.7,41,23.7,12.8,128,0.0,22.22
2022-05-13,35.0,43.7,27.8,42,27.0,13.0,70,0.0,23.21
2022-05-14,35.9,44.3,27.6,26,18.0,9.9,278,0.0,23.85
2022-05-15,37.7,45.4,29.6,15,24.7,12.6,283,0.0,23.02
2022-05-16,36.4,42.0,31.5,22,26.1,16.1,276,0.0,17.43
2022-05-17,32.9,39.1,28.0,42,27.9,10.3,71,0.4,20.26
2022-05-18,34.8,42.3,27.6,32,13.1,8.6,92,0.0,22.01
2022-05-19,35.5,43.5,27.1,29,18.3,9.1,269,0.0,23.4
2022-05-20,36.8,45.2,28.2,22,27.8,12.1,255,0.0,23.1
2022-05-21,35.1,40.6,29.4,28,23.5,12.8,234,0.0,19.58
2022-05-22,33.4,40.0,25.8,33,25.8,9.1,126,0.0,22.67
2022-05-23,26.2,31.5,22.0,65,34.3,21.3,113,25.5,16.99
2022-05-24,26.9,33.1,21.5,64,21.0,11.4,118,0.0,22.04
2022-05-25,28.1,33.3,23.1,60,9.5,6.4,354,0.0,22.46
2022-05-26,29.6,35.5,23.8,54,12.7,7.0,46,0.0,23.4
2022-05-27,31.4,38.2,25.7,49,20.2,10.3,226,0.0,21.65
2022-05-28,32.9,39.7,27.0,49,14.4,8.2,217,1.2,21.6
2022-05-29,33.0,40.6,26.3,48,20.8,11.3,243,0.0,22.5
2022-05-30,32.8,40.7,27.6,47,32.0,10.6,163,0.2,21.67
2022-05-31,32.7,39.7,25.6,40,19.1,9.7,274,0.0,22.08
2022-06-01,33.6,40.5,25.4,34,19.5,10.8,275,0.0,22.28
2022-06-02,34.1,41.5,28.4,27,22.7,12.0,280,0.0,21.56
2022-06-03,34.9,42.5,27.2,22,18.0,10.9,283,0.0,24.32
2022-06-04,35.5,43.4,26.9,20,16.9,8.6,263,0.0,23.68
2022-06-05,35.8,42.9,28.8,19,20.8,13.3,270,0.0,21.45
2022-06-06,35.4,42.4,28.4,18,17.4,11.9,256,0.0,24.52
2022-06-07,36.4,43.3,29.6,21,24.8,15.2,273,0.0,23.13
2022-06-08,36.8,42.6,31.8,19,26.0,19.5,267,0.0,23.59
2022-06-09,36.7,42.9,30.7,22,22.0,14.7,262,0.0,20.64
2022-06-10,36.9,42.1,30.5,22,24.8,18.4,268,0.0,22.2
2022-06-11,37.2,43.3,31.2,20,26.7,19.3,278,0.0,23.1
2022-06-12,36.6,42.7,30.0,23,22.0,15.1,281,0.0,21.72
2022-06-13,37.3,43.1,31.7,26,26.1,19.3,274,0.0,21.32
2022-06-14,34.7,38.5,31.0,39,28.0,22.9,278,0.0,16.85
2022-06-15,35.7,41.9,29.4,40,25.6,20.1,266,0.0,22.39
2022-06-16,34.2,39.0,30.6,44,22.9,12.1,249,0.7,19.79
2022-06-17,29.9,36.5,23.8,64,15.7,9.6,242,11.6,20.16
2022-06-18,29.7,34.5,24.9,65,24.6,8.4,356,0.9,19.7
2022-06-19,26.6,32.0,23.7,82,15.8,9.7,255,9.9,13.78
2022-06-20,27.5,32.6,22.7,73,10.1,5.8,244,0.1,18.04
2022-06-21,27.9,32.1,24.3,72,11.2,6.1,152,9.3,19.96
2022-06-22,29.5,34.5,24.1,65,12.3,7.6,8,13.0,21.42
2022-06-23,31.1,36.7,26.3,52,21.0,13.1,312,0.0,23.69
2022-06-24,30.9,37.4,24.3,45,17.6,11.8,299,0.0,24.67
2022-06-25,32.5,38.3,24.9,40,13.1,6.3,39,0.0,24.23
2022-06-26,33.6,39.2,28.6,51,20.9,13.8,112,0.0,22.62
2022-06-27,34.3,38.7,30.3,54,20.2,12.3,112,0.0,21.88
2022-06-28,34.2,41.0,28.1,56,16.3,11.2,107,0.9,21.47
2022-06-29,33.9,41.9,29.3,58,23.1,14.1,96,0.0,20.17
2022-06-30,28.6,31.3,26.4,79,22.4,9.0,94,1.4,10.62
2022-07-01,28.1,32.0,24.8,81,9.7,5.4,82,1.0,14.8
2022-07-02,29.9,35.0,26.1,74,14.3,9.0,123,2.3,21.57
2022-07-03,29.2,34.4,25.4,81,15.1,9.3,120,4.5,17.09
2022-07-04,30.7,35.2,25.9,75,9.4,4.5,111,15.5,21.67
2022-07-05,32.0,36.4,27.0,70,15.5,10.3,101,0.2,19.93
2022-07-06,30.8,35.8,28.6,75,19.8,13.2,103,4.0,15.32
2022-07-07,31.5,35.5,27.4,70,15.3,12.4,90,0.5,20.91
2022-07-08,32.6,36.9,29.0,63,15.9,11.2,98,0.1,22.48
2022-07-09,31.0,34.1,28.6,69,18.2,12.4,105,1.2,15.73
2022-07-10,29.5,33.2,27.2,77,10.7,7.3,80,7.5,16.3
2022-07-11,31.2,35.0,26.9,71,8.2,5.0,24,0.1,21.2
2022-07-12,31.2,35.0,28.3,71,12.6,7.1,86,2.7,17.45
2022-07-13,30.9,35.4,27.8,74,13.4,8.4,79,0.2,20.38
2022-07-14,29.9,34.7,28.1,77,17.9,11.3,66,10.6,17.28
2022-07-15,31.4,36.4,28.9,68,18.5,15.6,86,2.6,19.79
2022-07-16,29.6,33.6,27.9,75,13.0,9.3,103,20.5,15.02
2022-07-17,29.6,34.2,25.7,80,16.8,9.2,91,10.3,18.66
2022-07-18,30.9,35.5,25.9,76,10.2,6.0,56,3.2,22.04
2022-07-19,31.0,35.3,27.4,75,18.5,7.2,85,1.7,20.4
2022-07-20,28.9,33.4,26.6,83,16.7,9.9,266,26.9,16.44
2022-07-21,27.8,30.7,24.6,84,10.4,4.6,110,16.5,16.89
2022-07-22,27.8,31.3,25.1,86,10.2,6.9,77,5.0,16.2
2022-07-23,27.7,30.9,25.0,85,21.1,13.5,97,15.4,11.9
2022-07-24,28.9,33.3,25.7,81,23.0,15.1,109,7.8,20.08
2022-07-25,28.7,32.5,25.8,79,24.7,15.7,111,9.9,20.22
2022-07-26,28.2,31.5,25.3,79,18.9,14.4,111,2.8,17.5
2022-07-27,28.3,32.1,25.3,81,16.6,12.8,119,4.9,17.09
2022-07-28,27.6,31.7,25.0,86,11.4,5.7,179,21.8,15.62
2022-07-29,27.3,30.2,24.7,87,14.3,6.9,261,16.9,14.62
2022-07-30,27.7,31.3,25.4,86,10.7,5.6,251,4.9,13.98
2022-07-31,28.4,32.9,25.5,81,10.5,6.8,229,1.0,20.84
2022-08-01,27.8,31.5,25.2,84,12.2,6.6,268,10.0,17.56
2022-08-02,29.3,33.4,25.8,78,12.9,9.4,286,0.3,22.0
2022-08-03,29.1,32.9,26.5,80,12.0,7.5,265,0.6,18.33
2022-08-04,28.1,31.5,26.4,85,14.0,8.1,105,1.7,14.03
2022-08-05,27.6,31.0,24.6,86,13.2,8.3,110,5.7,14.0
2022-08-06,28.7,32.4,25.6,83,6.3,3.9,140,1.9,20.57
2022-08-07,27.7,30.7,25.2,85,13.8,7.7,111,18.6,13.49
2022-08-08,29.0,33.3,24.8,80,7.9,5.9,92,0.2,21.52
2022-08-09,30.3,33.5,27.4,77,17.2,9.7,87,0.4,20.44
2022-08-10,30.9,34.5,27.6,72,18.5,10.6,100,0.4,21.96
2022-08-11,27.8,28.7,26.6,82,25.5,17.3,72,3.8,9.17
2022-08-12,29.3,33.7,25.2,72,26.8,15.8,89,0.2,22.0
2022-08-13,29.4,33.2,26.3,75,20.9,13.4,117,0.8,21.07
2022-08-14,27.9,32.7,26.2,85,17.3,7.3,267,5.5,14.81
2022-08-15,27.9,31.0,25.6,82,18.4,11.2,71,1.6,16.23
2022-08-16,27.4,30.3,25.4,79,32.4,22.3,99,8.4,10.41
2022-08-17,28.3,32.0,25.2,75,23.2,16.4,135,0.3,21.1
2022-08-18,29.2,33.4,25.5,73,13.5,9.1,230,0.8,21.38
2022-08-19,29.9,34.0,26.6,71,18.4,12.8,283,0.5,21.48
2022-08-20,27.8,30.6,24.6,81,12.4,6.6,346,6.8,11.62
2022-08-21,29.4,33.5,25.6,76,10.5,6.7,302,0.3,20.16
2022-08-22,29.2,32.9,25.8,77,16.2,9.9,55,6.5,14.73
2022-08-23,29.3,33.1,25.9,71,32.7,22.5,107,1.2,20.73
2022-08-24,28.3,32.3,25.8,76,19.2,13.0,126,0.7,18.77
2022-08-25,29.1,33.6,25.1,73,7.0,5.0,171,0.5,21.14
2022-08-26,30.2,34.8,26.5,65,16.0,10.9,283,0.5,19.45
2022-08-27,30.6,35.0,27.6,61,21.1,16.4,285,1.2,20.61
2022-08-28,31.0,35.5,27.5,55,21.5,15.4,269,0.1,21.15
2022-08-29,30.1,34.8,27.2,61,14.1,8.2,273,0.6,20.73
2022-08-30,30.5,36.8,26.3,68,11.3,5.8,208,0.0,20.98
2022-08-31,31.4,36.8,27.7,61,19.8,9.3,271,0.2,18.73
2022-09-01,31.8,36.8,27.8,60,14.5,8.8,266,0.5,19.73
2022-09-02,31.9,36.7,27.4,58,13.1,6.8,263,0.0,20.31
2022-09-03,32.0,37.7,27.5,52,22.2,12.6,279,0.0,20.95
2022-09-04,32.1,36.9,27.7,51,21.0,15.3,261,0.0,22.2
2022-09-05,31.4,36.2,27.0,53,15.8,9.4,261,0.0,21.99
2022-09-06,31.7,37.4,27.1,52,11.9,7.1,292,0.0,21.0
2022-09-07,32.0,37.3,27.2,53,14.6,7.4,333,0.0,21.28
2022-09-08,31.8,36.6,26.6,53,12.9,6.5,50,0.0,21.17
2022-09-09,31.5,35.0,27.7,63,12.1,8.0,110,0.2,19.88
2022-09-10,30.2,34.3,24.8,69,16.2,9.4,105,3.1,19.53
2022-09-11,29.7,33.6,24.5,68,15.0,10.1,89,3.7,20.16
2022-09-12,30.2,35.1,26.9,64,16.6,10.6,88,1.0,17.41
2022-09-13,29.5,34.3,25.2,67,28.8,17.4,90,1.6,19.54
2022-09-14,27.5,30.5,25.2,77,30.2,19.3,75,6.1,12.27
2022-09-15,26.1,30.1,24.2,86,23.2,14.5,60,9.2,13.45
2022-09-16,26.2,30.9,23.4,84,15.1,9.9,358,13.4,15.43
2022-09-17,27.4,33.5,23.6,78,14.5,9.6,271,0.8,19.38
2022-09-18,28.0,33.2,23.3,79,12.1,6.9,18,0.4,19.74
2022-09-19,28.5,33.5,24.7,75,13.0,6.7,356,0.0,19.14
2022-09-20,27.2,32.0,23.9,84,9.3,5.3,88,2.4,17.19
2022-09-21,27.4,31.5,24.5,84,10.5,5.5,60,1.7,14.99
2022-09-22,25.0,26.8,23.6,92,17.7,10.7,45,33.9,7.06
2022-09-23,24.7,28.1,23.5,94,17.7,12.3,79,48.2,6.42
2022-09-24,24.6,27.0,23.4,94,22.8,15.9,106,41.5,5.86
2022-09-25,26.3,30.8,23.6,84,16.0,10.0,231,0.9,18.84
2022-09-26,26.7,31.0,22.6,83,14.8,7.6,314,0.1,18.23
2022-09-27,26.6,31.4,22.6,79,13.5,8.0,301,0.0,19.36
2022-09-28,27.2,32.1,22.9,76,10.5,6.9,306,0.2,19.33
2022-09-29,27.1,31.7,22.8,76,14.8,8.3,307,0.0,19.17
2022-09-30,27.3,31.9,23.0,76,14.3,7.9,316,0.0,18.99
2022-10-01,28.0,32.6,23.2,72,12.0,7.7,318,0.0,18.81
2022-10-02,28.0,33.1,22.8,66,13.4,8.6,296,0.0,18.84
2022-10-03,27.7,33.2,23.1,61,22.9,14.6,305,0.0,19.29
2022-10-04,27.7,32.7,23.1,67,15.1,9.8,344,0.0,18.45
2022-10-05,27.1,31.7,22.9,77,14.6,7.3,87,0.1,16.56
2022-10-06,26.4,30.7,23.1,75,13.4,10.2,90,0.0,16.06
2022-10-07,24.5,26.2,23.0,82,14.8,12.0,79,1.1,5.32
2022-10-08,22.5,23.6,21.5,95,16.2,13.8,84,37.2,3.08
2022-10-09,22.6,25.9,21.0,93,18.1,11.9,62,47.1,6.59
2022-10-10,23.4,27.7,21.3,88,14.9,8.8,74,1.6,12.33
2022-10-11,23.4,26.6,20.9,87,9.4,6.0,200,2.7,10.78
2022-10-12,23.8,28.3,20.0,83,10.7,6.7,323,0.0,16.13
2022-10-13,23.8,29.0,19.0,72,14.1,9.0,304,0.0,17.58
2022-10-14,23.7,29.4,19.0,68,14.8,9.2,304,0.0,18.01
2022-10-15,23.9,29.6,18.7,69,12.3,7.8,293,0.0,17.97
2022-10-16,24.1,29.9,18.2,69,9.9,6.1,301,0.0,17.54
2022-10-17,24.2,30.3,18.3,63,10.8,7.9,265,0.0,17.41
2022-10-18,24.3,30.4,18.3,60,10.8,7.4,242,0.0,17.45
2022-10-19,23.7,30.1,18.7,66,12.1,7.4,200,0.0,17.2
2022-10-20,23.5,30.3,18.6,64,11.2,6.3,174,1.1,16.79
2022-10-21,24.0,29.9,17.2,65,9.7,5.6,246,0.0,16.91
2022-10-22,22.8,29.0,18.1,67,11.8,8.6,302,0.0,16.8
2022-10-23,22.0,28.5,16.0,63,8.7,6.9,305,0.0,16.91
2022-10-24,22.2,29.4,16.6,61,13.0,9.8,309,0.0,16.81
2022-10-25,22.1,29.2,16.2,56,18.7,11.7,293,0.0,16.86
2022-10-26,23.1,29.8,16.9,62,9.1,6.4,269,0.0,16.36
2022-10-27,24.0,30.0,16.9,61,9.4,5.2,272,0.0,16.18
2022-10-28,23.2,29.9,17.0,65,9.6,5.7,303,0.0,15.83
2022-10-29,23.4,29.3,17.3,63,8.3,4.8,284,0.0,15.93
2022-10-30,23.0,29.5,16.7,63,11.2,7.3,282,0.0,15.69
2022-10-31,23.2,29.2,16.2,63,8.4,5.5,252,0.0,15.47
2022-11-01,23.4,30.1,17.3,68,10.3,7.2,177,0.0,15.17
2022-11-02,23.1,29.2,17.7,70,13.9,9.0,299,0.0,15.36
2022-11-03,23.4,30.4,18.0,66,13.9,10.2,291,0.0,14.94
2022-11-04,24.8,30.6,20.7,65,8.7,4.7,78,0.0,14.67
2022-11-05,23.9,29.9,19.5,77,13.2,9.4,116,0.0,14.42
2022-11-06,23.4,29.3,19.0,78,9.4,7.5,148,0.0,12.32
2022-11-07,23.4,30.4,18.3,72,14.3,6.2,16,0.6,13.75
2022-11-08,21.8,28.6,17.7,75,25.2,6.5,297,6.9,12.28
2022-11-09,22.1,27.0,16.4,70,8.2,3.9,303,0.1,13.58
2022-11-10,21.1,25.8,17.2,74,12.8,7.4,319,0.0,12.78
2022-11-11,20.1,26.2,15.5,64,18.3,11.6,293,0.0,14.16
2022-11-12,20.0,26.2,15.4,59,19.7,13.3,294,0.0,14.17
2022-11-13,19.9,26.5,14.8,63,19.2,10.7,284,0.0,13.8
2022-11-14,20.9,27.5,15.1,62,15.3,8.1,117,0.0,13.49
2022-11-15,20.3,26.5,15.3,66,11.8,6.8,338,0.0,12.8
2022-11-16,19.4,25.1,15.8,60,17.0,10.4,310,0.0,13.56
2022-11-17,18.1,24.3,13.4,61,21.3,12.5,291,0.0,13.69
2022-11-18,17.3,24.2,12.2,57,13.1,9.6,301,0.0,13.85
2022-11-19,17.7,24.1,11.6,59,10.0,7.4,315,0.0,13.45
2022-11-20,17.5,25.0,11.6,62,13.2,9.2,300,0.0,13.31
2022-11-21,18.0,25.4,12.4,58,15.6,11.8,294,0.0,13.46
2022-11-22,17.9,25.0,12.6,55,14.8,10.8,289,0.0,13.41
2022-11-23,17.6,24.9,11.7,50,18.3,12.1,284,0.0,13.65
2022-11-24,17.2,24.9,12.1,54,14.6,11.2,280,0.0,13.47
2022-11-25,17.3,24.7,11.1,57,11.0,7.6,306,0.0,13.17
2022-11-26,17.2,24.8,11.6,57,15.1,10.5,291,0.0,13.23
2022-11-27,16.9,24.6,11.1,65,9.7,7.6,283,0.0,13.18
2022-11-28,17.4,24.3,10.0,63,9.1,5.2,289,0.0,13.0
2022-11-29,16.8,24.0,10.3,68,9.2,7.1,279,0.0,12.82
2022-11-30,16.8,23.8,11.5,71,9.4,7.2,284,0.0,12.63
2022-12-01,16.5,23.5,11.1,74,11.1,8.1,278,0.0,12.74
2022-12-02,16.7,23.4,11.0,74,8.1,5.5,264,0.0,12.45
2022-12-03,17.1,23.7,11.0,73,7.6,4.9,255,0.0,12.39
2022-12-04,16.5,23.5,11.3,74,12.0,8.3,279,0.0,12.56
2022-12-05,15.5,22.3,10.4,74,8.3,6.8,283,0.0,12.52
2022-12-06,16.0,22.6,11.0,69,17.6,13.3,287,0.0,12.57
2022-12-07,16.3,23.0,11.3,68,21.2,15.5,286,0.0,12.54
2022-12-08,16.0,22.8,10.9,73,15.2,11.3,298,0.0,12.29
2022-12-09,16.3,23.5,10.7,76,12.6,8.0,285,0.0,12.21
2022-12-10,16.9,25.0,10.5,71,11.2,8.7,308,0.0,12.18
2022-12-11,17.3,25.2,11.5,69,12.1,9.8,301,0.0,12.32
2022-12-12,16.9,24.6,11.5,62,13.2,11.2,298,0.0,12.41
2022-12-13,16.8,24.4,11.3,53,20.4,15.2,297,0.0,12.43
2022-12-14,15.7,22.1,11.2,55,19.4,14.7,292,0.0,12.58
2022-12-15,14.6,21.6,9.0,57,17.1,12.7,283,0.0,12.44
2022-12-16,14.0,21.2,8.6,66,13.1,10.2,269,0.0,12.46
2022-12-17,14.1,21.7,8.3,69,11.9,8.0,268,0.0,12.34
2022-12-18,14.3,21.5,8.3,76,9.6,7.0,291,0.0,12.28
2022-12-19,14.1,21.4,8.9,79,10.1,7.9,297,0.0,12.16
2022-12-20,13.6,20.8,8.6,77,10.1,7.9,290,0.0,11.88
2022-12-21,13.0,20.5,7.6,79,10.0,8.2,333,0.0,12.31
2022-12-22,12.9,20.3,8.5,79,10.5,8.1,326,0.0,12.2
2022-12-23,12.2,18.9,7.7,82,10.7,7.2,351,0.0,11.29
2022-12-24,12.4,18.9,8.5,75,15.0,10.9,313,0.0,12.23
2022-12-25,10.9,17.1,6.5,81,13.7,11.3,293,0.0,12.28
2022-12-26,11.1,18.4,6.3,83,10.9,8.6,303,0.0,12.27
2022-12-27,11.9,18.8,7.1,79,18.4,13.6,291,0.0,11.81
2022-12-28,13.1,19.6,7.8,72,19.8,15.9,282,0.0,12.39
2022-12-29,14.1,20.2,9.4,74,12.2,8.4,283,0.0,9.27
2022-12-30,14.9,20.7,11.1,75,13.9,8.5,133,0.0,11.14
2022-12-31,13.1,19.0,9.6,82,17.3,12.6,289,0.0,12.38
2023-01-01,12.5,18.3,7.9,79,8.7,6.0,275,0.0,12.34
2023-01-02,12.2,18.2,6.3,78,9.2,5.0,317,0.0,12.59
2023-01-03,10.6,16.6,6.0,85,9.7,6.6,316,0.0,11.33
2023-01-04,9.7,16.5,5.4,87,11.2,8.5,314,0.0,12.3
2023-01-05,8.9,15.4,5.4,89,10.2,8.1,302,0.0,10.76
2023-01-06,8.3,14.1,4.8,87,10.9,6.7,310,0.0,11.2
2023-01-07,8.2,15.3,3.8,87,13.2,9.1,297,0.0,11.48
2023-01-08,10.1,17.1,5.7,88,14.2,9.7,297,0.0,11.4
2023-01-09,11.1,17.4,5.7,88,7.7,5.4,299,0.0,9.73
2023-01-10,11.5,18.4,7.5,89,14.4,8.9,293,0.0,10.77
2023-01-11,12.1,19.7,7.6,86,13.7,7.4,340,0.0,11.41
2023-01-12,14.5,20.1,9.8,81,16.0,12.8,123,0.1,11.93
2023-01-13,13.9,18.6,10.6,87,16.6,9.6,91,18.2,9.67
2023-01-14,12.1,17.0,8.0,76,17.1,13.4,298,0.0,13.28
2023-01-15,9.4,15.3,5.5,66,15.9,12.6,293,0.0,14.09
2023-01-16,9.0,15.5,3.7,64,13.3,9.4,302,0.0,14.0
2023-01-17,9.0,16.4,3.6,64,14.4,10.2,296,0.0,14.17
2023-01-18,9.2,16.6,3.2,65,10.6,8.6,293,0.0,14.04
2023-01-19,12.2,18.4,6.4,64,15.5,7.2,329,0.3,13.15
2023-01-20,14.0,19.7,9.7,70,14.9,10.5,355,0.0,13.13
2023-01-21,13.2,20.5,7.0,79,8.7,5.5,324,0.0,13.93
2023-01-22,14.1,21.7,8.1,71,10.6,8.5,13,0.0,13.3
2023-01-23,15.5,22.8,8.4,64,10.0,6.5,32,0.0,13.94
2023-01-24,16.9,21.2,13.1,82,23.2,12.0,136,11.3,9.99
2023-01-25,16.4,21.1,11.9,83,11.5,6.1,312,1.0,10.79
2023-01-26,14.3,19.0,9.9,77,16.4,12.7,309,0.0,13.5
2023-01-27,12.1,18.6,7.5,68,17.4,14.6,296,0.0,15.25
2023-01-28,12.5,20.7,6.5,69,15.3,11.5,286,0.0,15.35
2023-01-29,12.8,16.4,8.3,84,15.2,9.3,117,4.2,5.25
2023-01-30,13.2,16.2,10.4,87,22.3,8.5,103,10.2,5.89
2023-01-31,14.1,20.5,9.7,84,20.7,14.4,297,0.0,14.88
2023-02-01,13.7,19.9,9.4,75,19.7,16.3,291,0.0,15.66
2023-02-02,14.7,21.5,9.4,65,19.4,15.8,293,0.0,15.81
2023-02-03,15.0,22.4,9.6,69,16.7,11.9,286,0.0,15.76
2023-02-04,15.9,22.7,10.3,66,18.7,13.5,282,0.0,15.76
2023-02-05,17.0,23.3,11.0,63,14.3,9.7,278,0.0,16.16
2023-02-06,17.6,25.1,10.4,70,11.5,7.8,158,0.0,15.57
2023-02-07,17.1,23.4,13.1,70,18.2,12.7,293,0.0,16.09
2023-02-08,15.7,22.6,10.2,55,16.1,11.2,290,0.0,16.41
2023-02-09,17.3,25.8,10.0,63,15.3,9.9,205,0.0,16.32
2023-02-10,18.6,25.5,12.9,72,15.9,9.7,142,0.0,16.21
2023-02-11,18.9,25.9,13.3,63,16.6,8.9,309,0.0,16.74
2023-02-12,15.8,21.9,10.6,47,23.8,15.1,306,0.0,17.31
2023-02-13,15.0,21.0,9.8,35,27.9,22.1,292,0.0,17.5
2023-02-14,16.8,23.5,11.0,44,19.3,14.5,298,0.0,17.08
2023-02-15,18.3,25.7,12.8,55,20.9,15.0,291,0.0,17.35
2023-02-16,18.3,26.2,11.5,71,11.0,7.8,311,0.0,17.35
2023-02-17,19.6,26.7,13.3,77,9.9,5.9,352,0.0,17.44
2023-02-18,19.0,26.4,12.5,78,10.5,7.3,298,0.0,17.56
2023-02-19,21.0,27.9,14.8,70,10.4,5.6,29,0.0,17.56
2023-02-20,22.3,30.7,15.3,65,12.0,7.2,150,0.0,17.71
2023-02-21,21.9,29.1,15.1,58,14.2,9.3,264,0.0,18.27
2023-02-22,20.5,28.4,13.5,63,14.1,8.1,324,0.0,17.24
2023-02-23,20.0,27.4,14.0,53,18.9,12.2,294,0.0,18.8
2023-02-24,19.8,27.9,13.0,51,14.5,10.6,286,0.0,17.81
2023-02-25,21.0,28.4,13.4,54,9.9,7.4,292,0.0,18.75
2023-02-26,22.3,29.5,14.4,51,13.1,7.3,285,0.0,18.4
2023-02-27,22.2,29.8,15.6,53,15.0,8.8,323,0.0,17.67
2023-02-28,21.6,29.3,14.3,49,15.7,8.0,343,0.0,17.75
2023-03-01,21.8,29.7,15.7,50,17.5,10.1,19,0.0,18.19
2023-03-02,22.1,30.0,15.2,55,14.8,9.8,312,0.0,18.87
2023-03-03,22.6,30.6,16.8,56,18.1,11.4,297,0.0,18.61
2023-03-04,22.4,29.8,17.5,54,17.3,11.5,312,0.0,17.85
2023-03-05,22.4,29.6,16.3,53,20.8,12.5,303,0.0,19.3
2023-03-06,21.7,28.7,15.9,50,17.9,11.4,302,0.0,20.04
2023-03-07,21.8,28.7,15.8,48,13.8,8.7,278,0.0,19.86
2023-03-08,21.3,28.2,14.8,54,14.5,8.3,278,0.2,17.79
2023-03-09,21.0,27.5,15.9,62,13.8,8.9,255,0.5,18.01
2023-03-10,22.3,29.2,15.5,58,15.1,9.3,283,0.0,20.27
2023-03-11,23.2,30.0,16.2,51,13.0,8.1,286,0.0,20.39
2023-03-12,24.3,31.9,17.1,49,11.9,7.7,307,0.0,20.56
2023-03-13,24.3,32.1,17.5,49,15.8,8.4,316,0.0,18.4
2023-03-14,24.2,31.6,17.2,49,22.2,10.0,293,0.0,20.34
2023-03-15,24.8,32.3,17.2,43,20.4,7.1,326,0.0,20.43
2023-03-16,24.5,31.9,19.0,42,23.0,10.4,171,0.1,17.41
2023-03-17,22.9,28.5,19.5,55,16.7,6.5,118,1.7,16.98
2023-03-18,20.4,26.8,16.7,75,22.3,8.0,62,0.3,18.4
2023-03-19,19.8,25.2,15.2,83,12.0,6.6,113,0.7,17.54
2023-03-20,18.7,23.7,16.1,87,17.5,7.2,83,24.3,13.84
2023-03-21,18.3,23.1,14.6,84,10.8,7.1,56,3.2,17.0
2023-03-22,19.5,26.3,14.0,75,10.1,5.9,281,0.0,21.28
2023-03-23,21.5,28.0,15.5,65,14.7,9.1,294,0.0,21.44
2023-03-24,21.6,27.5,17.3,69,23.1,9.0,125,15.8,15.26
2023-03-25,21.2,26.3,17.4,78,19.8,9.6,92,1.1,20.04
2023-03-26,21.8,27.6,16.5,62,14.0,9.7,340,0.0,21.07
2023-03-27,20.8,26.8,15.5,62,18.3,10.6,294,0.0,22.39
2023-03-28,21.8,28.2,15.2,61,17.4,9.6,309,0.0,21.43
2023-03-29,23.3,30.8,16.7,55,11.8,8.1,77,0.2,18.99
2023-03-30,21.8,30.8,17.5,70,20.1,9.6,348,5.7,18.76
2023-03-31,19.6,24.2,17.0,83,17.4,5.8,109,9.4,17.09
2023-04-01,20.1,25.7,15.1,79,12.6,5.4,61,0.9,20.31
2023-04-02,22.2,28.3,15.9,69,16.8,8.5,308,0.0,21.72
2023-04-03,23.3,31.3,16.4,61,14.8,8.2,22,0.0,21.84
2023-04-04,22.2,28.0,17.2,61,15.6,9.8,328,0.2,22.28
2023-04-05,22.9,30.2,16.3,50,15.3,10.2,311,0.0,23.74
2023-04-06,23.9,31.3,16.7,41,16.5,12.0,322,0.0,22.63
2023-04-07,24.3,31.3,17.4,37,15.9,11.9,306,0.0,24.47
2023-04-08,24.4,31.8,17.1,34,16.2,10.9,287,0.0,24.58
2023-04-09,26.2,33.1,18.0,30,16.6,9.5,305,0.0,24.27
2023-04-10,26.4,33.3,19.7,29,15.5,8.7,299,0.0,23.62
2023-04-11,27.7,35.9,19.4,28,25.1,13.4,297,0.0,24.16
2023-04-12,29.4,36.4,23.1,27,24.6,15.9,283,0.0,21.84
2023-04-13,29.5,37.2,22.2,28,19.6,12.1,289,0.0,24.26
2023-04-14,29.5,37.3,21.8,27,17.2,10.0,287,0.0,24.02
2023-04-15,30.9,39.1,22.0,23,14.5,8.2,260,0.0,24.27
2023-04-16,31.3,39.2,22.7,25,18.3,10.2,261,0.0,23.31
2023-04-17,32.5,39.1,24.4,25,15.3,9.4,288,0.0,22.91
2023-04-18,32.6,39.1,25.5,23,23.5,12.9,275,0.0,22.54
2023-04-19,29.8,37.3,25.1,35,23.1,11.0,325,0.0,21.2
2023-04-20,28.1,34.7,23.3,44,15.5,8.3,251,0.0,22.23
2023-04-21,28.8,35.2,22.4,34,15.3,10.2,60,0.0,23.36
2023-04-22,28.6,35.1,20.8,26,17.2,9.7,17,0.0,23.07
2023-04-23,26.9,33.9,20.9,27,19.5,11.8,20,0.0,20.37
2023-04-24,26.1,31.9,20.0,35,17.7,10.3,116,0.0,21.06
2023-04-25,27.1,33.2,20.6,37,16.8,10.7,109,0.0,23.39
2023-04-26,28.9,35.6,22.1,32,11.9,8.2,120,0.0,21.33
2023-04-27,29.1,35.8,23.6,30,18.2,9.6,149,0.0,17.91
2023-04-28,27.9,33.5,22.4,36,9.6,6.4,157,0.0,17.24
2023-04-29,26.5,33.3,21.8,49,18.9,7.8,279,0.6,17.99
2023-04-30,24.6,30.4,21.2,61,20.2,7.4,23,1.4,15.17
2023-05-01,22.1,27.8,19.8,80,12.8,8.2,83,5.4,14.17
2023-05-02,22.5,28.0,19.3,81,18.4,10.6,98,5.4,15.8
2023-05-03,22.4,28.2,19.9,81,14.8,7.0,82,6.8,17.34
2023-05-04,24.2,29.7,18.7,73,7.8,4.8,80,0.0,22.14
2023-05-05,25.9,30.8,20.6,59,13.5,8.0,250,5.4,19.52
2023-05-06,27.4,35.4,20.7,48,21.7,8.6,288,0.0,21.74
2023-05-07,28.9,36.1,22.0,39,17.4,10.3,192,0.0,21.61
2023-05-08,29.2,36.6,21.9,40,22.2,12.7,125,0.0,22.01
2023-05-09,29.5,37.1,21.4,34,21.1,11.8,330,0.0,24.51
2023-05-10,29.7,36.5,21.9,22,22.9,13.9,299,0.0,24.83
2023-05-11,31.0,38.9,22.1,22,16.1,8.4,281,0.0,24.62
2023-05-12,33.3,41.7,23.1,22,16.0,10.1,252,0.0,24.02
2023-05-13,33.3,41.5,25.1,25,13.7,10.2,104,0.0,23.11
2023-05-14,32.5,40.5,26.5,28,25.0,11.6,25,0.0,20.66
2023-05-15,33.4,40.5,25.2,25,14.3,8.7,289,0.0,22.96
2023-05-16,32.4,38.6,26.8,28,26.2,13.9,273,0.0,19.43
2023-05-17,33.2,40.9,26.0,26,20.6,13.7,255,0.0,22.03
2023-05-18,31.0,38.0,23.9,38,21.6,12.3,321,0.0,22.68
2023-05-19,31.6,37.9,25.9,35,21.6,14.3,296,0.0,23.68
2023-05-20,32.8,40.0,24.8,28,24.1,12.6,286,0.0,23.85
2023-05-21,34.8,42.4,25.4,22,23.0,10.3,292,0.0,23.25
2023-05-22,36.1,42.1,29.8,20,28.0,18.3,275,0.0,20.58
2023-05-23,35.3,43.6,30.0,28,28.0,18.7,273,1.0,19.37
2023-05-24,30.8,37.7,26.3,47,18.5,10.2,252,0.2,17.36
2023-05-25,28.2,33.9,23.4,58,19.5,7.9,266,0.2,20.35
2023-05-26,28.5,34.5,22.7,55,9.4,5.1,124,0.0,22.85
2023-05-27,27.1,33.8,21.0,64,36.1,13.0,89,19.2,18.14
2023-05-28,27.4,33.8,24.0,66,18.1,7.2,122,0.3,21.02
2023-05-29,27.1,34.1,22.5,70,20.0,7.7,86,1.2,18.79
2023-05-30,27.3,34.1,22.7,65,17.4,8.0,346,0.1,21.83
2023-05-31,24.9,30.9,21.6,74,24.8,10.3,272,2.9,19.07
2023-06-01,26.4,33.6,19.9,65,16.4,7.6,327,0.4,22.47
2023-06-02,27.5,33.0,22.0,57,17.8,9.6,327,1.3,23.05
2023-06-03,29.2,34.9,22.7,52,11.7,7.8,318,0.0,23.51
2023-06-04,29.3,36.2,23.9,58,13.5,10.1,283,1.6,20.33
2023-06-05,30.4,37.1,25.1,52,26.8,13.1,291,0.1,22.1
2023-06-06,31.4,38.8,24.1,43,19.0,8.9,292,0.0,21.65
2023-06-07,32.1,38.4,25.0,37,20.5,11.1,301,0.0,22.96
2023-06-08,32.7,39.3,25.1,35,21.6,11.1,317,0.0,22.27
2023-06-09,34.2,40.8,26.0,34,21.9,14.8,276,0.0,22.59
2023-06-10,34.4,40.4,26.5,38,21.4,13.5,274,0.0,20.89
2023-06-11,33.8,39.2,28.2,45,21.9,15.1,286,0.0,22.54
2023-06-12,34.9,41.0,29.0,44,26.9,16.3,290,0.0,22.38
2023-06-13,36.2,41.9,30.2,35,30.6,21.0,284,0.0,22.37
2023-06-14,35.6,40.5,30.7,36,30.0,21.2,285,0.0,21.97
2023-06-15,33.2,37.4,30.3,47,30.8,17.4,288,0.4,21.3
2023-06-16,32.2,38.7,27.4,51,28.1,13.9,277,1.2,20.2
2023-06-17,32.9,39.3,26.3,54,15.2,10.6,243,0.3,20.8
2023-06-18,32.1,38.7,28.4,60,17.7,9.0,157,4.0,20.44
2023-06-19,29.6,32.3,27.4,71,12.9,9.0,34,6.6,7.35
2023-06-20,30.6,36.5,26.1,67,20.6,9.2,38,16.6,19.92
2023-06-21,29.3,35.6,25.7,77,18.0,7.2,220,20.3,13.78
2023-06-22,31.4,36.1,27.1,72,17.2,7.8,192,2.7,16.7
2023-06-23,30.8,35.4,26.1,76,18.4,8.4,139,6.1,16.8
2023-06-24,30.9,34.5,27.7,75,17.7,7.4,91,10.7,15.21
2023-06-25,28.0,32.3,25.8,86,15.2,6.3,81,13.6,11.24
2023-06-26,28.0,32.8,25.1,84,7.6,4.9,88,5.8,19.23
2023-06-27,28.7,33.6,25.2,82,17.7,7.0,97,8.1,20.82
2023-06-28,29.1,34.0,26.0,81,13.5,8.4,100,12.2,20.4
2023-06-29,28.5,32.4,25.8,83,16.9,9.6,79,11.7,16.72
2023-06-30,28.8,33.9,25.3,81,13.4,8.4,71,12.7,19.66
2023-07-01,29.1,33.7,24.6,78,23.2,10.1,64,1.9,21.21
2023-07-02,30.5,35.3,25.9,73,10.5,7.1,39,0.9,22.42
2023-07-03,31.1,36.6,27.1,72,20.7,8.6,111,4.5,22.27
2023-07-04,30.7,36.7,26.1,74,16.6,9.6,117,2.5,22.7
2023-07-05,29.1,33.6,24.4,81,16.3,10.8,83,13.0,17.09
2023-07-06,29.0,33.1,25.3,77,14.7,10.2,99,4.8,19.24
2023-07-07,28.5,33.3,24.9,83,15.8,8.2,99,10.0,15.18
2023-07-08,27.2,29.6,26.1,91,21.9,11.2,110,34.4,8.18
2023-07-09,27.0,30.8,25.1,91,16.5,11.4,115,29.7,10.88
2023-07-10,27.6,31.0,25.8,90,13.0,6.4,93,34.1,13.7
2023-07-11,28.5,33.3,25.2,84,11.6,6.6,49,2.9,19.46
2023-07-12,28.5,33.5,25.7,86,15.0,8.2,92,9.6,19.47
2023-07-13,29.1,33.2,26.0,82,14.7,8.9,103,5.2,20.32
2023-07-14,28.5,33.8,25.7,83,14.4,6.1,152,21.1,20.31
2023-07-15,28.6,33.3,26.0,86,20.7,6.0,179,17.7,17.1
2023-07-16,28.6,32.9,25.2,85,12.9,5.5,101,21.9,19.62
2023-07-17,29.0,33.3,26.3,85,10.1,4.7,172,11.8,18.86
2023-07-18,28.2,31.7,25.4,86,15.5,9.6,119,13.4,16.43
2023-07-19,28.9,33.0,26.3,86,13.0,9.0,121,9.3,18.8
2023-07-20,29.8,35.2,26.9,81,16.8,6.0,30,23.7,21.97
2023-07-21,30.9,35.6,26.5,76,15.5,8.8,114,4.2,21.61
2023-07-22,30.7,34.3,27.2,76,19.9,13.5,91,6.0,17.89
2023-07-23,30.9,34.2,28.3,73,21.9,14.6,97,0.6,20.62
2023-07-24,29.9,34.1,27.4,80,15.5,11.3,94,7.8,21.29
2023-07-25,29.3,34.1,25.6,82,14.9,9.1,128,11.8,16.99
2023-07-26,27.0,29.7,25.6,91,14.3,7.8,112,18.3,7.94
2023-07-27,28.5,31.7,26.3,88,8.9,5.0,128,11.0,14.84
2023-07-28,28.2,32.9,26.3,87,10.2,5.7,258,27.0,16.56
2023-07-29,27.8,31.4,24.7,84,13.5,7.0,242,11.2,16.75
2023-07-30,29.0,33.1,25.0,80,14.0,9.5,284,2.3,20.85
2023-07-31,29.6,33.6,25.1,78,18.6,12.0,280,0.8,22.03
2023-08-01,30.3,34.6,26.9,75,18.7,14.7,272,0.2,22.26
2023-08-02,30.2,35.1,27.3,78,17.8,12.3,284,1.4,21.0
2023-08-03,29.4,34.1,26.5,82,18.0,12.4,286,9.6,21.94
2023-08-04,28.4,31.7,26.0,88,9.4,4.9,15,11.5,13.86
2023-08-05,29.4,33.7,26.3,83,12.9,6.7,268,4.8,17.76
2023-08-06,30.0,34.8,26.0,74,19.8,13.0,272,1.9,22.44
2023-08-07,30.0,34.2,27.2,68,22.0,16.2,266,0.1,22.11
2023-08-08,30.3,34.4,26.9,67,24.5,17.8,264,0.0,20.89
2023-08-09,30.7,34.5,27.4,65,20.2,14.3,268,0.0,20.35
2023-08-10,29.9,34.0,27.3,70,17.5,11.8,255,1.7,19.92
2023-08-11,30.6,34.6,27.2,67,15.7,10.8,263,1.6,21.81
2023-08-12,31.3,35.3,28.2,56,20.7,16.1,258,0.0,21.24
2023-08-13,31.0,35.6,27.6,61,18.8,14.7,245,0.7,21.41
2023-08-14,29.7,33.5,26.8,67,13.2,9.6,161,0.0,17.13
2023-08-15,29.8,34.7,25.8,74,9.7,5.6,23,0.1,21.23
2023-08-16,30.9,36.0,25.6,67,16.8,9.4,285,0.1,22.0
2023-08-17,31.9,36.0,27.8,58,20.3,12.8,279,0.0,22.59
2023-08-18,31.7,36.1,28.3,60,15.1,10.0,300,0.1,21.99
2023-08-19,30.3,34.1,26.2,75,19.1,7.9,105,7.4,18.94
2023-08-20,31.8,35.8,27.8,69,18.0,10.4,106,0.1,22.29
2023-08-21,32.0,36.3,28.0,70,14.7,7.1,124,0.8,20.73
2023-08-22,30.4,35.4,27.4,79,18.0,8.3,153,12.6,15.85
2023-08-23,27.7,29.9,25.6,90,20.9,7.9,176,15.5,5.8
2023-08-24,29.0,33.3,24.8,73,17.0,11.4,260,0.0,20.01
2023-08-25,30.0,33.9,25.7,63,16.7,13.4,263,0.0,19.03
2023-08-26,30.4,34.3,27.3,60,18.9,13.3,268,0.0,21.52
2023-08-27,30.4,34.8,27.1,56,23.2,16.7,267,0.1,21.38
2023-08-28,29.4,34.8,26.3,63,22.5,14.3,263,2.2,21.03
2023-08-29,30.4,35.0,25.8,59,19.3,11.9,280,0.0,21.68
2023-08-30,30.9,36.4,26.6,57,15.5,11.4,286,0.0,21.76
2023-08-31,31.1,36.4,25.7,59,14.4,8.8,295,0.0,21.44
2023-09-01,31.9,37.3,26.7,54,19.3,10.7,285,0.0,21.88
2023-09-02,31.8,37.2,27.3,51,23.4,13.8,285,0.0,22.77
2023-09-03,31.3,36.7,26.3,53,22.0,13.3,286,0.0,22.83
2023-09-04,31.3,37.3,25.6,52,18.6,12.0,306,0.0,22.87
2023-09-05,30.7,36.2,26.5,67,12.5,8.0,63,6.1,18.75
2023-09-06,30.9,36.2,24.3,64,21.4,6.6,111,1.7,21.61
2023-09-07,31.9,38.4,27.0,60,9.6,5.7,167,0.0,20.47
2023-09-08,30.3,36.6,25.5,68,20.3,9.6,111,1.3,20.91
2023-09-09,27.8,32.4,25.4,80,25.4,13.8,73,2.5,15.93
2023-09-10,26.1,30.0,24.2,89,17.6,12.6,64,35.3,12.33
2023-09-11,27.5,32.1,23.9,81,19.8,10.0,70,1.0,20.04
2023-09-12,28.7,33.4,24.4,79,9.6,5.4,105,0.0,20.28
2023-09-13,29.7,33.7,26.4,79,16.3,5.8,123,7.4,19.38
2023-09-14,29.2,34.1,26.7,82,15.3,9.0,99,5.5,17.47
2023-09-15,28.1,32.0,25.5,87,14.6,7.4,52,5.7,12.27
2023-09-16,28.3,31.5,26.4,84,23.9,13.7,79,7.8,14.38
2023-09-17,27.1,31.7,25.2,87,22.5,16.6,90,6.5,14.09
2023-09-18,27.9,31.7,24.7,79,23.1,14.8,125,2.1,19.23
2023-09-19,28.6,33.1,24.6,77,11.5,8.7,126,0.2,19.85
2023-09-20,29.4,33.1,25.5,76,9.2,5.1,37,0.9,18.58
2023-09-21,28.9,33.5,26.0,81,22.0,6.8,244,2.6,18.69
2023-09-22,29.4,33.3,25.3,78,10.5,6.6,36,0.3,19.0
2023-09-23,28.6,32.8,25.6,82,13.7,6.3,105,1.4,18.26
2023-09-24,27.9,32.8,25.3,80,14.8,7.6,306,0.9,17.99
2023-09-25,28.6,32.9,24.6,76,9.4,5.6,13,0.2,19.03
2023-09-26,28.8,32.9,24.9,73,9.4,6.1,7,0.2,18.69
2023-09-27,27.8,33.3,23.3,65,14.0,8.7,321,0.0,20.37
2023-09-28,26.6,33.1,20.6,62,12.9,8.4,320,0.0,20.62
2023-09-29,26.8,33.2,20.4,61,9.7,7.1,316,0.0,20.38
2023-09-30,27.9,34.8,22.8,57,17.6,10.7,332,0.0,19.96
2023-10-01,27.4,34.6,21.3,54,19.5,10.6,332,0.0,20.01
2023-10-02,26.7,33.8,20.2,43,19.9,11.7,334,0.0,20.07
2023-10-03,26.4,33.9,20.0,40,23.4,12.4,305,0.0,20.12
2023-10-04,26.3,33.9,18.9,53,21.1,12.3,314,0.0,19.8
2023-10-05,26.4,34.3,19.9,52,16.4,11.2,302,0.0,19.76
2023-10-06,27.3,35.3,19.9,51,13.7,8.6,290,0.0,19.44
2023-10-07,28.3,35.0,21.6,60,14.4,8.8,300,0.0,18.75
2023-10-08,29.7,35.3,24.1,58,14.9,9.2,281,0.0,18.53
2023-10-09,29.3,35.2,24.6,54,16.7,9.8,262,0.0,17.67
2023-10-10,28.4,33.5,24.4,55,13.1,9.8,291,2.5,16.6
2023-10-11,26.5,33.7,21.2,57,15.5,10.5,306,0.0,18.63
2023-10-12,25.8,33.2,18.9,54,14.3,9.0,309,0.0,18.47
2023-10-13,27.5,34.7,20.3,55,13.4,7.8,313,0.0,17.85
2023-10-14,28.2,35.0,21.6,52,16.1,8.0,317,0.0,16.54
2023-10-15,27.3,33.7,22.3,55,15.6,7.0,329,0.1,16.86
2023-10-16,24.3,29.0,19.8,65,27.6,11.8,81,9.9,13.08
2023-10-17,22.3,28.7,18.2,72,13.5,7.0,63,3.3,14.24
2023-10-18,22.6,29.0,17.1,65,14.7,10.6,309,0.0,17.09
2023-10-19,21.9,28.6,17.0,63,13.2,9.2,302,0.0,17.17
2023-10-20,22.4,29.1,17.0,65,9.9,7.4,316,0.0,17.1
2023-10-21,22.8,29.7,16.7,63,9.8,7.0,321,0.0,16.88
2023-10-22,23.3,30.4,17.1,61,10.8,6.4,5,0.0,16.33
2023-10-23,23.2,29.7,17.6,64,11.4,8.5,318,0.0,16.29
2023-10-24,23.4,30.5,17.7,60,11.0,7.9,307,0.0,16.18
2023-10-25,23.2,30.6,17.1,59,14.6,8.8,306,0.0,16.25
2023-10-26,22.9,30.5,16.9,58,13.0,9.0,294,0.0,16.42
2023-10-27,22.9,30.4,16.6,51,11.9,8.3,296,0.0,16.52
2023-10-28,24.4,30.0,18.6,48,10.0,5.1,323,0.0,13.66
2023-10-29,24.0,31.4,17.8,56,9.3,5.7,85,0.0,15.53
2023-10-30,23.9,31.7,17.6,67,10.7,7.1,69,0.0,15.14
2023-10-31,24.1,31.1,18.5,69,8.9,6.5,88,0.0,15.07
2023-11-01,24.0,30.5,18.8,66,10.8,6.8,39,0.0,15.14
2023-11-02,24.1,30.3,19.0,66,10.5,7.4,328,0.0,14.8
2023-11-03,22.5,28.5,17.8,70,16.8,8.1,296,1.1,13.99
2023-11-04,22.5,29.6,15.9,66,16.0,7.8,316,0.0,14.63
2023-11-05,22.7,29.6,16.8,62,11.3,7.4,322,0.0,15.08
2023-11-06,22.2,29.5,15.2,60,11.4,6.0,26,0.0,14.88
2023-11-07,22.5,30.1,16.3,64,11.4,7.5,6,0.0,14.45
2023-11-08,22.7,29.5,16.8,65,10.3,6.9,309,0.0,14.33
2023-11-09,22.7,29.2,16.9,65,10.3,7.3,294,0.0,13.97
2023-11-10,20.5,26.4,16.1,76,19.5,9.2,67,2.9,10.93
2023-11-11,19.2,25.3,14.9,76,11.6,8.2,321,0.0,13.89
2023-11-12,18.8,25.1,13.9,74,11.4,8.1,294,0.0,14.09
2023-11-13,19.0,25.6,13.2,73,9.8,6.4,319,0.0,13.85
2023-11-14,18.9,25.2,14.1,71,9.8,7.7,315,0.0,11.71
2023-11-15,18.5,25.7,13.1,72,10.2,7.7,289,0.0,13.86
2023-11-16,19.7,26.2,13.0,69,8.6,5.8,346,0.0,13.52
2023-11-17,20.4,26.8,14.3,71,9.9,6.0,55,0.0,13.0
2023-11-18,19.9,26.2,14.6,70,8.0,5.7,199,0.0,13.04
2023-11-19,20.1,25.7,13.9,66,10.5,5.5,142,0.0,12.88
2023-11-20,19.6,25.5,13.4,65,10.2,6.7,302,0.0,13.19
2023-11-21,18.8,25.2,13.5,70,16.3,10.3,287,0.0,13.18
2023-11-22,18.1,24.8,13.1,65,13.8,11.2,283,0.0,13.32
2023-11-23,18.0,24.8,11.3,68,9.0,4.9,195,0.0,13.21
2023-11-24,18.5,25.1,13.4,69,10.0,6.0,324,0.0,13.01
2023-11-25,18.5,25.3,12.4,68,10.0,6.0,285,0.0,12.87
2023-11-26,19.2,25.5,14.2,68,11.2,7.8,108,0.0,10.47
2023-11-27,18.5,24.0,15.7,75,23.2,10.3,134,4.0,6.96
2023-11-28,17.4,20.6,15.1,88,10.2,5.9,78,3.2,6.06
2023-11-29,18.5,24.4,13.4,80,8.7,6.3,85,0.4,11.56
2023-11-30,17.8,21.7,14.1,84,13.3,7.6,33,1.0,9.33
2023-12-01,18.4,24.2,13.8,81,8.0,6.3,348,0.1,11.06
2023-12-02,18.0,24.2,13.2,79,8.7,7.1,338,0.0,11.66
2023-12-03,18.0,24.5,12.2,74,10.4,6.8,351,0.1,12.09
2023-12-04,17.8,22.9,13.7,73,11.3,7.9,335,0.0,10.56
2023-12-05,16.5,23.2,11.5,73,12.4,8.4,324,0.0,12.3
2023-12-06,16.4,23.6,11.7,76,11.3,7.0,287,0.0,12.46
2023-12-07,16.7,24.1,11.6,77,10.2,8.0,294,0.0,12.06
2023-12-08,16.5,23.8,11.4,74,13.3,8.6,292,0.0,12.3
2023-12-09,15.9,23.4,10.7,70,13.3,9.7,290,0.0,12.43
2023-12-10,15.5,22.5,10.8,68,18.0,11.7,285,0.0,12.46
2023-12-11,15.2,22.3,9.1,69,10.1,6.2,292,0.0,12.27
2023-12-12,15.6,22.8,9.3,70,11.4,6.3,102,0.0,12.03
2023-12-13,15.9,22.8,10.4,67,10.3,6.9,341,0.0,12.09
2023-12-14,14.7,22.1,9.7,71,16.1,10.3,284,0.0,12.28
2023-12-15,14.2,22.1,7.5,71,10.2,6.9,303,0.0,12.21
2023-12-16,14.5,22.3,7.7,67,12.1,7.9,318,0.0,12.01
2023-12-17,15.4,22.6,9.5,64,12.6,8.3,330,0.0,12.03
2023-12-18,14.3,21.5,9.1,67,20.1,12.7,289,0.0,12.25
2023-12-19,14.2,21.5,8.6,64,17.1,13.3,283,0.0,12.45
2023-12-20,13.6,20.4,7.9,70,11.8,8.8,287,0.0,11.55
2023-12-21,13.9,21.6,8.1,74,13.3,8.5,302,0.0,11.92
2023-12-22,13.9,21.5,7.1,76,9.7,5.6,309,0.0,12.16
2023-12-23,16.1,22.1,11.1,72,9.4,6.3,119,0.3,11.89
2023-12-24,15.8,22.9,9.7,76,9.2,5.8,331,0.0,11.93
2023-12-25,15.5,22.9,10.7,78,12.2,8.4,281,0.0,12.12
2023-12-26,15.4,22.7,9.5,75,8.2,6.4,310,0.0,11.42
2023-12-27,14.3,21.7,8.5,80,10.1,7.3,314,0.0,12.13
2023-12-28,14.0,20.9,9.7,85,10.3,7.0,315,0.0,11.64
2023-12-29,13.3,20.2,8.3,87,6.4,2.9,357,0.0,10.26
2023-12-30,12.5,19.0,9.0,90,9.3,5.0,326,0.0,9.24
2023-12-31,12.7,18.7,7.6,84,8.0,4.5,9,0.0,11.45
2024-01-01,10.4,16.2,5.9,85,8.2,5.5,324,0.0,10.65
2024-01-02,9.1,15.3,4.6,86,8.2,5.6,320,0.0,11.21
2024-01-03,9.5,15.9,4.8,89,10.4,5.5,343,0.0,9.77
2024-01-04,11.5,17.9,5.2,82,10.2,6.1,318,0.0,10.85
2024-01-05,11.7,17.3,7.3,85,9.7,5.6,337,0.1,7.51
2024-01-06,11.6,16.9,6.3,82,9.0,5.8,332,0.0,9.25
2024-01-07,11.4,17.5,6.1,81,7.1,5.0,291,0.0,12.7
2024-01-08,10.9,18.4,5.5,86,8.9,6.1,333,0.0,12.32
2024-01-09,10.8,18.0,6.2,86,13.9,8.9,316,0.0,12.52
2024-01-10,9.2,15.8,4.6,84,15.0,12.9,292,0.0,13.14
2024-01-11,9.3,15.5,5.6,88,12.0,10.0,298,0.0,10.92
2024-01-12,10.1,17.4,5.6,86,12.4,9.6,290,0.0,12.01
2024-01-13,10.3,18.1,5.9,84,10.2,4.6,327,0.0,10.08
2024-01-14,9.7,18.0,4.8,86,10.0,6.8,313,0.0,12.14
2024-01-15,9.0,16.1,5.0,85,9.0,7.6,310,0.0,12.41
2024-01-16,8.9,17.5,3.9,86,11.0,5.5,78,0.0,12.09
2024-01-17,9.9,17.8,4.0,84,10.7,8.1,135,0.0,13.86
2024-01-18,11.0,17.5,6.0,86,8.0,3.3,159,0.0,11.35
2024-01-19,10.2,16.8,6.3,89,9.2,5.2,160,0.0,11.02
2024-01-20,9.6,16.1,5.1,88,10.3,6.2,343,0.0,12.15
2024-01-21,9.0,16.1,5.2,89,14.1,9.9,294,0.0,11.72
2024-01-22,9.2,16.9,5.0,86,10.6,4.5,84,0.0,12.28
2024-01-23,10.4,17.3,4.9,88,8.9,5.9,195,0.0,12.47
2024-01-24,11.3,18.2,6.4,84,8.3,6.6,324,0.0,13.72
2024-01-25,10.2,17.5,5.6,88,10.4,5.7,329,0.0,12.39
2024-01-26,11.4,18.5,6.0,84,11.3,5.8,294,0.0,13.86
2024-01-27,12.5,20.6,6.9,77,16.8,11.8,289,0.0,14.63
2024-01-28,13.8,20.3,7.0,79,13.8,8.1,113,0.0,11.52
2024-01-29,14.5,21.3,9.5,85,12.2,8.3,104,0.0,14.27
2024-01-30,13.8,20.5,10.0,89,9.4,6.5,320,0.0,13.03
2024-01-31,14.0,20.2,9.9,92,14.5,8.2,124,9.0,9.17
2024-02-01,15.4,21.2,12.2,86,21.5,13.2,115,30.0,10.42
2024-02-02,13.0,19.3,8.5,84,15.5,9.8,316,0.0,14.6
2024-02-03,14.1,20.7,8.2,70,11.5,7.9,306,0.0,13.17
2024-02-04,16.0,20.7,12.9,85,16.2,8.0,156,7.1,9.1
2024-02-05,15.1,19.8,10.3,83,12.2,8.8,329,2.1,13.92
2024-02-06,12.2,18.7,7.5,75,15.6,9.8,308,0.0,16.33
2024-02-07,12.5,18.4,7.9,66,23.7,13.9,303,0.0,16.05
2024-02-08,13.1,19.1,8.2,64,27.4,19.8,289,0.0,16.61
2024-02-09,13.4,20.5,8.1,66,15.7,10.7,304,0.0,16.78
2024-02-10,13.1,19.7,7.2,78,11.8,7.3,5,0.0,15.33
2024-02-11,14.1,21.5,8.1,75,9.7,7.7,321,0.0,16.79
2024-02-12,14.3,21.5,7.7,75,9.7,6.7,333,0.0,14.76
2024-02-13,14.9,21.2,8.5,73,10.5,6.3,340,0.0,13.9
2024-02-14,15.8,22.7,9.6,74,13.6,8.8,307,0.0,17.04
2024-02-15,15.8,23.6,9.7,69,15.0,9.5,304,0.0,17.36
2024-02-16,15.7,24.5,8.6,64,12.8,8.8,312,0.0,17.85
2024-02-17,16.2,24.6,9.7,61,14.9,11.4,289,0.0,17.99
2024-02-18,18.6,27.1,10.0,59,15.9,9.8,152,0.0,17.4
2024-02-19,20.3,26.8,14.7,61,28.5,20.4,131,0.0,17.04
2024-02-20,20.2,27.3,15.3,66,20.0,10.1,117,0.2,16.74
2024-02-21,18.5,25.9,12.2,58,17.3,10.0,340,0.0,18.25
2024-02-22,17.4,24.0,10.9,51,16.7,10.8,323,0.0,18.19
2024-02-23,15.6,22.8,8.5,48,15.2,10.0,319,0.0,18.88
2024-02-24,16.2,23.4,9.3,45,12.1,7.1,49,0.0,16.51
2024-02-25,17.3,25.0,10.5,39,17.7,8.5,35,0.0,17.94
2024-02-26,17.6,24.6,11.1,46,12.0,7.5,357,0.0,14.2
2024-02-27,18.0,24.5,14.1,46,16.0,10.3,324,0.9,16.51
2024-02-28,17.3,24.0,11.4,57,20.7,13.2,303,0.0,19.22
2024-02-29,18.4,26.3,12.0,56,13.2,11.2,297,0.0,19.57
2024-03-01,20.0,26.5,13.9,60,16.0,7.4,100,1.7,14.26
2024-03-02,19.8,24.7,17.3,74,33.4,21.2,143,6.5,12.99
2024-03-03,17.6,22.7,13.4,70,15.4,9.4,299,10.4,19.22
2024-03-04,15.8,21.7,11.1,62,14.7,10.2,341,0.0,20.51
2024-03-05,14.7,20.9,8.9,54,15.6,11.6,308,0.0,20.52
2024-03-06,15.1,21.1,9.2,56,15.3,10.3,300,0.0,16.39
2024-03-07,17.1,24.2,10.1,56,15.1,10.0,316,0.0,19.93
2024-03-08,17.9,25.4,11.3,53,16.8,11.7,323,0.0,20.67
2024-03-09,17.9,25.2,11.8,50,17.4,11.8,301,0.0,21.11
2024-03-10,19.2,26.6,12.0,51,11.6,9.0,300,0.0,20.25
2024-03-11,22.3,29.5,14.8,47,13.8,7.8,21,0.0,20.42
2024-03-12,21.9,29.1,13.9,47,16.9,11.8,336,0.0,20.86
2024-03-13,21.4,29.4,13.9,52,18.2,8.4,319,0.2,19.58
2024-03-14,21.6,29.2,14.1,53,15.8,10.3,346,0.0,20.93
2024-03-15,20.3,27.2,14.3,43,16.9,12.5,300,0.0,22.0
2024-03-16,19.7,27.6,12.7,45,12.9,8.6,310,0.0,21.57
2024-03-17,20.5,28.8,11.8,46,11.5,9.1,301,0.0,21.21
2024-03-18,20.6,28.5,13.0,48,13.0,8.7,298,0.0,22.39
2024-03-19,21.5,29.8,13.6,45,16.3,8.7,312,0.0,22.01
2024-03-20,23.2,32.0,14.2,44,11.6,8.0,328,0.0,22.31
2024-03-21,22.7,29.2,16.9,55,18.7,12.7,115,0.0,21.61
2024-03-22,24.8,32.4,17.8,51,13.3,9.4,124,0.0,21.86
2024-03-23,25.7,33.8,18.1,46,19.6,11.1,315,0.0,22.41
2024-03-24,24.4,31.0,18.6,45,35.3,13.2,345,0.1,17.04
2024-03-25,25.0,32.8,16.6,47,21.2,11.9,307,0.0,22.4
2024-03-26,26.0,33.6,18.5,42,14.2,9.9,294,0.0,18.51
2024-03-27,28.4,36.4,21.6,41,20.4,8.7,337,0.0,20.08
2024-03-28,29.0,37.0,21.9,41,16.3,8.9,313,0.0,21.03
2024-03-29,28.2,36.5,20.9,46,19.4,8.6,79,0.0,20.21
2024-03-30,28.4,35.2,22.8,39,19.2,12.4,14,0.0,21.37
2024-03-31,27.4,34.4,20.0,36,21.4,12.1,319,0.0,22.26
2024-04-01,24.9,31.3,18.7,38,20.8,13.8,300,0.0,20.99
2024-04-02,25.3,32.9,17.1,33,21.4,12.7,313,0.0,22.85
2024-04-03,28.3,35.9,21.8,24,18.8,7.7,22,0.0,21.42
2024-04-04,29.2,36.4,20.5,26,18.0,10.9,2,0.0,22.65
2024-04-05,28.2,35.6,21.2,24,28.2,15.0,306,0.0,18.55
2024-04-06,27.3,35.0,19.6,21,21.3,12.1,315,0.0,23.91
2024-04-07,26.9,35.4,17.5,21,21.1,11.7,305,0.0,24.46
2024-04-08,28.0,36.8,19.0,20,20.0,10.0,307,0.0,24.0
2024-04-09,29.0,37.8,19.9,18,16.6,8.2,335,0.0,22.81
2024-04-10,28.9,38.6,19.8,21,13.4,8.0,47,0.0,22.85
2024-04-11,30.0,38.0,22.2,21,14.2,7.8,84,0.0,23.27
2024-04-12,30.5,38.8,21.8,21,11.3,8.0,86,0.0,23.17
2024-04-13,30.8,38.5,25.3,27,16.0,11.7,150,1.2,21.39
2024-04-14,27.5,33.8,22.8,45,15.5,10.0,5,0.5,14.43
2024-04-15,28.8,36.3,22.3,48,20.9,8.5,307,1.3,19.34
2024-04-16,29.8,35.7,23.5,36,21.6,15.3,295,0.0,23.53
2024-04-17,29.3,35.3,22.2,27,29.3,19.4,300,0.0,24.44
2024-04-18,30.9,37.8,23.7,24,17.3,11.2,293,0.0,23.13
2024-04-19,31.7,38.3,24.6,29,18.9,11.8,282,0.0,22.18
2024-04-20,30.0,36.7,22.3,28,21.1,14.8,304,0.0,22.16
2024-04-21,30.1,36.6,23.6,27,17.6,12.1,310,0.0,19.77
2024-04-22,31.1,37.0,24.5,25,25.5,13.3,311,0.0,21.86
2024-04-23,30.0,38.0,22.6,26,23.2,9.8,306,0.0,23.53
2024-04-24,29.8,36.9,21.0,28,21.9,11.8,303,0.0,24.2
2024-04-25,30.0,38.3,21.5,24,23.7,11.6,316,0.0,24.6
2024-04-26,32.2,39.2,23.4,23,32.9,10.6,248,0.0,22.78
2024-04-27,32.0,37.9,26.0,27,21.3,15.5,284,0.0,23.04
2024-04-28,30.6,37.5,22.7,28,17.0,9.8,329,0.0,22.85
2024-04-29,30.8,38.1,23.6,26,23.7,11.7,323,0.0,23.27
2024-04-30,29.7,36.2,23.3,25,19.0,12.8,304,0.0,25.05
2024-05-01,26.9,32.7,20.5,22,23.6,16.5,314,0.0,25.05
2024-05-02,27.6,35.0,19.3,26,19.5,13.3,308,0.0,24.83
2024-05-03,30.2,38.1,20.7,22,23.9,13.6,300,0.0,23.98
2024-05-04,33.0,40.6,26.5,19,16.4,11.3,301,0.0,23.07
2024-05-05,33.3,40.9,25.0,20,19.2,12.3,306,0.0,24.29
2024-05-06,33.8,40.6,26.0,22,23.6,13.5,306,0.0,23.37
2024-05-07,34.0,41.4,26.2,25,18.1,9.0,25,0.0,22.52
2024-05-08,32.7,39.7,27.0,39,21.1,13.6,111,0.0,22.05
2024-05-09,32.5,39.6,26.2,37,25.3,14.0,106,0.0,23.12
2024-05-10,32.1,39.5,26.0,43,20.9,11.3,106,1.1,22.18
2024-05-11,31.9,38.8,26.0,42,18.5,9.1,3,0.1,20.51
2024-05-12,32.3,37.8,27.5,38,15.9,10.3,20,0.1,20.92
2024-05-13,33.0,40.3,27.2,29,16.4,8.9,335,0.0,20.44
2024-05-14,32.8,40.7,24.6,21,20.5,10.5,316,0.0,23.89
2024-05-15,34.2,42.3,25.4,19,17.8,10.1,316,0.0,24.08
2024-05-16,34.5,42.7,26.5,18,18.0,9.0,339,0.0,24.07
2024-05-17,36.3,44.0,28.1,18,16.3,10.5,303,0.0,23.58
2024-05-18,37.0,44.0,27.1,19,26.6,12.5,295,0.0,23.38
2024-05-19,36.7,44.9,27.7,17,26.4,12.6,300,0.0,23.8
2024-05-20,36.4,43.6,29.1,19,28.3,11.7,304,0.0,22.98
2024-05-21,35.2,42.6,29.1,28,15.8,10.0,90,0.0,23.19
2024-05-22,35.2,41.1,29.8,36,24.4,14.8,108,0.3,21.86
2024-05-23,35.7,41.1,30.5,36,22.9,14.1,125,0.0,21.07
2024-05-24,35.6,40.9,30.4,36,20.6,12.6,112,0.0,22.2
2024-05-25,37.4,44.4,30.6,27,27.4,12.5,311,0.0,22.17
2024-05-26,38.1,46.0,29.5,17,25.9,12.4,333,0.0,24.34
2024-05-27,38.2,45.7,30.2,18,22.1,11.3,330,0.0,24.18
2024-05-28,37.3,45.8,28.9,14,19.2,9.0,317,0.0,24.91
2024-05-29,38.6,45.7,31.1,18,17.9,10.9,272,0.0,22.34
2024-05-30,39.2,45.8,33.0,16,25.2,15.8,276,0.0,24.03
2024-05-31,37.6,45.9,28.5,12,25.5,12.9,295,0.0,24.19
2024-06-01,37.4,44.0,31.3,17,26.4,15.6,283,0.0,16.6
2024-06-02,36.4,41.4,30.5,25,20.7,11.1,293,0.0,21.43
2024-06-03,36.9,44.4,29.6,25,20.2,14.3,284,0.0,23.08
2024-06-04,36.9,43.1,30.9,19,24.1,11.8,278,0.0,22.0
2024-06-05,36.6,41.7,30.2,23,25.4,16.1,289,0.0,20.7
2024-06-06,35.0,40.8,28.2,28,20.0,12.3,308,0.0,23.28
2024-06-07,35.2,42.2,28.9,30,22.4,15.0,296,0.0,23.05
2024-06-08,34.7,40.2,28.3,27,25.6,15.4,304,0.0,22.52
2024-06-09,35.1,42.2,28.3,23,19.8,13.4,310,0.0,24.13
2024-06-10,36.0,43.0,27.9,18,22.2,13.5,292,0.0,23.78
2024-06-11,36.3,43.2,28.9,19,20.0,11.3,290,0.0,23.28
2024-06-12,36.9,44.1,28.8,17,18.2,11.9,288,0.0,24.13
2024-06-13,37.6,44.9,29.6,20,28.1,18.1,282,0.0,23.67
2024-06-14,37.5,43.4,32.8,28,31.5,22.3,275,0.0,21.15
2024-06-15,37.7,43.3,32.2,27,28.3,19.4,286,0.0,22.45
2024-06-16,38.4,44.1,32.8,25,25.1,18.0,284,0.0,22.72
2024-06-17,38.9,44.0,33.7,25,26.8,19.3,280,0.0,22.38
2024-06-18,38.9,44.2,34.5,25,30.9,20.1,279,0.0,22.42
2024-06-19,37.0,41.3,33.7,35,32.1,18.7,269,0.8,18.9
2024-06-20,34.0,39.3,25.5,45,14.5,8.2,219,4.9,18.67
2024-06-21,32.5,38.3,25.4,53,28.2,9.6,331,2.1,19.31
2024-06-22,33.7,38.5,29.9,51,12.3,7.5,30,0.0,16.95
2024-06-23,34.5,39.5,30.2,51,15.5,10.2,96,0.3,21.03
2024-06-24,34.1,39.5,31.0,54,15.1,8.0,96,1.7,19.38
2024-06-25,32.9,36.6,29.8,62,15.3,8.0,122,4.0,15.2
2024-06-26,31.0,34.3,26.8,73,19.4,10.9,106,23.3,13.72
2024-06-27,28.3,30.4,25.4,84,21.7,13.5,108,11.5,8.14
2024-06-28,27.8,30.6,25.6,85,14.8,8.6,127,20.9,8.42
2024-06-29,29.3,32.9,26.5,80,11.7,7.1,196,18.9,14.79
2024-06-30,30.7,34.8,26.8,74,15.6,6.4,304,11.9,20.37
2024-07-01,30.1,34.1,25.9,79,11.8,7.1,275,11.5,16.9
2024-07-02,29.3,33.6,26.4,84,14.9,7.6,178,14.1,11.43
2024-07-03,29.3,32.9,26.0,83,16.1,8.4,149,2.5,13.37
2024-07-04,28.0,31.6,25.5,83,11.3,7.8,84,7.3,12.44
2024-07-05,27.8,30.4,26.2,85,16.2,9.6,70,0.7,11.26
2024-07-06,28.6,33.0,26.0,80,15.8,9.0,67,1.0,17.96
2024-07-07,28.6,33.5,25.6,76,14.2,6.8,67,0.1,19.6
2024-07-08,28.9,33.2,25.3,76,11.4,7.6,34,0.0,19.23
2024-07-09,29.5,32.4,26.2,80,11.4,6.5,97,4.9,19.36
2024-07-10,30.4,34.1,26.5,79,14.8,6.2,161,11.3,19.57
2024-07-11,31.2,36.4,26.8,76,21.0,9.2,230,3.9,21.61
2024-07-12,30.3,35.3,27.0,74,23.4,9.2,266,0.5,19.09
2024-07-13,29.9,34.3,25.2,77,11.7,5.5,324,12.4,21.97
2024-07-14,31.1,34.9,27.0,72,8.5,4.7,90,0.3,21.69
2024-07-15,30.2,33.2,25.5,76,21.4,11.3,90,3.0,18.42
2024-07-16,30.7,34.3,25.6,77,15.5,10.7,98,17.0,21.57
2024-07-17,31.2,34.7,28.2,75,13.7,10.6,102,0.2,21.42
2024-07-18,31.2,34.7,27.7,76,12.1,7.6,117,2.0,20.21
2024-07-19,30.5,34.4,27.3,77,12.0,7.7,113,0.9,20.47
2024-07-20,31.0,35.1,27.1,75,13.0,8.3,118,0.2,21.72
2024-07-21,31.1,34.8,27.2,78,16.3,9.7,118,1.9,20.35
2024-07-22,31.0,34.6,27.8,78,10.9,8.4,116,5.0,19.04
2024-07-23,30.4,34.8,27.0,80,14.9,5.6,102,4.3,19.98
2024-07-24,29.5,33.7,26.4,82,9.5,5.2,91,6.9,15.43
2024-07-25,30.8,34.7,27.2,76,11.1,4.7,36,0.6,20.44
2024-07-26,29.9,33.0,27.4,81,13.0,6.7,41,10.2,12.59
2024-07-27,30.5,34.0,28.0,81,16.1,5.8,83,4.5,15.63
2024-07-28,31.4,35.1,28.6,77,15.7,9.1,98,6.0,19.1
2024-07-29,31.8,35.7,28.3,73,15.8,11.9,107,0.3,19.83
2024-07-30,32.8,36.4,29.0,70,13.7,10.9,130,0.1,19.84
2024-07-31,31.0,37.1,26.5,78,17.4,7.2,199,116.0,20.27
2024-08-01,28.2,31.2,25.5,85,17.8,6.5,157,34.7,13.72
2024-08-02,28.4,32.2,25.5,83,17.6,11.1,115,3.0,16.91
2024-08-03,28.9,32.4,26.0,82,20.9,13.5,123,1.9,16.73
2024-08-04,29.7,33.5,26.9,74,25.9,17.3,91,0.1,21.03
2024-08-05,29.0,32.6,26.4,76,31.0,22.0,112,1.2,18.6
2024-08-06,29.0,31.8,26.4,76,14.7,11.3,178,0.1,14.77
2024-08-07,27.3,30.1,25.5,86,11.2,7.1,209,16.4,8.84
2024-08-08,27.6,31.5,25.5,87,12.3,7.5,133,10.8,14.96
2024-08-09,27.8,31.8,25.3,87,8.4,6.0,101,30.8,17.13
2024-08-10,27.6,31.3,24.9,87,9.8,5.6,75,16.7,15.67
2024-08-11,27.3,30.9,25.6,89,11.1,6.3,106,11.4,12.93
2024-08-12,26.7,30.0,25.6,91,13.6,7.6,79,10.9,9.98
2024-08-13,27.3,30.8,25.2,90,15.1,9.0,84,9.1,13.55
2024-08-14,28.0,30.7,25.9,89,10.8,6.8,84,7.8,12.98
2024-08-15,28.4,32.2,25.9,87,14.1,9.5,106,10.9,18.67
2024-08-16,27.8,32.3,25.5,88,15.5,10.9,113,15.0,16.88
2024-08-17,28.5,31.9,25.7,86,9.6,5.8,353,7.7,17.16
2024-08-18,29.1,32.7,26.2,83,14.7,8.7,281,2.3,18.96
2024-08-19,29.0,32.7,26.2,82,17.0,7.6,284,1.6,20.04
2024-08-20,28.2,31.6,26.4,85,12.7,5.0,231,4.3,15.71
2024-08-21,28.4,32.0,25.1,86,8.7,4.4,123,5.4,20.4
2024-08-22,28.2,32.8,24.7,86,10.7,4.9,255,7.0,20.91
2024-08-23,27.4,30.7,24.9,86,10.5,5.3,77,0.9,12.93
2024-08-24,28.3,31.5,25.3,84,16.6,6.0,50,8.8,15.82
2024-08-25,28.8,32.2,24.9,79,22.0,16.5,88,15.2,21.05
2024-08-26,28.2,31.6,26.0,83,22.7,15.4,100,3.8,19.26
2024-08-27,27.2,31.2,24.3,85,24.1,17.3,114,11.1,18.99
2024-08-28,26.8,30.3,24.2,87,16.2,10.2,120,7.9,17.06
2024-08-29,26.9,30.9,24.4,87,19.4,10.4,124,19.5,14.4
2024-08-30,27.5,31.3,25.0,88,9.1,5.7,95,7.5,16.53
2024-08-31,29.2,33.3,25.6,79,13.3,8.4,314,0.0,21.44
2024-09-01,29.6,33.5,25.9,76,13.9,8.1,327,0.1,20.92
2024-09-02,28.0,31.5,25.1,84,14.1,10.3,110,11.7,13.71
2024-09-03,27.4,31.6,25.4,87,13.4,8.6,87,17.8,16.25
2024-09-04,27.2,30.8,24.4,87,10.6,5.9,320,0.9,16.26
2024-09-05,27.5,31.6,24.8,84,12.8,3.5,282,2.9,19.82
2024-09-06,26.5,30.6,24.2,89,15.6,7.1,108,14.7,15.36
2024-09-07,26.8,30.4,24.1,88,11.8,5.0,109,23.6,13.35
2024-09-08,27.6,31.3,24.4,87,10.3,5.2,313,14.1,16.43
2024-09-09,28.4,32.7,25.2,82,13.2,6.2,321,3.4,20.12
2024-09-10,27.2,30.7,24.9,89,11.5,3.6,69,11.8,14.03
2024-09-11,27.5,31.7,25.0,89,16.6,7.3,356,26.7,15.07
2024-09-12,25.4,27.2,23.9,91,24.4,16.9,7,100.8,3.41
2024-09-13,25.4,30.0,23.3,89,22.7,13.9,286,54.7,13.41
2024-09-14,26.0,29.9,22.6,84,18.7,10.1,294,4.7,17.6
2024-09-15,26.4,31.2,22.5,79,19.8,11.2,290,0.1,20.44
2024-09-16,27.2,32.1,23.7,73,17.3,12.0,289,0.0,20.96
2024-09-17,27.6,31.5,23.9,74,11.6,7.1,303,0.0,16.07
2024-09-18,24.9,27.7,22.8,86,17.9,10.7,35,62.7,7.92
2024-09-19,26.2,29.8,22.8,85,15.7,11.3,88,3.7,16.27
2024-09-20,27.2,31.1,24.0,80,12.2,6.7,134,0.0,18.75
2024-09-21,27.9,31.6,24.8,79,9.2,4.7,188,0.2,16.21
2024-09-22,29.0,33.1,25.3,77,6.9,5.7,305,0.0,18.88
2024-09-23,28.9,33.3,25.1,78,10.7,6.7,295,0.0,20.12
2024-09-24,29.3,33.6,25.2,77,6.9,3.8,229,0.0,19.65
2024-09-25,29.0,33.0,26.4,81,16.1,10.6,119,0.4,17.94
2024-09-26,27.9,31.4,25.3,82,13.2,10.7,116,0.4,14.75
2024-09-27,27.3,30.9,24.8,80,16.0,10.5,95,0.8,17.57
2024-09-28,26.3,30.5,23.1,81,11.6,7.9,74,0.0,14.26
2024-09-29,26.4,30.7,22.6,83,10.1,6.8,59,0.3,13.82
2024-09-30,27.7,32.7,23.5,77,15.2,8.5,288,0.0,17.95
2024-10-01,28.3,33.2,24.0,76,14.9,8.6,283,0.0,19.34
2024-10-02,28.9,34.6,24.7,73,17.7,9.3,270,0.0,19.49
2024-10-03,28.6,33.9,24.5,66,18.4,10.5,284,0.0,19.57
2024-10-04,28.3,33.5,23.8,68,13.4,8.8,269,0.0,19.2
2024-10-05,28.4,33.6,24.2,66,17.8,10.0,272,0.0,17.84
2024-10-06,27.8,33.6,23.7,65,15.9,9.0,306,0.0,18.34
2024-10-07,26.7,32.4,21.9,71,9.1,6.8,318,0.0,18.52
2024-10-08,27.0,32.5,22.2,70,10.0,7.1,334,0.0,18.08
2024-10-09,26.5,32.2,20.6,65,14.8,7.3,301,0.0,18.26
2024-10-10,26.1,32.3,21.0,60,13.9,9.6,299,0.0,18.26
2024-10-11,25.0,31.7,19.1,56,13.7,9.2,282,0.0,18.47
2024-10-12,25.3,32.0,19.1,61,10.6,8.0,279,0.0,18.31
2024-10-13,26.0,32.1,19.7,57,8.7,6.4,303,0.0,17.96
2024-10-14,25.7,31.8,20.5,55,10.4,6.3,312,0.0,17.82
2024-10-15,25.2,31.9,19.4,57,13.1,9.1,284,0.0,17.71
2024-10-16,25.7,32.4,19.6,57,9.0,6.7,260,0.0,16.28
2024-10-17,26.3,32.8,20.6,63,9.2,6.1,104,0.0,16.9
2024-10-18,26.1,33.4,20.1,65,10.1,6.3,136,0.0,17.11
2024-10-19,26.8,33.7,21.0,63,9.9,5.8,178,0.0,16.98
2024-10-20,26.5,33.0,20.2,68,10.5,6.8,94,0.0,16.44
2024-10-21,25.6,32.3,20.0,70,9.1,6.5,63,0.0,16.52
2024-10-22,25.6,31.5,20.1,67,9.5,7.2,41,0.0,16.45
2024-10-23,26.1,32.1,20.1,61,17.5,10.0,312,0.0,16.22
2024-10-24,25.5,32.6,20.2,59,14.8,10.9,309,0.0,16.38
2024-10-25,25.0,32.1,19.1,61,17.9,10.4,302,0.0,16.3
2024-10-26,24.6,31.6,19.0,66,13.2,8.8,338,0.0,16.13
2024-10-27,25.2,31.1,20.4,74,8.5,6.6,114,0.0,15.78
2024-10-28,25.7,31.4,21.0,71,10.9,7.5,154,0.0,15.62
2024-10-29,26.4,32.9,20.6,70,8.9,6.6,159,0.0,15.47
2024-10-30,27.0,34.3,21.3,65,12.4,7.6,330,0.0,15.43
2024-10-31,26.1,32.8,20.8,63,18.0,11.0,295,0.0,15.26
2024-11-01,24.9,32.0,19.3,53,17.6,11.9,293,0.0,15.67
2024-11-02,24.4,31.7,17.7,54,10.7,7.1,293,0.0,15.13
2024-11-03,24.4,31.3,18.2,54,9.3,6.6,31,0.0,15.22
2024-11-04,23.7,30.4,17.5,62,9.5,6.7,297,0.0,14.91
2024-11-05,23.4,29.4,18.1,71,10.5,6.4,86,0.0,14.54
2024-11-06,23.9,30.2,18.1,67,8.9,5.6,296,0.0,14.44
2024-11-07,24.2,30.1,19.0,67,7.4,5.7,147,0.0,14.22
2024-11-08,24.6,30.3,19.0,66,8.1,5.4,146,0.0,14.14
2024-11-09,24.5,30.6,19.7,68,11.4,7.8,145,0.0,13.8
2024-11-10,24.3,30.2,19.3,69,9.6,6.5,109,0.0,13.92
2024-11-11,23.9,29.8,18.5,74,8.0,6.1,77,0.0,13.72
2024-11-12,24.9,31.2,19.0,60,15.0,7.4,260,0.0,13.91
2024-11-13,24.1,30.0,18.8,56,10.5,5.5,299,0.0,13.99
2024-11-14,24.1,30.0,19.0,55,9.6,3.3,304,0.0,13.53
2024-11-15,23.7,29.0,18.7,51,12.6,6.0,299,0.0,13.59
2024-11-16,23.3,28.8,17.6,55,10.5,5.5,298,0.0,13.36
2024-11-17,22.9,28.5,18.0,58,8.9,4.9,297,0.0,13.2
2024-11-18,20.8,26.4,15.9,60,7.8,5.4,292,0.0,13.46
2024-11-19,20.1,25.9,14.2,51,8.7,5.8,289,0.0,13.52
2024-11-20,19.8,25.9,13.6,50,8.3,5.5,288,0.0,13.56
2024-11-21,19.7,25.8,13.6,51,7.7,5.4,289,0.0,13.41
2024-11-22,20.3,26.3,14.0,54,7.0,4.6,293,0.0,13.12
2024-11-23,20.9,27.5,14.1,51,6.0,4.2,249,0.0,12.98
2024-11-24,21.4,27.7,15.7,48,10.6,7.4,271,0.0,13.0
2024-11-25,20.6,25.9,15.1,57,11.0,7.7,286,0.0,13.0
2024-11-26,19.7,25.6,13.9,56,10.4,6.5,286,0.0,12.96
2024-11-27,19.8,26.0,13.6,49,8.1,4.3,300,0.0,12.97
2024-11-28,19.4,25.5,12.8,50,6.5,3.4,333,0.0,13.02
2024-11-29,18.9,24.6,12.5,59,5.1,2.4,347,0.0,12.69
2024-11-30,18.9,24.9,12.4,60,8.0,4.3,307,0.0,12.54
2024-12-01,19.4,24.8,14.0,61,8.1,4.8,301,0.0,12.36
2024-12-02,19.5,25.8,13.3,58,7.1,4.9,300,0.0,12.52
2024-12-03,20.1,26.5,13.5,56,10.7,6.6,307,0.0,12.42
2024-12-04,20.1,25.6,15.2,50,14.2,9.8,298,0.0,12.47
2024-12-05,17.8,23.6,12.0,45,12.7,8.2,283,0.0,12.9
2024-12-06,17.5,23.5,11.3,47,12.0,7.2,287,0.0,12.62
2024-12-07,16.9,23.1,9.7,44,5.0,3.4,283,0.0,12.77
2024-12-08,16.1,22.3,11.0,56,13.1,8.2,124,1.5,11.88
2024-12-09,15.3,20.2,10.4,65,8.7,4.3,36,0.0,12.25
2024-12-10,14.5,20.1,9.8,53,13.0,8.3,304,0.0,12.66
2024-12-11,13.9,20.2,8.2,47,10.5,8.0,292,0.0,12.77
2024-12-12,14.2,20.5,7.7,52,10.1,7.5,299,0.0,12.69
2024-12-13,14.8,20.6,9.2,48,15.1,11.9,296,0.0,12.81
2024-12-14,14.6,20.7,8.6,44,12.5,9.6,287,0.0,12.66
2024-12-15,14.3,21.1,7.3,51,6.5,4.4,298,0.0,12.7
2024-12-16,14.2,21.0,7.0,67,5.9,3.4,314,0.0,12.47
2024-12-17,14.2,20.6,7.7,74,4.4,2.8,325,0.0,11.21
2024-12-18,14.0,20.9,7.6,69,7.2,4.2,279,0.0,12.18
2024-12-19,14.5,20.8,8.0,62,8.3,4.4,123,0.0,12.34
2024-12-20,16.2,23.2,10.2,62,6.5,4.1,5,0.0,12.04
2024-12-21,15.5,22.1,9.2,65,7.3,4.9,320,0.0,12.23
2024-12-22,16.3,22.5,10.5,60,7.2,3.3,134,0.0,12.27
2024-12-23,14.5,17.6,11.6,68,10.1,6.7,98,1.4,5.59
2024-12-24,14.7,18.7,11.4,77,8.9,5.3,46,0.5,8.92
2024-12-25,15.1,20.6,10.8,78,7.6,5.2,319,0.0,11.76
2024-12-26,16.1,22.6,9.9,68,4.8,3.1,350,0.0,12.08
2024-12-27,15.1,17.1,13.8,84,11.3,7.6,64,29.9,4.15
2024-12-28,14.9,18.1,12.3,89,7.8,5.4,338,4.6,5.94
2024-12-29,13.7,18.3,10.6,86,9.6,8.1,307,0.0,11.23
2024-12-30,12.7,18.1,9.6,87,11.0,7.6,290,0.0,11.02
2024-12-31,11.3,16.1,7.5,89,5.1,3.5,297,0.0,10.22
2025-01-01,11.1,16.8,7.7,89,9.4,5.8,294,0.0,11.0
2025-01-02,12.4,18.2,8.5,85,10.1,6.7,287,0.0,12.23
2025-01-03,12.8,19.6,8.6,86,6.1,4.2,286,0.0,11.18
2025-01-04,13.5,21.1,8.4,89,7.3,4.2,127,0.0,11.72
2025-01-05,12.4,18.1,9.2,90,9.1,6.4,124,0.0,11.33
2025-01-06,13.0,18.0,8.8,89,9.3,4.9,325,4.9,11.73
2025-01-07,13.0,17.5,10.2,88,13.8,9.9,295,0.0,8.92
2025-01-08,12.7,18.4,8.7,75,11.1,8.8,282,0.0,13.07
2025-01-09,12.8,18.7,8.0,77,4.9,2.7,316,0.0,13.04
2025-01-10,12.1,17.9,7.9,85,6.4,4.5,106,0.0,12.5
2025-01-11,12.2,16.8,8.0,88,14.1,6.8,103,3.9,8.96
2025-01-12,13.2,18.0,9.8,87,6.2,4.3,68,0.1,10.82
2025-01-13,13.4,19.0,9.2,86,8.6,6.8,296,0.0,13.0
2025-01-14,13.2,18.2,8.7,83,8.1,4.7,300,0.0,13.4
2025-01-15,13.0,18.4,9.1,87,6.3,3.4,115,2.9,11.87
2025-01-16,13.9,18.0,11.1,84,6.2,4.3,45,0.7,10.14
2025-01-17,13.2,18.9,9.2,81,9.3,6.8,308,0.0,13.87
2025-01-18,12.3,17.8,7.8,86,8.6,4.2,289,0.0,11.48
2025-01-19,14.6,21.3,8.9,86,5.5,3.2,324,0.0,12.18
2025-01-20,16.3,21.9,11.7,83,10.2,7.5,287,0.0,13.64
2025-01-21,16.0,21.9,11.1,78,10.0,7.4,289,0.0,14.03
2025-01-22,16.2,22.8,10.4,75,6.6,4.7,304,0.0,13.85
2025-01-23,16.3,21.9,11.7,71,11.1,7.1,306,1.6,14.29
2025-01-24,14.9,20.9,10.4,67,12.9,9.1,287,0.0,14.76
2025-01-25,14.2,20.8,9.0,63,11.6,9.1,273,0.0,15.17
2025-01-26,14.1,21.0,8.2,62,10.1,7.2,275,0.0,15.35
2025-01-27,14.4,21.5,7.8,62,9.5,7.0,277,0.0,15.42
2025-01-28,15.3,22.9,8.0,58,8.3,5.5,270,0.0,15.54
2025-01-29,16.6,24.0,10.2,63,9.7,7.2,117,0.0,15.15
2025-01-30,17.7,24.8,11.3,66,7.6,5.8,139,0.0,15.06
2025-01-31,18.8,26.3,12.1,65,8.1,4.2,147,0.0,14.59
2025-02-01,19.1,25.5,12.7,63,15.6,6.5,109,0.0,14.61
2025-02-02,17.9,23.6,13.7,70,11.3,7.1,318,0.0,15.33
2025-02-03,16.4,22.8,10.8,66,6.5,5.1,322,1.7,15.91
2025-02-04,17.6,22.9,13.0,70,8.9,3.7,100,0.7,10.86
2025-02-05,16.2,21.4,11.9,68,12.0,7.1,303,0.3,16.29
2025-02-06,15.9,21.1,11.4,51,16.8,11.9,317,0.0,16.69
2025-02-07,15.3,20.8,10.6,52,17.3,12.8,293,0.0,16.68
2025-02-08,16.7,23.3,11.1,52,12.6,10.0,292,0.0,16.42
2025-02-09,17.8,25.2,10.8,59,8.1,5.2,289,0.0,16.51
2025-02-10,19.2,27.2,11.7,59,7.1,4.4,290,0.0,16.16
2025-02-11,20.3,27.9,12.3,60,9.5,4.3,316,0.0,16.45
2025-02-12,19.2,25.3,13.6,51,16.2,10.2,303,0.0,17.27
2025-02-13,18.3,23.6,13.7,47,16.1,12.6,301,0.0,17.58
2025-02-14,18.5,24.6,12.3,42,14.1,10.1,287,0.0,17.28
2025-02-15,19.9,25.6,13.0,46,10.3,5.5,27,0.0,17.04
2025-02-16,20.4,26.6,13.5,52,8.4,4.1,3,0.0,16.12
2025-02-17,21.7,28.8,16.2,52,7.9,2.6,329,0.0,17.28
2025-02-18,20.9,26.4,16.8,53,9.6,5.5,298,0.0,12.48
2025-02-19,20.6,27.0,14.2,51,8.5,5.6,265,1.0,16.47
2025-02-20,19.0,23.7,15.1,69,16.6,11.7,91,7.1,14.55
2025-02-21,19.0,25.1,13.7,71,11.2,5.8,347,0.4,17.3
2025-02-22,18.3,23.9,13.5,66,11.9,8.3,299,0.0,17.54
2025-02-23,18.9,25.1,13.3,62,9.1,5.6,298,0.0,18.53
2025-02-24,20.1,26.9,13.3,57,10.3,5.3,309,0.0,18.8
2025-02-25,21.4,28.1,14.4,54,7.4,4.2,308,0.0,17.29
2025-02-26,23.7,30.1,17.9,55,8.9,4.7,171,0.0,16.92
2025-02-27,21.1,23.4,19.1,70,17.1,8.5,68,1.0,6.7
2025-02-28,20.0,23.4,18.2,73,12.9,9.5,97,3.3,10.39
2025-03-01,19.5,24.1,15.5,81,15.8,7.4,72,7.7,15.23
2025-03-02,19.1,24.6,15.4,67,13.2,7.4,318,0.0,19.97
2025-03-03,19.8,26.9,12.8,59,7.8,5.3,125,0.0,18.94
2025-03-04,19.8,24.4,15.6,60,17.0,10.9,294,0.0,18.39
2025-03-05,17.8,22.8,12.6,45,22.7,17.6,301,0.0,20.8
2025-03-06,19.6,26.6,12.8,41,14.2,10.1,287,0.0,20.82
2025-03-07,20.9,28.4,12.5,44,9.5,5.2,290,0.0,20.62
2025-03-08,22.4,30.1,14.6,43,12.0,6.8,289,0.0,20.88
2025-03-09,24.7,31.8,16.8,43,11.9,6.2,143,0.0,20.48
2025-03-10,25.2,31.7,19.0,46,13.5,8.5,131,0.0,20.02
2025-03-11,26.9,34.4,19.5,46,7.1,3.9,359,0.0,18.59
2025-03-12,26.4,32.9,19.8,50,12.2,7.6,298,0.0,20.13
2025-03-13,25.2,32.0,21.0,53,14.8,5.6,318,5.9,19.23
2025-03-14,25.7,33.2,19.0,51,13.6,6.0,156,0.0,20.05
2025-03-15,24.1,30.3,19.0,55,15.0,9.1,50,0.5,19.14
2025-03-16,23.7,29.9,18.0,48,12.9,7.4,323,0.1,20.52
2025-03-17,23.1,28.3,17.6,44,14.0,8.1,306,0.0,20.6
2025-03-18,23.6,29.9,17.1,43,11.8,8.0,296,0.0,22.07
2025-03-19,25.2,32.3,17.7,37,11.9,6.3,306,0.0,21.79
2025-03-20,26.2,33.0,19.1,32,13.9,6.4,322,0.0,21.35
2025-03-21,25.4,32.0,19.4,32,15.5,8.9,309,0.0,21.73
2025-03-22,25.2,31.3,18.0,33,16.1,8.2,296,0.0,20.83
2025-03-23,26.0,32.7,18.5,34,10.3,5.1,218,0.0,22.59
2025-03-24,27.2,33.9,20.0,32,8.5,4.9,176,0.0,22.54
2025-03-25,28.7,36.4,20.9,32,9.7,6.1,114,0.0,22.61
2025-03-26,30.0,37.9,21.8,29,12.2,5.3,181,0.0,22.74
2025-03-27,30.1,36.2,24.1,27,12.8,6.4,279,0.0,22.51
2025-03-28,26.1,31.0,21.8,25,15.5,12.1,293,0.0,23.75
2025-03-29,23.0,28.9,16.2,22,15.2,13.1,298,0.0,21.41
2025-03-30,24.8,31.5,17.5,22,12.6,9.9,296,0.0,23.7
2025-03-31,26.2,33.9,17.6,21,13.5,8.5,295,0.0,23.92
